{"type":"FeatureCollection","features":[{"type":"Feature","properties":{"name":"Ci Kapundung Kolot"},"geometry":{"type":"LineString","coordinates":[[107.6345605,-6.9726676],[107.6344841,-6.9727288],[107.6342094,-6.9728821],[107.6337243,-6.9732768],[107.6330771,-6.9738506],[107.6329391,-6.9740323],[107.6328619,-6.9743134],[107.6328322,-6.9745325],[107.6329343,-6.9750802],[107.633011,-6.9752831],[107.633217,-6.9754806],[107.6337948,-6.9758634],[107.6340147,-6.9760423],[107.6341312,-6.9763042],[107.6343039,-6.9767841],[107.6342932,-6.9770652],[107.6342189,-6.9773037],[107.6341215,-6.9776406],[107.6340506,-6.9779001],[107.6339451,-6.9781581],[107.6338577,-6.9783091],[107.6337396,-6.9784602],[107.633123,-6.9790016],[107.6314886,-6.9804389],[107.6306155,-6.9810314],[107.6302905,-6.9813048],[107.6300611,-6.9816133],[107.6299382,-6.9818846],[107.6298438,-6.9821069],[107.6297215,-6.9823824],[107.6296457,-6.9825732],[107.6295885,-6.9828783],[107.6296474,-6.9831682],[107.629747,-6.9835814]]}},{"type":"Feature","properties":{"name":null},"geometry":{"type":"LineString","coordinates":[[107.6226813,-6.994606],[107.6228827,-6.9945549],[107.6231544,-6.9945554],[107.6237209,-6.9947003],[107.6238178,-6.9947049],[107.6239941,-6.9946221],[107.624154,-6.9944362],[107.6243679,-6.993963],[107.6245177,-6.9932389],[107.6245192,-6.9929283],[107.6243732,-6.9927749],[107.6242188,-6.992809],[107.6239012,-6.9931327],[107.6234289,-6.9936235],[107.6232772,-6.9936954],[107.6231373,-6.9937035],[107.6228626,-6.9935842],[107.6227167,-6.9933968],[107.622659,-6.9931982],[107.6225652,-6.9930486]]}},{"type":"Feature","properties":{"name":"Ci Sangkuy"},"geometry":{"type":"LineString","coordinates":[[107.5779497,-7.0346853],[107.5781248,-7.0348367],[107.5786827,-7.0354969],[107.5789616,-7.0354969],[107.5789831,-7.0352839],[107.5789423,-7.0347281],[107.5791118,-7.0343043],[107.5797341,-7.0338571],[107.5799508,-7.0340466],[107.5799294,-7.0345151],[107.5799916,-7.0348793],[107.580292,-7.0350071],[107.5804636,-7.0347089],[107.5803134,-7.0341339],[107.5803156,-7.0336633],[107.5804873,-7.0331522],[107.5804229,-7.0328753],[107.5801632,-7.0326432],[107.5796289,-7.0324281],[107.5794766,-7.0322812],[107.5798199,-7.0320469],[107.5803349,-7.0319191],[107.5809164,-7.0320022],[107.5811503,-7.0321108],[107.5811524,-7.0323642],[107.5809593,-7.032705],[107.5809143,-7.0329626],[107.581198,-7.0330936],[107.5816009,-7.0330052],[107.5818155,-7.0326219],[107.581794,-7.0320469],[107.5818799,-7.0317275],[107.5820673,-7.0315784],[107.582402,-7.0309395],[107.5827454,-7.0309139],[107.5833204,-7.0315613],[107.5833955,-7.0316037],[107.5834586,-7.0316077],[107.5835141,-7.0315864],[107.5835645,-7.0315212],[107.5836034,-7.0314263],[107.5836021,-7.0312204],[107.5835779,-7.0311184],[107.583226,-7.0305391],[107.5831299,-7.030262],[107.5831448,-7.0301995],[107.5831756,-7.0301516],[107.5832306,-7.0301077],[107.5833322,-7.03006],[107.5837372,-7.0299647],[107.5837804,-7.0299759],[107.5838368,-7.0300025],[107.584422,-7.030382],[107.5844751,-7.0304085],[107.5845441,-7.0304219],[107.5845945,-7.0304098],[107.5846884,-7.030306],[107.5847007,-7.0302601],[107.5847045,-7.0300917],[107.5846857,-7.0299892],[107.5846755,-7.0299452],[107.5841197,-7.0289856],[107.5840661,-7.0288286],[107.5840527,-7.0286795],[107.5840768,-7.0285038],[107.5841289,-7.0283474],[107.5843474,-7.0278827],[107.5843834,-7.0278568],[107.5844201,-7.0278507],[107.5844537,-7.0278609],[107.5845006,-7.0278928],[107.5846186,-7.0280672],[107.5846709,-7.0281258],[107.5847273,-7.028171],[107.5847903,-7.0281963],[107.584848,-7.0282043],[107.584907,-7.028183],[107.5850965,-7.0280248],[107.5849829,-7.0278467],[107.5844877,-7.0270976],[107.5843336,-7.0269592],[107.584282,-7.0269412],[107.5842015,-7.0269691],[107.5841385,-7.0270037],[107.5840808,-7.0270543],[107.5840594,-7.0271062],[107.58405,-7.0271568],[107.5840642,-7.0272365],[107.5840352,-7.027431],[107.5840031,-7.0275707],[107.5839628,-7.0276346],[107.5836181,-7.0280682],[107.5835605,-7.0281324],[107.583409,-7.028211],[107.5833379,-7.0282562],[107.5832582,-7.0282792],[107.5830442,-7.0282762],[107.5830056,-7.0282551],[107.5829691,-7.0282336],[107.5828277,-7.0279713],[107.5828122,-7.0279115],[107.5828553,-7.0275386],[107.5828888,-7.0274216],[107.5829275,-7.0273325],[107.5831442,-7.026834],[107.5832038,-7.0267708],[107.5838159,-7.0261269],[107.5839635,-7.0259193],[107.5840157,-7.0258807],[107.5840788,-7.025846],[107.5841272,-7.0258321],[107.5841901,-7.0258287],[107.5842933,-7.0259179],[107.5844126,-7.0260471],[107.5845422,-7.0261066],[107.5846025,-7.0261039],[107.5847614,-7.0260443],[107.5847983,-7.0260214],[107.5848225,-7.0259732],[107.5848225,-7.0256835],[107.584716,-7.0254006],[107.5845001,-7.0252253],[107.5841807,-7.0250873],[107.5838923,-7.0250314],[107.5836389,-7.0249875],[107.5834571,-7.0249445],[107.5833915,-7.0249073],[107.5833526,-7.0248434],[107.5833573,-7.0247999],[107.5833847,-7.0247242],[107.5835007,-7.0245456],[107.583594,-7.0244149],[107.5837607,-7.0240662],[107.5837838,-7.0240052],[107.5838113,-7.023957],[107.5838797,-7.0239104],[107.5838958,-7.0238784],[107.5839011,-7.0238279],[107.5839065,-7.0237799],[107.5839132,-7.023744],[107.5839715,-7.023558],[107.5840752,-7.0231428],[107.5841399,-7.0229866],[107.584168,-7.0229574],[107.5842096,-7.0229307],[107.5842534,-7.0229258],[107.5843102,-7.0229268],[107.5843665,-7.0229534],[107.5848014,-7.0232231],[107.5848345,-7.0232249],[107.5848761,-7.023181],[107.5848997,-7.023145],[107.5849271,-7.0230545],[107.584921,-7.0230016],[107.5848392,-7.0228752],[107.584561,-7.0226392],[107.5845006,-7.022624],[107.5844201,-7.0226073],[107.5839553,-7.022565],[107.5838974,-7.0225407],[107.5837006,-7.0223587],[107.5836711,-7.0222829],[107.5836657,-7.0222176],[107.5836791,-7.0221457],[107.5837856,-7.0218468],[107.583822,-7.0217994],[107.5838475,-7.021767],[107.5839138,-7.0217119],[107.5843858,-7.021456],[107.584711,-7.0213006],[107.584793,-7.0212896],[107.5848493,-7.0213015],[107.5849116,-7.0213498],[107.5849593,-7.0213933],[107.5852919,-7.0217009],[107.5853965,-7.0218646],[107.5854396,-7.0219676],[107.5855703,-7.0223931],[107.5856043,-7.0224795],[107.5857089,-7.0226273],[107.5857414,-7.0226639],[107.5858887,-7.0226951],[107.5859403,-7.0226954],[107.5862165,-7.0226316],[107.5864458,-7.0225318],[107.5867033,-7.0224346],[107.5871742,-7.0221909],[107.5873564,-7.0221298],[107.5875495,-7.0221125],[107.5877504,-7.0221526],[107.5878126,-7.0221813],[107.5878547,-7.0222146],[107.5882643,-7.022802],[107.5885393,-7.0232572],[107.5887083,-7.0234368],[107.588764,-7.0234605],[107.588827,-7.0234725],[107.5888954,-7.0234672],[107.5894211,-7.0233527],[107.5895103,-7.0233198],[107.5896162,-7.0232625],[107.5896685,-7.0232226],[107.5897262,-7.023148],[107.5897905,-7.0230615],[107.5898455,-7.0229471],[107.5898844,-7.0228206],[107.5899099,-7.0225796],[107.5898374,-7.0218755],[107.5898388,-7.0217811],[107.5898597,-7.0216915],[107.5899193,-7.0215521],[107.5900091,-7.0213924],[107.590056,-7.0213271],[107.5901312,-7.0212566],[107.5905053,-7.0209971],[107.5906167,-7.0209092],[107.5908325,-7.0207441],[107.5910445,-7.0206044],[107.591306,-7.0203901],[107.5915849,-7.0201758],[107.5917137,-7.0200839],[107.5919443,-7.0199136],[107.5920932,-7.0198178],[107.5922609,-7.0197153],[107.5923909,-7.0196408],[107.592466,-7.0196221],[107.5925338,-7.0196218],[107.592639,-7.019634],[107.5927189,-7.019655],[107.5933513,-7.019979],[107.5936775,-7.0200785],[107.5941437,-7.0200866],[107.5945452,-7.020001],[107.594923,-7.0198257],[107.5950363,-7.0197034],[107.5953281,-7.019286],[107.5963047,-7.0181498],[107.5964043,-7.0180644],[107.5965732,-7.0179611],[107.5971992,-7.0178123],[107.5979889,-7.01771],[107.599371,-7.0175454],[107.6001347,-7.0174545],[107.6017912,-7.0171819],[107.6029413,-7.0172415],[107.603525,-7.0171307],[107.6058338,-7.0161341],[107.6073444,-7.0148477],[107.6076878,-7.0144133],[107.6086491,-7.0126158],[107.6090611,-7.0122324],[107.609413,-7.0119087],[107.6094988,-7.0116361],[107.6095932,-7.0110909],[107.6098078,-7.0107161],[107.6102627,-7.0104861],[107.6105803,-7.0102049],[107.6107691,-7.0098812],[107.6108206,-7.0095405],[107.6111467,-7.0089015],[107.6118505,-7.0083137],[107.612151,-7.0079304],[107.6122883,-7.0075896],[107.6125114,-7.0066951],[107.6127089,-7.0062862],[107.6130779,-7.005971],[107.6139277,-7.0056047],[107.614374,-7.005281],[107.6151464,-7.0045228],[107.6154297,-7.0043865],[107.6160563,-7.0041309],[107.6164511,-7.0038924],[107.6168373,-7.0033983],[107.6171892,-7.0027934],[107.6172064,-7.0024186],[107.6170691,-7.0017456],[107.6171806,-7.0014645],[107.6171806,-7.0011918],[107.6170176,-7.0009192],[107.6164425,-7.0007488],[107.6163309,-7.000587],[107.616263,-7.000512],[107.616288,-7.0003996],[107.6164597,-7.0001866],[107.6177557,-6.9995477],[107.618305,-6.9994625],[107.6184681,-6.9992921],[107.6184938,-6.999011],[107.6183308,-6.9987895],[107.6181334,-6.9985935],[107.6180904,-6.9984487],[107.6180819,-6.9982102],[107.6181763,-6.9979546],[107.618408,-6.997716],[107.6192325,-6.997304],[107.6196182,-6.9971112],[107.6201332,-6.9971367],[107.6204079,-6.9970771],[107.6206654,-6.9968641],[107.6207426,-6.9966767],[107.6208714,-6.9960804],[107.6210688,-6.9958759],[107.6211632,-6.9958589],[107.6218412,-6.9956203],[107.6220129,-6.9955181],[107.6221073,-6.9953562],[107.6221492,-6.9951499],[107.6225362,-6.9931823],[107.6225652,-6.9930486]]}},{"type":"Feature","properties":{"name":"Ci Sangkuy"},"geometry":{"type":"LineString","coordinates":[[107.5779497,-7.0346853],[107.5781248,-7.0348367],[107.5786827,-7.0354969],[107.5789616,-7.0354969],[107.5789831,-7.0352839],[107.5789423,-7.0347281],[107.5791118,-7.0343043],[107.5797341,-7.0338571],[107.5799508,-7.0340466],[107.5799294,-7.0345151],[107.5799916,-7.0348793],[107.580292,-7.0350071],[107.5804636,-7.0347089],[107.5803134,-7.0341339],[107.5803156,-7.0336633],[107.5804873,-7.0331522],[107.5804229,-7.0328753],[107.5801632,-7.0326432],[107.5796289,-7.0324281],[107.5794766,-7.0322812],[107.5798199,-7.0320469],[107.5803349,-7.0319191],[107.5809164,-7.0320022],[107.5811503,-7.0321108],[107.5811524,-7.0323642],[107.5809593,-7.032705],[107.5809143,-7.0329626],[107.581198,-7.0330936],[107.5816009,-7.0330052],[107.5818155,-7.0326219],[107.581794,-7.0320469],[107.5818799,-7.0317275],[107.5820673,-7.0315784],[107.582402,-7.0309395],[107.5827454,-7.0309139],[107.5833204,-7.0315613],[107.5833955,-7.0316037],[107.5834586,-7.0316077],[107.5835141,-7.0315864],[107.5835645,-7.0315212],[107.5836034,-7.0314263],[107.5836021,-7.0312204],[107.5835779,-7.0311184],[107.583226,-7.0305391],[107.5831299,-7.030262],[107.5831448,-7.0301995],[107.5831756,-7.0301516],[107.5832306,-7.0301077],[107.5833322,-7.03006],[107.5837372,-7.0299647],[107.5837804,-7.0299759],[107.5838368,-7.0300025],[107.584422,-7.030382],[107.5844751,-7.0304085],[107.5845441,-7.0304219],[107.5845945,-7.0304098],[107.5846884,-7.030306],[107.5847007,-7.0302601],[107.5847045,-7.0300917],[107.5846857,-7.0299892],[107.5846755,-7.0299452],[107.5841197,-7.0289856],[107.5840661,-7.0288286],[107.5840527,-7.0286795],[107.5840768,-7.0285038],[107.5841289,-7.0283474],[107.5843474,-7.0278827],[107.5843834,-7.0278568],[107.5844201,-7.0278507],[107.5844537,-7.0278609],[107.5845006,-7.0278928],[107.5846186,-7.0280672],[107.5846709,-7.0281258],[107.5847273,-7.028171],[107.5847903,-7.0281963],[107.584848,-7.0282043],[107.584907,-7.028183],[107.5850965,-7.0280248],[107.5849829,-7.0278467],[107.5844877,-7.0270976],[107.5843336,-7.0269592],[107.584282,-7.0269412],[107.5842015,-7.0269691],[107.5841385,-7.0270037],[107.5840808,-7.0270543],[107.5840594,-7.0271062],[107.58405,-7.0271568],[107.5840642,-7.0272365],[107.5840352,-7.027431],[107.5840031,-7.0275707],[107.5839628,-7.0276346],[107.5836181,-7.0280682],[107.5835605,-7.0281324],[107.583409,-7.028211],[107.5833379,-7.0282562],[107.5832582,-7.0282792],[107.5830442,-7.0282762],[107.5830056,-7.0282551],[107.5829691,-7.0282336],[107.5828277,-7.0279713],[107.5828122,-7.0279115],[107.5828553,-7.0275386],[107.5828888,-7.0274216],[107.5829275,-7.0273325],[107.5831442,-7.026834],[107.5832038,-7.0267708],[107.5838159,-7.0261269],[107.5839635,-7.0259193],[107.5840157,-7.0258807],[107.5840788,-7.025846],[107.5841272,-7.0258321],[107.5841901,-7.0258287],[107.5842933,-7.0259179],[107.5844126,-7.0260471],[107.5845422,-7.0261066],[107.5846025,-7.0261039],[107.5847614,-7.0260443],[107.5847983,-7.0260214],[107.5848225,-7.0259732],[107.5848225,-7.0256835],[107.584716,-7.0254006],[107.5845001,-7.0252253],[107.5841807,-7.0250873],[107.5838923,-7.0250314],[107.5836389,-7.0249875],[107.5834571,-7.0249445],[107.5833915,-7.0249073],[107.5833526,-7.0248434],[107.5833573,-7.0247999],[107.5833847,-7.0247242],[107.5835007,-7.0245456],[107.583594,-7.0244149],[107.5837607,-7.0240662],[107.5837838,-7.0240052],[107.5838113,-7.023957],[107.5838797,-7.0239104],[107.5838958,-7.0238784],[107.5839011,-7.0238279],[107.5839065,-7.0237799],[107.5839132,-7.023744],[107.5839715,-7.023558],[107.5840752,-7.0231428],[107.5841399,-7.0229866],[107.584168,-7.0229574],[107.5842096,-7.0229307],[107.5842534,-7.0229258],[107.5843102,-7.0229268],[107.5843665,-7.0229534],[107.5848014,-7.0232231],[107.5848345,-7.0232249],[107.5848761,-7.023181],[107.5848997,-7.023145],[107.5849271,-7.0230545],[107.584921,-7.0230016],[107.5848392,-7.0228752],[107.584561,-7.0226392],[107.5845006,-7.022624],[107.5844201,-7.0226073],[107.5839553,-7.022565],[107.5838974,-7.0225407],[107.5837006,-7.0223587],[107.5836711,-7.0222829],[107.5836657,-7.0222176],[107.5836791,-7.0221457],[107.5837856,-7.0218468],[107.583822,-7.0217994],[107.5838475,-7.021767],[107.5839138,-7.0217119],[107.5843858,-7.021456],[107.584711,-7.0213006],[107.584793,-7.0212896],[107.5848493,-7.0213015],[107.5849116,-7.0213498],[107.5849593,-7.0213933],[107.5852919,-7.0217009],[107.5853965,-7.0218646],[107.5854396,-7.0219676],[107.5855703,-7.0223931],[107.5856043,-7.0224795],[107.5857089,-7.0226273],[107.5857414,-7.0226639],[107.5858887,-7.0226951],[107.5859403,-7.0226954],[107.5862165,-7.0226316],[107.5864458,-7.0225318],[107.5867033,-7.0224346],[107.5871742,-7.0221909],[107.5873564,-7.0221298],[107.5875495,-7.0221125],[107.5877504,-7.0221526],[107.5878126,-7.0221813],[107.5878547,-7.0222146],[107.5882643,-7.022802],[107.5885393,-7.0232572],[107.5887083,-7.0234368],[107.588764,-7.0234605],[107.588827,-7.0234725],[107.5888954,-7.0234672],[107.5894211,-7.0233527],[107.5895103,-7.0233198],[107.5896162,-7.0232625],[107.5896685,-7.0232226],[107.5897262,-7.023148],[107.5897905,-7.0230615],[107.5898455,-7.0229471],[107.5898844,-7.0228206],[107.5899099,-7.0225796],[107.5898374,-7.0218755],[107.5898388,-7.0217811],[107.5898597,-7.0216915],[107.5899193,-7.0215521],[107.5900091,-7.0213924],[107.590056,-7.0213271],[107.5901312,-7.0212566],[107.5905053,-7.0209971],[107.5906167,-7.0209092],[107.5908325,-7.0207441],[107.5910445,-7.0206044],[107.591306,-7.0203901],[107.5915849,-7.0201758],[107.5917137,-7.0200839],[107.5919443,-7.0199136],[107.5920932,-7.0198178],[107.5922609,-7.0197153],[107.5923909,-7.0196408],[107.592466,-7.0196221],[107.5925338,-7.0196218],[107.592639,-7.019634],[107.5927189,-7.019655],[107.5933513,-7.019979],[107.5936775,-7.0200785],[107.5941437,-7.0200866],[107.5945452,-7.020001],[107.594923,-7.0198257],[107.5950363,-7.0197034],[107.5953281,-7.019286],[107.5963047,-7.0181498],[107.5964043,-7.0180644],[107.5965732,-7.0179611],[107.5971992,-7.0178123],[107.5979889,-7.01771],[107.599371,-7.0175454],[107.6001347,-7.0174545],[107.6017912,-7.0171819],[107.6029413,-7.0172415],[107.603525,-7.0171307],[107.6058338,-7.0161341],[107.6073444,-7.0148477],[107.6076878,-7.0144133],[107.6086491,-7.0126158],[107.6090611,-7.0122324],[107.609413,-7.0119087],[107.6094988,-7.0116361],[107.6095932,-7.0110909],[107.6098078,-7.0107161],[107.6102627,-7.0104861],[107.6105803,-7.0102049],[107.6107691,-7.0098812],[107.6108206,-7.0095405],[107.6111467,-7.0089015],[107.6118505,-7.0083137],[107.612151,-7.0079304],[107.6122883,-7.0075896],[107.6125114,-7.0066951],[107.6127089,-7.0062862],[107.6130779,-7.005971],[107.6139277,-7.0056047],[107.614374,-7.005281],[107.6151464,-7.0045228],[107.6154297,-7.0043865],[107.6160563,-7.0041309],[107.6164511,-7.0038924],[107.6168373,-7.0033983],[107.6171892,-7.0027934],[107.6172064,-7.0024186],[107.6170691,-7.0017456],[107.6171806,-7.0014645],[107.6171806,-7.0011918],[107.6170176,-7.0009192],[107.6164425,-7.0007488],[107.6163309,-7.000587],[107.616263,-7.000512],[107.616288,-7.0003996],[107.6164597,-7.0001866],[107.6177557,-6.9995477],[107.618305,-6.9994625],[107.6184681,-6.9992921],[107.6184938,-6.999011],[107.6183308,-6.9987895],[107.6181334,-6.9985935],[107.6180904,-6.9984487],[107.6180819,-6.9982102],[107.6181763,-6.9979546],[107.618408,-6.997716],[107.6192325,-6.997304],[107.6196182,-6.9971112],[107.6201332,-6.9971367],[107.6204079,-6.9970771],[107.6206654,-6.9968641],[107.6207426,-6.9966767],[107.6208714,-6.9960804],[107.6210688,-6.9958759],[107.6211632,-6.9958589],[107.6218412,-6.9956203],[107.6220129,-6.9955181],[107.6221073,-6.9953562],[107.6221492,-6.9951499],[107.6225362,-6.9931823],[107.6225652,-6.9930486]]}},{"type":"Feature","properties":{"name":"Ci Tarum"},"geometry":{"type":"LineString","coordinates":[[107.6167834,-6.9763032],[107.6161507,-6.9756404],[107.6156598,-6.975502],[107.6152816,-6.9755579],[107.6148015,-6.9757629],[107.6127738,-6.9781057],[107.6124573,-6.9783347],[107.6118135,-6.9784838],[107.6100916,-6.9784518],[107.6094693,-6.9785956],[107.6089543,-6.9791281],[107.6086754,-6.9798256],[107.6079994,-6.9805497],[107.6075703,-6.9808213],[107.6069695,-6.9809651],[107.6063901,-6.9808905],[107.6050866,-6.9801344],[107.6043194,-6.9800013],[107.6036704,-6.9801717],[107.6016211,-6.9818436],[107.6000869,-6.9829086],[107.5998635,-6.9830335],[107.5977909,-6.9841918],[107.5964552,-6.9845485],[107.5937998,-6.9844953],[107.5931829,-6.9846604],[107.5922012,-6.9850491],[107.5918311,-6.9853792],[107.5899053,-6.9862045],[107.5894815,-6.9861992],[107.5891381,-6.9860181],[107.5880706,-6.9848627],[107.5875825,-6.9846817],[107.5871211,-6.9847189],[107.5867671,-6.9849958],[107.586351,-6.9857422],[107.5858946,-6.9865611],[107.5857076,-6.9867769],[107.5854957,-6.9869073],[107.5851986,-6.9869859],[107.5847205,-6.9871123],[107.5843799,-6.9870511],[107.5840753,-6.9869711],[107.5837925,-6.9867822],[107.5834993,-6.9865033],[107.5830759,-6.9860022],[107.5830165,-6.985957],[107.5827679,-6.9857679],[107.5819981,-6.985688],[107.5817036,-6.9857722],[107.5814161,-6.9859356],[107.581255,-6.9861022],[107.5809989,-6.9863672],[107.5809311,-6.9864824],[107.5807067,-6.986864],[107.5806362,-6.9873733],[107.5806972,-6.9876548],[107.5807481,-6.9878898],[107.5808623,-6.988133],[107.5809734,-6.9883697],[107.5812402,-6.98887],[107.5824061,-6.9910563],[107.5824201,-6.9916745],[107.5822871,-6.9921652],[107.5821819,-6.9923196],[107.5817935,-6.9928894],[107.5811813,-6.9932727],[107.580034,-6.9935602],[107.5797014,-6.993933],[107.5788002,-6.9954877],[107.578422,-6.9957612],[107.5779719,-6.9958692],[107.5778973,-6.9958653],[107.5775888,-6.9958514],[107.5775316,-6.995846],[107.5770194,-6.995703],[107.5763376,-6.9952546],[107.5762075,-6.9950982],[107.5759978,-6.9948461],[107.5759354,-6.9945665],[107.5758819,-6.994327],[107.5757999,-6.9938083],[107.5756744,-6.9930141],[107.5756069,-6.992587],[107.5755386,-6.9921546],[107.5754441,-6.9918859],[107.575353,-6.9916267],[107.5751879,-6.9913736],[107.5750236,-6.9911216],[107.5745904,-6.9907362],[107.57422,-6.9905854],[107.573779,-6.9904059],[107.5725667,-6.9902271],[107.5713329,-6.9903229],[107.5710514,-6.9905034],[107.5708179,-6.9906531],[107.5705325,-6.9911902],[107.5703029,-6.9916221],[107.5702385,-6.9918991],[107.570142,-6.9923143],[107.5699328,-6.9924352],[107.5694232,-6.9927296],[107.5690813,-6.9927206],[107.5682126,-6.9926978],[107.5678031,-6.992687],[107.5674169,-6.9924847],[107.566895,-6.9915712],[107.5665635,-6.990991],[107.5664191,-6.9907383],[107.566069,-6.9904037],[107.5658397,-6.9901845],[107.5655558,-6.9902152],[107.5652497,-6.9902484],[107.5645416,-6.9905146],[107.5644293,-6.9905685],[107.5613873,-6.9920268],[107.5607543,-6.9920481],[107.5603932,-6.9919021],[107.5601642,-6.9915955],[107.5601385,-6.9914685],[107.5599566,-6.9905691],[107.5599012,-6.990038],[107.5599415,-6.9895358],[107.5600845,-6.9892745],[107.5604758,-6.9890028],[107.5612444,-6.9885611],[107.5615375,-6.9881612],[107.5617091,-6.9867022],[107.5621705,-6.9863828],[107.5628464,-6.9860846],[107.5630506,-6.9856765],[107.56197,-6.9835925],[107.5614872,-6.9833196],[107.560995,-6.98333],[107.5595097,-6.9841784],[107.5585334,-6.9842316],[107.5577717,-6.9837631],[107.5570332,-6.9820956],[107.5559526,-6.9801328],[107.5556688,-6.9797483],[107.553264,-6.9786591],[107.5514738,-6.9780263],[107.550637,-6.9771711],[107.5496929,-6.9751797],[107.5490491,-6.9744449],[107.5488591,-6.9743409],[107.54759,-6.9736462],[107.5470428,-6.9730392],[107.5467424,-6.9719636],[107.5465398,-6.9718035],[107.5462979,-6.9716602],[107.5460236,-6.9715482],[107.5456139,-6.9714472],[107.5453101,-6.9714018],[107.5442111,-6.9715244],[107.5435683,-6.9715056],[107.5426547,-6.9713459],[107.5420439,-6.9710345],[107.5415926,-6.9706324],[107.540871,-6.9697014],[107.5402783,-6.9679061],[107.5392773,-6.9651701],[107.5386321,-6.9642347],[107.5382345,-6.9637527],[107.5341472,-6.9606482],[107.5332348,-6.9599508],[107.5321834,-6.958939],[107.5313036,-6.9580551],[107.5312285,-6.9573309],[107.5315933,-6.956628],[107.5323121,-6.9561275],[107.5332348,-6.9559251],[107.5335889,-6.9551157],[107.5338785,-6.9531562],[107.5343828,-6.9512711],[107.5345162,-6.9491518],[107.5347243,-6.9476562],[107.5349298,-6.9469039],[107.5351662,-6.9464699],[107.5354557,-6.9461271],[107.5355847,-6.9456208],[107.5355601,-6.9449887],[107.5356013,-6.9443195],[107.5358713,-6.9433374],[107.5359026,-6.9426845],[107.5357781,-6.9413346],[107.5355637,-6.9402564],[107.5352869,-6.9396731],[107.5348824,-6.9391221],[107.5346625,-6.938957],[107.5343165,-6.9387813],[107.5338364,-6.9386402],[107.5334609,-6.9385683],[107.5333711,-6.9386148],[107.5333187,-6.9386748],[107.5331873,-6.9389837],[107.5330129,-6.9393298],[107.5328892,-6.9395236],[107.5328235,-6.9397367],[107.5326613,-6.9398436],[107.5325319,-6.9399097],[107.5323543,-6.9398886],[107.5322565,-6.9399083],[107.5321368,-6.939927],[107.5320252,-6.9399165],[107.5319401,-6.9398943],[107.5318649,-6.9398676],[107.531775,-6.9398636],[107.5317054,-6.9398676],[107.531594,-6.9398184],[107.5315391,-6.9396905],[107.5315243,-6.9395854],[107.5314907,-6.9394749],[107.5314217,-6.9393652],[107.5313344,-6.9393059],[107.5312076,-6.9392782],[107.53104,-6.9391515],[107.5307183,-6.938914],[107.5304073,-6.9387468],[107.5301278,-6.9386414],[107.5298448,-6.93854],[107.5296782,-6.9383972],[107.5293919,-6.9380278],[107.5292096,-6.9379373],[107.5284666,-6.9376364],[107.5277182,-6.9373675],[107.527334,-6.9372555],[107.5270128,-6.9371891],[107.5264335,-6.9371305],[107.5257518,-6.9369434],[107.5255215,-6.9368802],[107.5245452,-6.9364968],[107.5235313,-6.9361294],[107.522909,-6.9358365],[107.5222546,-6.9355117],[107.5220749,-6.9354664],[107.5218657,-6.9354691],[107.5216806,-6.9354957],[107.5215009,-6.9355463],[107.5210798,-6.9358099],[107.5205862,-6.9360921],[107.5198567,-6.9364649],[107.5187446,-6.9368459],[107.5184505,-6.9369467],[107.5173354,-6.9372796],[107.5156402,-6.9377589],[107.5141919,-6.9377695],[107.5119051,-6.9377792],[107.5113809,-6.9376417],[107.5108659,-6.9373542],[107.5087731,-6.9355728],[107.5081622,-6.9348939],[107.5073147,-6.9339514],[107.506628,-6.9333124],[107.506215,-6.9330035],[107.5052976,-6.9326893],[107.5042348,-6.9324842],[107.5015425,-6.9323059],[107.4992388,-6.931937],[107.4979806,-6.9311343],[107.4971387,-6.9302824],[107.4962854,-6.928706],[107.495099,-6.9269599],[107.4922943,-6.9246056],[107.4913233,-6.9235725],[107.4911088,-6.923434],[107.4904972,-6.9233169],[107.4895102,-6.9233009],[107.4888289,-6.9234394],[107.4878411,-6.923623],[107.4869299,-6.9239133],[107.4852404,-6.9244977],[107.4835825,-6.9244671],[107.4824338,-6.9239638],[107.4813938,-6.9224222],[107.48084,-6.9208847],[107.4809432,-6.9199726],[107.4813509,-6.9189395],[107.4815869,-6.9179809],[107.4816835,-6.917459],[107.4816613,-6.916977],[107.4811578,-6.9165217],[107.4804604,-6.9162661],[107.4799347,-6.9163087],[107.479012,-6.9165537],[107.4781859,-6.91682],[107.4773919,-6.9167561],[107.4770808,-6.9164791],[107.4767804,-6.9161809],[107.4764585,-6.9152969],[107.4763083,-6.9149454],[107.4759757,-6.9146365],[107.4751067,-6.914562],[107.4744515,-6.9146764],[107.4735296,-6.9149667],[107.4727893,-6.915478],[107.4721062,-6.9158619],[107.4716213,-6.9159637],[107.471239,-6.9159267],[107.470465,-6.9155656],[107.4695884,-6.9143437],[107.4689356,-6.9118442],[107.4680218,-6.9107888],[107.4672417,-6.9105865],[107.4656159,-6.9106037],[107.4647766,-6.9109185],[107.4637509,-6.9110851],[107.4618858,-6.9107148],[107.4590323,-6.9094188],[107.4558431,-6.9088078],[107.4539781,-6.9085856],[107.4524861,-6.9083079],[107.4506211,-6.9077154],[107.4479354,-6.9063823],[107.4434034,-6.9044753],[107.4374807,-6.9027821],[107.4367719,-6.9027473],[107.4355388,-6.9029844],[107.4349392,-6.9032023],[107.4273312,-6.9059667],[107.4265235,-6.9063958],[107.4259472,-6.9067016],[107.4217844,-6.9102803],[107.4207215,-6.9108421],[107.4200678,-6.9108981],[107.4189734,-6.9106851],[107.4132871,-6.9090874],[107.4120064,-6.909292],[107.4107122,-6.9098117],[107.4044359,-6.9176401],[107.4013238,-6.9209816],[107.399683,-6.9212719],[107.3977833,-6.9211734],[107.3956635,-6.9206162],[107.3937821,-6.9201217],[107.3915289,-6.9201008],[107.3902201,-6.9207607],[107.3858032,-6.9234441],[107.3826449,-6.9249266],[107.3797703,-6.9262564],[107.3772375,-6.9268394],[107.3758092,-6.9266226],[107.3749101,-6.9265546],[107.3711871,-6.9262564]]}},{"type":"Feature","properties":{"name":"Ci Tarum"},"geometry":{"type":"LineString","coordinates":[[107.6167834,-6.9763032],[107.6161507,-6.9756404],[107.6156598,-6.975502],[107.6152816,-6.9755579],[107.6148015,-6.9757629],[107.6127738,-6.9781057],[107.6124573,-6.9783347],[107.6118135,-6.9784838],[107.6100916,-6.9784518],[107.6094693,-6.9785956],[107.6089543,-6.9791281],[107.6086754,-6.9798256],[107.6079994,-6.9805497],[107.6075703,-6.9808213],[107.6069695,-6.9809651],[107.6063901,-6.9808905],[107.6050866,-6.9801344],[107.6043194,-6.9800013],[107.6036704,-6.9801717],[107.6016211,-6.9818436],[107.6000869,-6.9829086],[107.5998635,-6.9830335],[107.5977909,-6.9841918],[107.5964552,-6.9845485],[107.5937998,-6.9844953],[107.5931829,-6.9846604],[107.5922012,-6.9850491],[107.5918311,-6.9853792],[107.5899053,-6.9862045],[107.5894815,-6.9861992],[107.5891381,-6.9860181],[107.5880706,-6.9848627],[107.5875825,-6.9846817],[107.5871211,-6.9847189],[107.5867671,-6.9849958],[107.586351,-6.9857422],[107.5858946,-6.9865611],[107.5857076,-6.9867769],[107.5854957,-6.9869073],[107.5851986,-6.9869859],[107.5847205,-6.9871123],[107.5843799,-6.9870511],[107.5840753,-6.9869711],[107.5837925,-6.9867822],[107.5834993,-6.9865033],[107.5830759,-6.9860022],[107.5830165,-6.985957],[107.5827679,-6.9857679],[107.5819981,-6.985688],[107.5817036,-6.9857722],[107.5814161,-6.9859356],[107.581255,-6.9861022],[107.5809989,-6.9863672],[107.5809311,-6.9864824],[107.5807067,-6.986864],[107.5806362,-6.9873733],[107.5806972,-6.9876548],[107.5807481,-6.9878898],[107.5808623,-6.988133],[107.5809734,-6.9883697],[107.5812402,-6.98887],[107.5824061,-6.9910563],[107.5824201,-6.9916745],[107.5822871,-6.9921652],[107.5821819,-6.9923196],[107.5817935,-6.9928894],[107.5811813,-6.9932727],[107.580034,-6.9935602],[107.5797014,-6.993933],[107.5788002,-6.9954877],[107.578422,-6.9957612],[107.5779719,-6.9958692],[107.5778973,-6.9958653],[107.5775888,-6.9958514],[107.5775316,-6.995846],[107.5770194,-6.995703],[107.5763376,-6.9952546],[107.5762075,-6.9950982],[107.5759978,-6.9948461],[107.5759354,-6.9945665],[107.5758819,-6.994327],[107.5757999,-6.9938083],[107.5756744,-6.9930141],[107.5756069,-6.992587],[107.5755386,-6.9921546],[107.5754441,-6.9918859],[107.575353,-6.9916267],[107.5751879,-6.9913736],[107.5750236,-6.9911216],[107.5745904,-6.9907362],[107.57422,-6.9905854],[107.573779,-6.9904059],[107.5725667,-6.9902271],[107.5713329,-6.9903229],[107.5710514,-6.9905034],[107.5708179,-6.9906531],[107.5705325,-6.9911902],[107.5703029,-6.9916221],[107.5702385,-6.9918991],[107.570142,-6.9923143],[107.5699328,-6.9924352],[107.5694232,-6.9927296],[107.5690813,-6.9927206],[107.5682126,-6.9926978],[107.5678031,-6.992687],[107.5674169,-6.9924847],[107.566895,-6.9915712],[107.5665635,-6.990991],[107.5664191,-6.9907383],[107.566069,-6.9904037],[107.5658397,-6.9901845],[107.5655558,-6.9902152],[107.5652497,-6.9902484],[107.5645416,-6.9905146],[107.5644293,-6.9905685],[107.5613873,-6.9920268],[107.5607543,-6.9920481],[107.5603932,-6.9919021],[107.5601642,-6.9915955],[107.5601385,-6.9914685],[107.5599566,-6.9905691],[107.5599012,-6.990038],[107.5599415,-6.9895358],[107.5600845,-6.9892745],[107.5604758,-6.9890028],[107.5612444,-6.9885611],[107.5615375,-6.9881612],[107.5617091,-6.9867022],[107.5621705,-6.9863828],[107.5628464,-6.9860846],[107.5630506,-6.9856765],[107.56197,-6.9835925],[107.5614872,-6.9833196],[107.560995,-6.98333],[107.5595097,-6.9841784],[107.5585334,-6.9842316],[107.5577717,-6.9837631],[107.5570332,-6.9820956],[107.5559526,-6.9801328],[107.5556688,-6.9797483],[107.553264,-6.9786591],[107.5514738,-6.9780263],[107.550637,-6.9771711],[107.5496929,-6.9751797],[107.5490491,-6.9744449],[107.5488591,-6.9743409],[107.54759,-6.9736462],[107.5470428,-6.9730392],[107.5467424,-6.9719636],[107.5465398,-6.9718035],[107.5462979,-6.9716602],[107.5460236,-6.9715482],[107.5456139,-6.9714472],[107.5453101,-6.9714018],[107.5442111,-6.9715244],[107.5435683,-6.9715056],[107.5426547,-6.9713459],[107.5420439,-6.9710345],[107.5415926,-6.9706324],[107.540871,-6.9697014],[107.5402783,-6.9679061],[107.5392773,-6.9651701],[107.5386321,-6.9642347],[107.5382345,-6.9637527],[107.5341472,-6.9606482],[107.5332348,-6.9599508],[107.5321834,-6.958939],[107.5313036,-6.9580551],[107.5312285,-6.9573309],[107.5315933,-6.956628],[107.5323121,-6.9561275],[107.5332348,-6.9559251],[107.5335889,-6.9551157],[107.5338785,-6.9531562],[107.5343828,-6.9512711],[107.5345162,-6.9491518],[107.5347243,-6.9476562],[107.5349298,-6.9469039],[107.5351662,-6.9464699],[107.5354557,-6.9461271],[107.5355847,-6.9456208],[107.5355601,-6.9449887],[107.5356013,-6.9443195],[107.5358713,-6.9433374],[107.5359026,-6.9426845],[107.5357781,-6.9413346],[107.5355637,-6.9402564],[107.5352869,-6.9396731],[107.5348824,-6.9391221],[107.5346625,-6.938957],[107.5343165,-6.9387813],[107.5338364,-6.9386402],[107.5334609,-6.9385683],[107.5333711,-6.9386148],[107.5333187,-6.9386748],[107.5331873,-6.9389837],[107.5330129,-6.9393298],[107.5328892,-6.9395236],[107.5328235,-6.9397367],[107.5326613,-6.9398436],[107.5325319,-6.9399097],[107.5323543,-6.9398886],[107.5322565,-6.9399083],[107.5321368,-6.939927],[107.5320252,-6.9399165],[107.5319401,-6.9398943],[107.5318649,-6.9398676],[107.531775,-6.9398636],[107.5317054,-6.9398676],[107.531594,-6.9398184],[107.5315391,-6.9396905],[107.5315243,-6.9395854],[107.5314907,-6.9394749],[107.5314217,-6.9393652],[107.5313344,-6.9393059],[107.5312076,-6.9392782],[107.53104,-6.9391515],[107.5307183,-6.938914],[107.5304073,-6.9387468],[107.5301278,-6.9386414],[107.5298448,-6.93854],[107.5296782,-6.9383972],[107.5293919,-6.9380278],[107.5292096,-6.9379373],[107.5284666,-6.9376364],[107.5277182,-6.9373675],[107.527334,-6.9372555],[107.5270128,-6.9371891],[107.5264335,-6.9371305],[107.5257518,-6.9369434],[107.5255215,-6.9368802],[107.5245452,-6.9364968],[107.5235313,-6.9361294],[107.522909,-6.9358365],[107.5222546,-6.9355117],[107.5220749,-6.9354664],[107.5218657,-6.9354691],[107.5216806,-6.9354957],[107.5215009,-6.9355463],[107.5210798,-6.9358099],[107.5205862,-6.9360921],[107.5198567,-6.9364649],[107.5187446,-6.9368459],[107.5184505,-6.9369467],[107.5173354,-6.9372796],[107.5156402,-6.9377589],[107.5141919,-6.9377695],[107.5119051,-6.9377792],[107.5113809,-6.9376417],[107.5108659,-6.9373542],[107.5087731,-6.9355728],[107.5081622,-6.9348939],[107.5073147,-6.9339514],[107.506628,-6.9333124],[107.506215,-6.9330035],[107.5052976,-6.9326893],[107.5042348,-6.9324842],[107.5015425,-6.9323059],[107.4992388,-6.931937],[107.4979806,-6.9311343],[107.4971387,-6.9302824],[107.4962854,-6.928706],[107.495099,-6.9269599],[107.4922943,-6.9246056],[107.4913233,-6.9235725],[107.4911088,-6.923434],[107.4904972,-6.9233169],[107.4895102,-6.9233009],[107.4888289,-6.9234394],[107.4878411,-6.923623],[107.4869299,-6.9239133],[107.4852404,-6.9244977],[107.4835825,-6.9244671],[107.4824338,-6.9239638],[107.4813938,-6.9224222],[107.48084,-6.9208847],[107.4809432,-6.9199726],[107.4813509,-6.9189395],[107.4815869,-6.9179809],[107.4816835,-6.917459],[107.4816613,-6.916977],[107.4811578,-6.9165217],[107.4804604,-6.9162661],[107.4799347,-6.9163087],[107.479012,-6.9165537],[107.4781859,-6.91682],[107.4773919,-6.9167561],[107.4770808,-6.9164791],[107.4767804,-6.9161809],[107.4764585,-6.9152969],[107.4763083,-6.9149454],[107.4759757,-6.9146365],[107.4751067,-6.914562],[107.4744515,-6.9146764],[107.4735296,-6.9149667],[107.4727893,-6.915478],[107.4721062,-6.9158619],[107.4716213,-6.9159637],[107.471239,-6.9159267],[107.470465,-6.9155656],[107.4695884,-6.9143437],[107.4689356,-6.9118442],[107.4680218,-6.9107888],[107.4672417,-6.9105865],[107.4656159,-6.9106037],[107.4647766,-6.9109185],[107.4637509,-6.9110851],[107.4618858,-6.9107148],[107.4590323,-6.9094188],[107.4558431,-6.9088078],[107.4539781,-6.9085856],[107.4524861,-6.9083079],[107.4506211,-6.9077154],[107.4479354,-6.9063823],[107.4434034,-6.9044753],[107.4374807,-6.9027821],[107.4367719,-6.9027473],[107.4355388,-6.9029844],[107.4349392,-6.9032023],[107.4273312,-6.9059667],[107.4265235,-6.9063958],[107.4259472,-6.9067016],[107.4217844,-6.9102803],[107.4207215,-6.9108421],[107.4200678,-6.9108981],[107.4189734,-6.9106851],[107.4132871,-6.9090874],[107.4120064,-6.909292],[107.4107122,-6.9098117],[107.4044359,-6.9176401],[107.4013238,-6.9209816],[107.399683,-6.9212719],[107.3977833,-6.9211734],[107.3956635,-6.9206162],[107.3937821,-6.9201217],[107.3915289,-6.9201008],[107.3902201,-6.9207607],[107.3858032,-6.9234441],[107.3826449,-6.9249266],[107.3797703,-6.9262564],[107.3772375,-6.9268394],[107.3758092,-6.9266226],[107.3749101,-6.9265546],[107.3711871,-6.9262564]]}},{"type":"Feature","properties":{"name":"Ci Tarum"},"geometry":{"type":"LineString","coordinates":[[107.6167834,-6.9763032],[107.6161507,-6.9756404],[107.6156598,-6.975502],[107.6152816,-6.9755579],[107.6148015,-6.9757629],[107.6127738,-6.9781057],[107.6124573,-6.9783347],[107.6118135,-6.9784838],[107.6100916,-6.9784518],[107.6094693,-6.9785956],[107.6089543,-6.9791281],[107.6086754,-6.9798256],[107.6079994,-6.9805497],[107.6075703,-6.9808213],[107.6069695,-6.9809651],[107.6063901,-6.9808905],[107.6050866,-6.9801344],[107.6043194,-6.9800013],[107.6036704,-6.9801717],[107.6016211,-6.9818436],[107.6000869,-6.9829086],[107.5998635,-6.9830335],[107.5977909,-6.9841918],[107.5964552,-6.9845485],[107.5937998,-6.9844953],[107.5931829,-6.9846604],[107.5922012,-6.9850491],[107.5918311,-6.9853792],[107.5899053,-6.9862045],[107.5894815,-6.9861992],[107.5891381,-6.9860181],[107.5880706,-6.9848627],[107.5875825,-6.9846817],[107.5871211,-6.9847189],[107.5867671,-6.9849958],[107.586351,-6.9857422],[107.5858946,-6.9865611],[107.5857076,-6.9867769],[107.5854957,-6.9869073],[107.5851986,-6.9869859],[107.5847205,-6.9871123],[107.5843799,-6.9870511],[107.5840753,-6.9869711],[107.5837925,-6.9867822],[107.5834993,-6.9865033],[107.5830759,-6.9860022],[107.5830165,-6.985957],[107.5827679,-6.9857679],[107.5819981,-6.985688],[107.5817036,-6.9857722],[107.5814161,-6.9859356],[107.581255,-6.9861022],[107.5809989,-6.9863672],[107.5809311,-6.9864824],[107.5807067,-6.986864],[107.5806362,-6.9873733],[107.5806972,-6.9876548],[107.5807481,-6.9878898],[107.5808623,-6.988133],[107.5809734,-6.9883697],[107.5812402,-6.98887],[107.5824061,-6.9910563],[107.5824201,-6.9916745],[107.5822871,-6.9921652],[107.5821819,-6.9923196],[107.5817935,-6.9928894],[107.5811813,-6.9932727],[107.580034,-6.9935602],[107.5797014,-6.993933],[107.5788002,-6.9954877],[107.578422,-6.9957612],[107.5779719,-6.9958692],[107.5778973,-6.9958653],[107.5775888,-6.9958514],[107.5775316,-6.995846],[107.5770194,-6.995703],[107.5763376,-6.9952546],[107.5762075,-6.9950982],[107.5759978,-6.9948461],[107.5759354,-6.9945665],[107.5758819,-6.994327],[107.5757999,-6.9938083],[107.5756744,-6.9930141],[107.5756069,-6.992587],[107.5755386,-6.9921546],[107.5754441,-6.9918859],[107.575353,-6.9916267],[107.5751879,-6.9913736],[107.5750236,-6.9911216],[107.5745904,-6.9907362],[107.57422,-6.9905854],[107.573779,-6.9904059],[107.5725667,-6.9902271],[107.5713329,-6.9903229],[107.5710514,-6.9905034],[107.5708179,-6.9906531],[107.5705325,-6.9911902],[107.5703029,-6.9916221],[107.5702385,-6.9918991],[107.570142,-6.9923143],[107.5699328,-6.9924352],[107.5694232,-6.9927296],[107.5690813,-6.9927206],[107.5682126,-6.9926978],[107.5678031,-6.992687],[107.5674169,-6.9924847],[107.566895,-6.9915712],[107.5665635,-6.990991],[107.5664191,-6.9907383],[107.566069,-6.9904037],[107.5658397,-6.9901845],[107.5655558,-6.9902152],[107.5652497,-6.9902484],[107.5645416,-6.9905146],[107.5644293,-6.9905685],[107.5613873,-6.9920268],[107.5607543,-6.9920481],[107.5603932,-6.9919021],[107.5601642,-6.9915955],[107.5601385,-6.9914685],[107.5599566,-6.9905691],[107.5599012,-6.990038],[107.5599415,-6.9895358],[107.5600845,-6.9892745],[107.5604758,-6.9890028],[107.5612444,-6.9885611],[107.5615375,-6.9881612],[107.5617091,-6.9867022],[107.5621705,-6.9863828],[107.5628464,-6.9860846],[107.5630506,-6.9856765],[107.56197,-6.9835925],[107.5614872,-6.9833196],[107.560995,-6.98333],[107.5595097,-6.9841784],[107.5585334,-6.9842316],[107.5577717,-6.9837631],[107.5570332,-6.9820956],[107.5559526,-6.9801328],[107.5556688,-6.9797483],[107.553264,-6.9786591],[107.5514738,-6.9780263],[107.550637,-6.9771711],[107.5496929,-6.9751797],[107.5490491,-6.9744449],[107.5488591,-6.9743409],[107.54759,-6.9736462],[107.5470428,-6.9730392],[107.5467424,-6.9719636],[107.5465398,-6.9718035],[107.5462979,-6.9716602],[107.5460236,-6.9715482],[107.5456139,-6.9714472],[107.5453101,-6.9714018],[107.5442111,-6.9715244],[107.5435683,-6.9715056],[107.5426547,-6.9713459],[107.5420439,-6.9710345],[107.5415926,-6.9706324],[107.540871,-6.9697014],[107.5402783,-6.9679061],[107.5392773,-6.9651701],[107.5386321,-6.9642347],[107.5382345,-6.9637527],[107.5341472,-6.9606482],[107.5332348,-6.9599508],[107.5321834,-6.958939],[107.5313036,-6.9580551],[107.5312285,-6.9573309],[107.5315933,-6.956628],[107.5323121,-6.9561275],[107.5332348,-6.9559251],[107.5335889,-6.9551157],[107.5338785,-6.9531562],[107.5343828,-6.9512711],[107.5345162,-6.9491518],[107.5347243,-6.9476562],[107.5349298,-6.9469039],[107.5351662,-6.9464699],[107.5354557,-6.9461271],[107.5355847,-6.9456208],[107.5355601,-6.9449887],[107.5356013,-6.9443195],[107.5358713,-6.9433374],[107.5359026,-6.9426845],[107.5357781,-6.9413346],[107.5355637,-6.9402564],[107.5352869,-6.9396731],[107.5348824,-6.9391221],[107.5346625,-6.938957],[107.5343165,-6.9387813],[107.5338364,-6.9386402],[107.5334609,-6.9385683],[107.5333711,-6.9386148],[107.5333187,-6.9386748],[107.5331873,-6.9389837],[107.5330129,-6.9393298],[107.5328892,-6.9395236],[107.5328235,-6.9397367],[107.5326613,-6.9398436],[107.5325319,-6.9399097],[107.5323543,-6.9398886],[107.5322565,-6.9399083],[107.5321368,-6.939927],[107.5320252,-6.9399165],[107.5319401,-6.9398943],[107.5318649,-6.9398676],[107.531775,-6.9398636],[107.5317054,-6.9398676],[107.531594,-6.9398184],[107.5315391,-6.9396905],[107.5315243,-6.9395854],[107.5314907,-6.9394749],[107.5314217,-6.9393652],[107.5313344,-6.9393059],[107.5312076,-6.9392782],[107.53104,-6.9391515],[107.5307183,-6.938914],[107.5304073,-6.9387468],[107.5301278,-6.9386414],[107.5298448,-6.93854],[107.5296782,-6.9383972],[107.5293919,-6.9380278],[107.5292096,-6.9379373],[107.5284666,-6.9376364],[107.5277182,-6.9373675],[107.527334,-6.9372555],[107.5270128,-6.9371891],[107.5264335,-6.9371305],[107.5257518,-6.9369434],[107.5255215,-6.9368802],[107.5245452,-6.9364968],[107.5235313,-6.9361294],[107.522909,-6.9358365],[107.5222546,-6.9355117],[107.5220749,-6.9354664],[107.5218657,-6.9354691],[107.5216806,-6.9354957],[107.5215009,-6.9355463],[107.5210798,-6.9358099],[107.5205862,-6.9360921],[107.5198567,-6.9364649],[107.5187446,-6.9368459],[107.5184505,-6.9369467],[107.5173354,-6.9372796],[107.5156402,-6.9377589],[107.5141919,-6.9377695],[107.5119051,-6.9377792],[107.5113809,-6.9376417],[107.5108659,-6.9373542],[107.5087731,-6.9355728],[107.5081622,-6.9348939],[107.5073147,-6.9339514],[107.506628,-6.9333124],[107.506215,-6.9330035],[107.5052976,-6.9326893],[107.5042348,-6.9324842],[107.5015425,-6.9323059],[107.4992388,-6.931937],[107.4979806,-6.9311343],[107.4971387,-6.9302824],[107.4962854,-6.928706],[107.495099,-6.9269599],[107.4922943,-6.9246056],[107.4913233,-6.9235725],[107.4911088,-6.923434],[107.4904972,-6.9233169],[107.4895102,-6.9233009],[107.4888289,-6.9234394],[107.4878411,-6.923623],[107.4869299,-6.9239133],[107.4852404,-6.9244977],[107.4835825,-6.9244671],[107.4824338,-6.9239638],[107.4813938,-6.9224222],[107.48084,-6.9208847],[107.4809432,-6.9199726],[107.4813509,-6.9189395],[107.4815869,-6.9179809],[107.4816835,-6.917459],[107.4816613,-6.916977],[107.4811578,-6.9165217],[107.4804604,-6.9162661],[107.4799347,-6.9163087],[107.479012,-6.9165537],[107.4781859,-6.91682],[107.4773919,-6.9167561],[107.4770808,-6.9164791],[107.4767804,-6.9161809],[107.4764585,-6.9152969],[107.4763083,-6.9149454],[107.4759757,-6.9146365],[107.4751067,-6.914562],[107.4744515,-6.9146764],[107.4735296,-6.9149667],[107.4727893,-6.915478],[107.4721062,-6.9158619],[107.4716213,-6.9159637],[107.471239,-6.9159267],[107.470465,-6.9155656],[107.4695884,-6.9143437],[107.4689356,-6.9118442],[107.4680218,-6.9107888],[107.4672417,-6.9105865],[107.4656159,-6.9106037],[107.4647766,-6.9109185],[107.4637509,-6.9110851],[107.4618858,-6.9107148],[107.4590323,-6.9094188],[107.4558431,-6.9088078],[107.4539781,-6.9085856],[107.4524861,-6.9083079],[107.4506211,-6.9077154],[107.4479354,-6.9063823],[107.4434034,-6.9044753],[107.4374807,-6.9027821],[107.4367719,-6.9027473],[107.4355388,-6.9029844],[107.4349392,-6.9032023],[107.4273312,-6.9059667],[107.4265235,-6.9063958],[107.4259472,-6.9067016],[107.4217844,-6.9102803],[107.4207215,-6.9108421],[107.4200678,-6.9108981],[107.4189734,-6.9106851],[107.4132871,-6.9090874],[107.4120064,-6.909292],[107.4107122,-6.9098117],[107.4044359,-6.9176401],[107.4013238,-6.9209816],[107.399683,-6.9212719],[107.3977833,-6.9211734],[107.3956635,-6.9206162],[107.3937821,-6.9201217],[107.3915289,-6.9201008],[107.3902201,-6.9207607],[107.3858032,-6.9234441],[107.3826449,-6.9249266],[107.3797703,-6.9262564],[107.3772375,-6.9268394],[107.3758092,-6.9266226],[107.3749101,-6.9265546],[107.3711871,-6.9262564]]}},{"type":"Feature","properties":{"name":"Ci Tarum"},"geometry":{"type":"LineString","coordinates":[[107.6167834,-6.9763032],[107.6161507,-6.9756404],[107.6156598,-6.975502],[107.6152816,-6.9755579],[107.6148015,-6.9757629],[107.6127738,-6.9781057],[107.6124573,-6.9783347],[107.6118135,-6.9784838],[107.6100916,-6.9784518],[107.6094693,-6.9785956],[107.6089543,-6.9791281],[107.6086754,-6.9798256],[107.6079994,-6.9805497],[107.6075703,-6.9808213],[107.6069695,-6.9809651],[107.6063901,-6.9808905],[107.6050866,-6.9801344],[107.6043194,-6.9800013],[107.6036704,-6.9801717],[107.6016211,-6.9818436],[107.6000869,-6.9829086],[107.5998635,-6.9830335],[107.5977909,-6.9841918],[107.5964552,-6.9845485],[107.5937998,-6.9844953],[107.5931829,-6.9846604],[107.5922012,-6.9850491],[107.5918311,-6.9853792],[107.5899053,-6.9862045],[107.5894815,-6.9861992],[107.5891381,-6.9860181],[107.5880706,-6.9848627],[107.5875825,-6.9846817],[107.5871211,-6.9847189],[107.5867671,-6.9849958],[107.586351,-6.9857422],[107.5858946,-6.9865611],[107.5857076,-6.9867769],[107.5854957,-6.9869073],[107.5851986,-6.9869859],[107.5847205,-6.9871123],[107.5843799,-6.9870511],[107.5840753,-6.9869711],[107.5837925,-6.9867822],[107.5834993,-6.9865033],[107.5830759,-6.9860022],[107.5830165,-6.985957],[107.5827679,-6.9857679],[107.5819981,-6.985688],[107.5817036,-6.9857722],[107.5814161,-6.9859356],[107.581255,-6.9861022],[107.5809989,-6.9863672],[107.5809311,-6.9864824],[107.5807067,-6.986864],[107.5806362,-6.9873733],[107.5806972,-6.9876548],[107.5807481,-6.9878898],[107.5808623,-6.988133],[107.5809734,-6.9883697],[107.5812402,-6.98887],[107.5824061,-6.9910563],[107.5824201,-6.9916745],[107.5822871,-6.9921652],[107.5821819,-6.9923196],[107.5817935,-6.9928894],[107.5811813,-6.9932727],[107.580034,-6.9935602],[107.5797014,-6.993933],[107.5788002,-6.9954877],[107.578422,-6.9957612],[107.5779719,-6.9958692],[107.5778973,-6.9958653],[107.5775888,-6.9958514],[107.5775316,-6.995846],[107.5770194,-6.995703],[107.5763376,-6.9952546],[107.5762075,-6.9950982],[107.5759978,-6.9948461],[107.5759354,-6.9945665],[107.5758819,-6.994327],[107.5757999,-6.9938083],[107.5756744,-6.9930141],[107.5756069,-6.992587],[107.5755386,-6.9921546],[107.5754441,-6.9918859],[107.575353,-6.9916267],[107.5751879,-6.9913736],[107.5750236,-6.9911216],[107.5745904,-6.9907362],[107.57422,-6.9905854],[107.573779,-6.9904059],[107.5725667,-6.9902271],[107.5713329,-6.9903229],[107.5710514,-6.9905034],[107.5708179,-6.9906531],[107.5705325,-6.9911902],[107.5703029,-6.9916221],[107.5702385,-6.9918991],[107.570142,-6.9923143],[107.5699328,-6.9924352],[107.5694232,-6.9927296],[107.5690813,-6.9927206],[107.5682126,-6.9926978],[107.5678031,-6.992687],[107.5674169,-6.9924847],[107.566895,-6.9915712],[107.5665635,-6.990991],[107.5664191,-6.9907383],[107.566069,-6.9904037],[107.5658397,-6.9901845],[107.5655558,-6.9902152],[107.5652497,-6.9902484],[107.5645416,-6.9905146],[107.5644293,-6.9905685],[107.5613873,-6.9920268],[107.5607543,-6.9920481],[107.5603932,-6.9919021],[107.5601642,-6.9915955],[107.5601385,-6.9914685],[107.5599566,-6.9905691],[107.5599012,-6.990038],[107.5599415,-6.9895358],[107.5600845,-6.9892745],[107.5604758,-6.9890028],[107.5612444,-6.9885611],[107.5615375,-6.9881612],[107.5617091,-6.9867022],[107.5621705,-6.9863828],[107.5628464,-6.9860846],[107.5630506,-6.9856765],[107.56197,-6.9835925],[107.5614872,-6.9833196],[107.560995,-6.98333],[107.5595097,-6.9841784],[107.5585334,-6.9842316],[107.5577717,-6.9837631],[107.5570332,-6.9820956],[107.5559526,-6.9801328],[107.5556688,-6.9797483],[107.553264,-6.9786591],[107.5514738,-6.9780263],[107.550637,-6.9771711],[107.5496929,-6.9751797],[107.5490491,-6.9744449],[107.5488591,-6.9743409],[107.54759,-6.9736462],[107.5470428,-6.9730392],[107.5467424,-6.9719636],[107.5465398,-6.9718035],[107.5462979,-6.9716602],[107.5460236,-6.9715482],[107.5456139,-6.9714472],[107.5453101,-6.9714018],[107.5442111,-6.9715244],[107.5435683,-6.9715056],[107.5426547,-6.9713459],[107.5420439,-6.9710345],[107.5415926,-6.9706324],[107.540871,-6.9697014],[107.5402783,-6.9679061],[107.5392773,-6.9651701],[107.5386321,-6.9642347],[107.5382345,-6.9637527],[107.5341472,-6.9606482],[107.5332348,-6.9599508],[107.5321834,-6.958939],[107.5313036,-6.9580551],[107.5312285,-6.9573309],[107.5315933,-6.956628],[107.5323121,-6.9561275],[107.5332348,-6.9559251],[107.5335889,-6.9551157],[107.5338785,-6.9531562],[107.5343828,-6.9512711],[107.5345162,-6.9491518],[107.5347243,-6.9476562],[107.5349298,-6.9469039],[107.5351662,-6.9464699],[107.5354557,-6.9461271],[107.5355847,-6.9456208],[107.5355601,-6.9449887],[107.5356013,-6.9443195],[107.5358713,-6.9433374],[107.5359026,-6.9426845],[107.5357781,-6.9413346],[107.5355637,-6.9402564],[107.5352869,-6.9396731],[107.5348824,-6.9391221],[107.5346625,-6.938957],[107.5343165,-6.9387813],[107.5338364,-6.9386402],[107.5334609,-6.9385683],[107.5333711,-6.9386148],[107.5333187,-6.9386748],[107.5331873,-6.9389837],[107.5330129,-6.9393298],[107.5328892,-6.9395236],[107.5328235,-6.9397367],[107.5326613,-6.9398436],[107.5325319,-6.9399097],[107.5323543,-6.9398886],[107.5322565,-6.9399083],[107.5321368,-6.939927],[107.5320252,-6.9399165],[107.5319401,-6.9398943],[107.5318649,-6.9398676],[107.531775,-6.9398636],[107.5317054,-6.9398676],[107.531594,-6.9398184],[107.5315391,-6.9396905],[107.5315243,-6.9395854],[107.5314907,-6.9394749],[107.5314217,-6.9393652],[107.5313344,-6.9393059],[107.5312076,-6.9392782],[107.53104,-6.9391515],[107.5307183,-6.938914],[107.5304073,-6.9387468],[107.5301278,-6.9386414],[107.5298448,-6.93854],[107.5296782,-6.9383972],[107.5293919,-6.9380278],[107.5292096,-6.9379373],[107.5284666,-6.9376364],[107.5277182,-6.9373675],[107.527334,-6.9372555],[107.5270128,-6.9371891],[107.5264335,-6.9371305],[107.5257518,-6.9369434],[107.5255215,-6.9368802],[107.5245452,-6.9364968],[107.5235313,-6.9361294],[107.522909,-6.9358365],[107.5222546,-6.9355117],[107.5220749,-6.9354664],[107.5218657,-6.9354691],[107.5216806,-6.9354957],[107.5215009,-6.9355463],[107.5210798,-6.9358099],[107.5205862,-6.9360921],[107.5198567,-6.9364649],[107.5187446,-6.9368459],[107.5184505,-6.9369467],[107.5173354,-6.9372796],[107.5156402,-6.9377589],[107.5141919,-6.9377695],[107.5119051,-6.9377792],[107.5113809,-6.9376417],[107.5108659,-6.9373542],[107.5087731,-6.9355728],[107.5081622,-6.9348939],[107.5073147,-6.9339514],[107.506628,-6.9333124],[107.506215,-6.9330035],[107.5052976,-6.9326893],[107.5042348,-6.9324842],[107.5015425,-6.9323059],[107.4992388,-6.931937],[107.4979806,-6.9311343],[107.4971387,-6.9302824],[107.4962854,-6.928706],[107.495099,-6.9269599],[107.4922943,-6.9246056],[107.4913233,-6.9235725],[107.4911088,-6.923434],[107.4904972,-6.9233169],[107.4895102,-6.9233009],[107.4888289,-6.9234394],[107.4878411,-6.923623],[107.4869299,-6.9239133],[107.4852404,-6.9244977],[107.4835825,-6.9244671],[107.4824338,-6.9239638],[107.4813938,-6.9224222],[107.48084,-6.9208847],[107.4809432,-6.9199726],[107.4813509,-6.9189395],[107.4815869,-6.9179809],[107.4816835,-6.917459],[107.4816613,-6.916977],[107.4811578,-6.9165217],[107.4804604,-6.9162661],[107.4799347,-6.9163087],[107.479012,-6.9165537],[107.4781859,-6.91682],[107.4773919,-6.9167561],[107.4770808,-6.9164791],[107.4767804,-6.9161809],[107.4764585,-6.9152969],[107.4763083,-6.9149454],[107.4759757,-6.9146365],[107.4751067,-6.914562],[107.4744515,-6.9146764],[107.4735296,-6.9149667],[107.4727893,-6.915478],[107.4721062,-6.9158619],[107.4716213,-6.9159637],[107.471239,-6.9159267],[107.470465,-6.9155656],[107.4695884,-6.9143437],[107.4689356,-6.9118442],[107.4680218,-6.9107888],[107.4672417,-6.9105865],[107.4656159,-6.9106037],[107.4647766,-6.9109185],[107.4637509,-6.9110851],[107.4618858,-6.9107148],[107.4590323,-6.9094188],[107.4558431,-6.9088078],[107.4539781,-6.9085856],[107.4524861,-6.9083079],[107.4506211,-6.9077154],[107.4479354,-6.9063823],[107.4434034,-6.9044753],[107.4374807,-6.9027821],[107.4367719,-6.9027473],[107.4355388,-6.9029844],[107.4349392,-6.9032023],[107.4273312,-6.9059667],[107.4265235,-6.9063958],[107.4259472,-6.9067016],[107.4217844,-6.9102803],[107.4207215,-6.9108421],[107.4200678,-6.9108981],[107.4189734,-6.9106851],[107.4132871,-6.9090874],[107.4120064,-6.909292],[107.4107122,-6.9098117],[107.4044359,-6.9176401],[107.4013238,-6.9209816],[107.399683,-6.9212719],[107.3977833,-6.9211734],[107.3956635,-6.9206162],[107.3937821,-6.9201217],[107.3915289,-6.9201008],[107.3902201,-6.9207607],[107.3858032,-6.9234441],[107.3826449,-6.9249266],[107.3797703,-6.9262564],[107.3772375,-6.9268394],[107.3758092,-6.9266226],[107.3749101,-6.9265546],[107.3711871,-6.9262564]]}},{"type":"Feature","properties":{"name":"Ci Tarum"},"geometry":{"type":"LineString","coordinates":[[107.6167834,-6.9763032],[107.6161507,-6.9756404],[107.6156598,-6.975502],[107.6152816,-6.9755579],[107.6148015,-6.9757629],[107.6127738,-6.9781057],[107.6124573,-6.9783347],[107.6118135,-6.9784838],[107.6100916,-6.9784518],[107.6094693,-6.9785956],[107.6089543,-6.9791281],[107.6086754,-6.9798256],[107.6079994,-6.9805497],[107.6075703,-6.9808213],[107.6069695,-6.9809651],[107.6063901,-6.9808905],[107.6050866,-6.9801344],[107.6043194,-6.9800013],[107.6036704,-6.9801717],[107.6016211,-6.9818436],[107.6000869,-6.9829086],[107.5998635,-6.9830335],[107.5977909,-6.9841918],[107.5964552,-6.9845485],[107.5937998,-6.9844953],[107.5931829,-6.9846604],[107.5922012,-6.9850491],[107.5918311,-6.9853792],[107.5899053,-6.9862045],[107.5894815,-6.9861992],[107.5891381,-6.9860181],[107.5880706,-6.9848627],[107.5875825,-6.9846817],[107.5871211,-6.9847189],[107.5867671,-6.9849958],[107.586351,-6.9857422],[107.5858946,-6.9865611],[107.5857076,-6.9867769],[107.5854957,-6.9869073],[107.5851986,-6.9869859],[107.5847205,-6.9871123],[107.5843799,-6.9870511],[107.5840753,-6.9869711],[107.5837925,-6.9867822],[107.5834993,-6.9865033],[107.5830759,-6.9860022],[107.5830165,-6.985957],[107.5827679,-6.9857679],[107.5819981,-6.985688],[107.5817036,-6.9857722],[107.5814161,-6.9859356],[107.581255,-6.9861022],[107.5809989,-6.9863672],[107.5809311,-6.9864824],[107.5807067,-6.986864],[107.5806362,-6.9873733],[107.5806972,-6.9876548],[107.5807481,-6.9878898],[107.5808623,-6.988133],[107.5809734,-6.9883697],[107.5812402,-6.98887],[107.5824061,-6.9910563],[107.5824201,-6.9916745],[107.5822871,-6.9921652],[107.5821819,-6.9923196],[107.5817935,-6.9928894],[107.5811813,-6.9932727],[107.580034,-6.9935602],[107.5797014,-6.993933],[107.5788002,-6.9954877],[107.578422,-6.9957612],[107.5779719,-6.9958692],[107.5778973,-6.9958653],[107.5775888,-6.9958514],[107.5775316,-6.995846],[107.5770194,-6.995703],[107.5763376,-6.9952546],[107.5762075,-6.9950982],[107.5759978,-6.9948461],[107.5759354,-6.9945665],[107.5758819,-6.994327],[107.5757999,-6.9938083],[107.5756744,-6.9930141],[107.5756069,-6.992587],[107.5755386,-6.9921546],[107.5754441,-6.9918859],[107.575353,-6.9916267],[107.5751879,-6.9913736],[107.5750236,-6.9911216],[107.5745904,-6.9907362],[107.57422,-6.9905854],[107.573779,-6.9904059],[107.5725667,-6.9902271],[107.5713329,-6.9903229],[107.5710514,-6.9905034],[107.5708179,-6.9906531],[107.5705325,-6.9911902],[107.5703029,-6.9916221],[107.5702385,-6.9918991],[107.570142,-6.9923143],[107.5699328,-6.9924352],[107.5694232,-6.9927296],[107.5690813,-6.9927206],[107.5682126,-6.9926978],[107.5678031,-6.992687],[107.5674169,-6.9924847],[107.566895,-6.9915712],[107.5665635,-6.990991],[107.5664191,-6.9907383],[107.566069,-6.9904037],[107.5658397,-6.9901845],[107.5655558,-6.9902152],[107.5652497,-6.9902484],[107.5645416,-6.9905146],[107.5644293,-6.9905685],[107.5613873,-6.9920268],[107.5607543,-6.9920481],[107.5603932,-6.9919021],[107.5601642,-6.9915955],[107.5601385,-6.9914685],[107.5599566,-6.9905691],[107.5599012,-6.990038],[107.5599415,-6.9895358],[107.5600845,-6.9892745],[107.5604758,-6.9890028],[107.5612444,-6.9885611],[107.5615375,-6.9881612],[107.5617091,-6.9867022],[107.5621705,-6.9863828],[107.5628464,-6.9860846],[107.5630506,-6.9856765],[107.56197,-6.9835925],[107.5614872,-6.9833196],[107.560995,-6.98333],[107.5595097,-6.9841784],[107.5585334,-6.9842316],[107.5577717,-6.9837631],[107.5570332,-6.9820956],[107.5559526,-6.9801328],[107.5556688,-6.9797483],[107.553264,-6.9786591],[107.5514738,-6.9780263],[107.550637,-6.9771711],[107.5496929,-6.9751797],[107.5490491,-6.9744449],[107.5488591,-6.9743409],[107.54759,-6.9736462],[107.5470428,-6.9730392],[107.5467424,-6.9719636],[107.5465398,-6.9718035],[107.5462979,-6.9716602],[107.5460236,-6.9715482],[107.5456139,-6.9714472],[107.5453101,-6.9714018],[107.5442111,-6.9715244],[107.5435683,-6.9715056],[107.5426547,-6.9713459],[107.5420439,-6.9710345],[107.5415926,-6.9706324],[107.540871,-6.9697014],[107.5402783,-6.9679061],[107.5392773,-6.9651701],[107.5386321,-6.9642347],[107.5382345,-6.9637527],[107.5341472,-6.9606482],[107.5332348,-6.9599508],[107.5321834,-6.958939],[107.5313036,-6.9580551],[107.5312285,-6.9573309],[107.5315933,-6.956628],[107.5323121,-6.9561275],[107.5332348,-6.9559251],[107.5335889,-6.9551157],[107.5338785,-6.9531562],[107.5343828,-6.9512711],[107.5345162,-6.9491518],[107.5347243,-6.9476562],[107.5349298,-6.9469039],[107.5351662,-6.9464699],[107.5354557,-6.9461271],[107.5355847,-6.9456208],[107.5355601,-6.9449887],[107.5356013,-6.9443195],[107.5358713,-6.9433374],[107.5359026,-6.9426845],[107.5357781,-6.9413346],[107.5355637,-6.9402564],[107.5352869,-6.9396731],[107.5348824,-6.9391221],[107.5346625,-6.938957],[107.5343165,-6.9387813],[107.5338364,-6.9386402],[107.5334609,-6.9385683],[107.5333711,-6.9386148],[107.5333187,-6.9386748],[107.5331873,-6.9389837],[107.5330129,-6.9393298],[107.5328892,-6.9395236],[107.5328235,-6.9397367],[107.5326613,-6.9398436],[107.5325319,-6.9399097],[107.5323543,-6.9398886],[107.5322565,-6.9399083],[107.5321368,-6.939927],[107.5320252,-6.9399165],[107.5319401,-6.9398943],[107.5318649,-6.9398676],[107.531775,-6.9398636],[107.5317054,-6.9398676],[107.531594,-6.9398184],[107.5315391,-6.9396905],[107.5315243,-6.9395854],[107.5314907,-6.9394749],[107.5314217,-6.9393652],[107.5313344,-6.9393059],[107.5312076,-6.9392782],[107.53104,-6.9391515],[107.5307183,-6.938914],[107.5304073,-6.9387468],[107.5301278,-6.9386414],[107.5298448,-6.93854],[107.5296782,-6.9383972],[107.5293919,-6.9380278],[107.5292096,-6.9379373],[107.5284666,-6.9376364],[107.5277182,-6.9373675],[107.527334,-6.9372555],[107.5270128,-6.9371891],[107.5264335,-6.9371305],[107.5257518,-6.9369434],[107.5255215,-6.9368802],[107.5245452,-6.9364968],[107.5235313,-6.9361294],[107.522909,-6.9358365],[107.5222546,-6.9355117],[107.5220749,-6.9354664],[107.5218657,-6.9354691],[107.5216806,-6.9354957],[107.5215009,-6.9355463],[107.5210798,-6.9358099],[107.5205862,-6.9360921],[107.5198567,-6.9364649],[107.5187446,-6.9368459],[107.5184505,-6.9369467],[107.5173354,-6.9372796],[107.5156402,-6.9377589],[107.5141919,-6.9377695],[107.5119051,-6.9377792],[107.5113809,-6.9376417],[107.5108659,-6.9373542],[107.5087731,-6.9355728],[107.5081622,-6.9348939],[107.5073147,-6.9339514],[107.506628,-6.9333124],[107.506215,-6.9330035],[107.5052976,-6.9326893],[107.5042348,-6.9324842],[107.5015425,-6.9323059],[107.4992388,-6.931937],[107.4979806,-6.9311343],[107.4971387,-6.9302824],[107.4962854,-6.928706],[107.495099,-6.9269599],[107.4922943,-6.9246056],[107.4913233,-6.9235725],[107.4911088,-6.923434],[107.4904972,-6.9233169],[107.4895102,-6.9233009],[107.4888289,-6.9234394],[107.4878411,-6.923623],[107.4869299,-6.9239133],[107.4852404,-6.9244977],[107.4835825,-6.9244671],[107.4824338,-6.9239638],[107.4813938,-6.9224222],[107.48084,-6.9208847],[107.4809432,-6.9199726],[107.4813509,-6.9189395],[107.4815869,-6.9179809],[107.4816835,-6.917459],[107.4816613,-6.916977],[107.4811578,-6.9165217],[107.4804604,-6.9162661],[107.4799347,-6.9163087],[107.479012,-6.9165537],[107.4781859,-6.91682],[107.4773919,-6.9167561],[107.4770808,-6.9164791],[107.4767804,-6.9161809],[107.4764585,-6.9152969],[107.4763083,-6.9149454],[107.4759757,-6.9146365],[107.4751067,-6.914562],[107.4744515,-6.9146764],[107.4735296,-6.9149667],[107.4727893,-6.915478],[107.4721062,-6.9158619],[107.4716213,-6.9159637],[107.471239,-6.9159267],[107.470465,-6.9155656],[107.4695884,-6.9143437],[107.4689356,-6.9118442],[107.4680218,-6.9107888],[107.4672417,-6.9105865],[107.4656159,-6.9106037],[107.4647766,-6.9109185],[107.4637509,-6.9110851],[107.4618858,-6.9107148],[107.4590323,-6.9094188],[107.4558431,-6.9088078],[107.4539781,-6.9085856],[107.4524861,-6.9083079],[107.4506211,-6.9077154],[107.4479354,-6.9063823],[107.4434034,-6.9044753],[107.4374807,-6.9027821],[107.4367719,-6.9027473],[107.4355388,-6.9029844],[107.4349392,-6.9032023],[107.4273312,-6.9059667],[107.4265235,-6.9063958],[107.4259472,-6.9067016],[107.4217844,-6.9102803],[107.4207215,-6.9108421],[107.4200678,-6.9108981],[107.4189734,-6.9106851],[107.4132871,-6.9090874],[107.4120064,-6.909292],[107.4107122,-6.9098117],[107.4044359,-6.9176401],[107.4013238,-6.9209816],[107.399683,-6.9212719],[107.3977833,-6.9211734],[107.3956635,-6.9206162],[107.3937821,-6.9201217],[107.3915289,-6.9201008],[107.3902201,-6.9207607],[107.3858032,-6.9234441],[107.3826449,-6.9249266],[107.3797703,-6.9262564],[107.3772375,-6.9268394],[107.3758092,-6.9266226],[107.3749101,-6.9265546],[107.3711871,-6.9262564]]}},{"type":"Feature","properties":{"name":"Ci Tarum"},"geometry":{"type":"LineString","coordinates":[[107.6167834,-6.9763032],[107.6161507,-6.9756404],[107.6156598,-6.975502],[107.6152816,-6.9755579],[107.6148015,-6.9757629],[107.6127738,-6.9781057],[107.6124573,-6.9783347],[107.6118135,-6.9784838],[107.6100916,-6.9784518],[107.6094693,-6.9785956],[107.6089543,-6.9791281],[107.6086754,-6.9798256],[107.6079994,-6.9805497],[107.6075703,-6.9808213],[107.6069695,-6.9809651],[107.6063901,-6.9808905],[107.6050866,-6.9801344],[107.6043194,-6.9800013],[107.6036704,-6.9801717],[107.6016211,-6.9818436],[107.6000869,-6.9829086],[107.5998635,-6.9830335],[107.5977909,-6.9841918],[107.5964552,-6.9845485],[107.5937998,-6.9844953],[107.5931829,-6.9846604],[107.5922012,-6.9850491],[107.5918311,-6.9853792],[107.5899053,-6.9862045],[107.5894815,-6.9861992],[107.5891381,-6.9860181],[107.5880706,-6.9848627],[107.5875825,-6.9846817],[107.5871211,-6.9847189],[107.5867671,-6.9849958],[107.586351,-6.9857422],[107.5858946,-6.9865611],[107.5857076,-6.9867769],[107.5854957,-6.9869073],[107.5851986,-6.9869859],[107.5847205,-6.9871123],[107.5843799,-6.9870511],[107.5840753,-6.9869711],[107.5837925,-6.9867822],[107.5834993,-6.9865033],[107.5830759,-6.9860022],[107.5830165,-6.985957],[107.5827679,-6.9857679],[107.5819981,-6.985688],[107.5817036,-6.9857722],[107.5814161,-6.9859356],[107.581255,-6.9861022],[107.5809989,-6.9863672],[107.5809311,-6.9864824],[107.5807067,-6.986864],[107.5806362,-6.9873733],[107.5806972,-6.9876548],[107.5807481,-6.9878898],[107.5808623,-6.988133],[107.5809734,-6.9883697],[107.5812402,-6.98887],[107.5824061,-6.9910563],[107.5824201,-6.9916745],[107.5822871,-6.9921652],[107.5821819,-6.9923196],[107.5817935,-6.9928894],[107.5811813,-6.9932727],[107.580034,-6.9935602],[107.5797014,-6.993933],[107.5788002,-6.9954877],[107.578422,-6.9957612],[107.5779719,-6.9958692],[107.5778973,-6.9958653],[107.5775888,-6.9958514],[107.5775316,-6.995846],[107.5770194,-6.995703],[107.5763376,-6.9952546],[107.5762075,-6.9950982],[107.5759978,-6.9948461],[107.5759354,-6.9945665],[107.5758819,-6.994327],[107.5757999,-6.9938083],[107.5756744,-6.9930141],[107.5756069,-6.992587],[107.5755386,-6.9921546],[107.5754441,-6.9918859],[107.575353,-6.9916267],[107.5751879,-6.9913736],[107.5750236,-6.9911216],[107.5745904,-6.9907362],[107.57422,-6.9905854],[107.573779,-6.9904059],[107.5725667,-6.9902271],[107.5713329,-6.9903229],[107.5710514,-6.9905034],[107.5708179,-6.9906531],[107.5705325,-6.9911902],[107.5703029,-6.9916221],[107.5702385,-6.9918991],[107.570142,-6.9923143],[107.5699328,-6.9924352],[107.5694232,-6.9927296],[107.5690813,-6.9927206],[107.5682126,-6.9926978],[107.5678031,-6.992687],[107.5674169,-6.9924847],[107.566895,-6.9915712],[107.5665635,-6.990991],[107.5664191,-6.9907383],[107.566069,-6.9904037],[107.5658397,-6.9901845],[107.5655558,-6.9902152],[107.5652497,-6.9902484],[107.5645416,-6.9905146],[107.5644293,-6.9905685],[107.5613873,-6.9920268],[107.5607543,-6.9920481],[107.5603932,-6.9919021],[107.5601642,-6.9915955],[107.5601385,-6.9914685],[107.5599566,-6.9905691],[107.5599012,-6.990038],[107.5599415,-6.9895358],[107.5600845,-6.9892745],[107.5604758,-6.9890028],[107.5612444,-6.9885611],[107.5615375,-6.9881612],[107.5617091,-6.9867022],[107.5621705,-6.9863828],[107.5628464,-6.9860846],[107.5630506,-6.9856765],[107.56197,-6.9835925],[107.5614872,-6.9833196],[107.560995,-6.98333],[107.5595097,-6.9841784],[107.5585334,-6.9842316],[107.5577717,-6.9837631],[107.5570332,-6.9820956],[107.5559526,-6.9801328],[107.5556688,-6.9797483],[107.553264,-6.9786591],[107.5514738,-6.9780263],[107.550637,-6.9771711],[107.5496929,-6.9751797],[107.5490491,-6.9744449],[107.5488591,-6.9743409],[107.54759,-6.9736462],[107.5470428,-6.9730392],[107.5467424,-6.9719636],[107.5465398,-6.9718035],[107.5462979,-6.9716602],[107.5460236,-6.9715482],[107.5456139,-6.9714472],[107.5453101,-6.9714018],[107.5442111,-6.9715244],[107.5435683,-6.9715056],[107.5426547,-6.9713459],[107.5420439,-6.9710345],[107.5415926,-6.9706324],[107.540871,-6.9697014],[107.5402783,-6.9679061],[107.5392773,-6.9651701],[107.5386321,-6.9642347],[107.5382345,-6.9637527],[107.5341472,-6.9606482],[107.5332348,-6.9599508],[107.5321834,-6.958939],[107.5313036,-6.9580551],[107.5312285,-6.9573309],[107.5315933,-6.956628],[107.5323121,-6.9561275],[107.5332348,-6.9559251],[107.5335889,-6.9551157],[107.5338785,-6.9531562],[107.5343828,-6.9512711],[107.5345162,-6.9491518],[107.5347243,-6.9476562],[107.5349298,-6.9469039],[107.5351662,-6.9464699],[107.5354557,-6.9461271],[107.5355847,-6.9456208],[107.5355601,-6.9449887],[107.5356013,-6.9443195],[107.5358713,-6.9433374],[107.5359026,-6.9426845],[107.5357781,-6.9413346],[107.5355637,-6.9402564],[107.5352869,-6.9396731],[107.5348824,-6.9391221],[107.5346625,-6.938957],[107.5343165,-6.9387813],[107.5338364,-6.9386402],[107.5334609,-6.9385683],[107.5333711,-6.9386148],[107.5333187,-6.9386748],[107.5331873,-6.9389837],[107.5330129,-6.9393298],[107.5328892,-6.9395236],[107.5328235,-6.9397367],[107.5326613,-6.9398436],[107.5325319,-6.9399097],[107.5323543,-6.9398886],[107.5322565,-6.9399083],[107.5321368,-6.939927],[107.5320252,-6.9399165],[107.5319401,-6.9398943],[107.5318649,-6.9398676],[107.531775,-6.9398636],[107.5317054,-6.9398676],[107.531594,-6.9398184],[107.5315391,-6.9396905],[107.5315243,-6.9395854],[107.5314907,-6.9394749],[107.5314217,-6.9393652],[107.5313344,-6.9393059],[107.5312076,-6.9392782],[107.53104,-6.9391515],[107.5307183,-6.938914],[107.5304073,-6.9387468],[107.5301278,-6.9386414],[107.5298448,-6.93854],[107.5296782,-6.9383972],[107.5293919,-6.9380278],[107.5292096,-6.9379373],[107.5284666,-6.9376364],[107.5277182,-6.9373675],[107.527334,-6.9372555],[107.5270128,-6.9371891],[107.5264335,-6.9371305],[107.5257518,-6.9369434],[107.5255215,-6.9368802],[107.5245452,-6.9364968],[107.5235313,-6.9361294],[107.522909,-6.9358365],[107.5222546,-6.9355117],[107.5220749,-6.9354664],[107.5218657,-6.9354691],[107.5216806,-6.9354957],[107.5215009,-6.9355463],[107.5210798,-6.9358099],[107.5205862,-6.9360921],[107.5198567,-6.9364649],[107.5187446,-6.9368459],[107.5184505,-6.9369467],[107.5173354,-6.9372796],[107.5156402,-6.9377589],[107.5141919,-6.9377695],[107.5119051,-6.9377792],[107.5113809,-6.9376417],[107.5108659,-6.9373542],[107.5087731,-6.9355728],[107.5081622,-6.9348939],[107.5073147,-6.9339514],[107.506628,-6.9333124],[107.506215,-6.9330035],[107.5052976,-6.9326893],[107.5042348,-6.9324842],[107.5015425,-6.9323059],[107.4992388,-6.931937],[107.4979806,-6.9311343],[107.4971387,-6.9302824],[107.4962854,-6.928706],[107.495099,-6.9269599],[107.4922943,-6.9246056],[107.4913233,-6.9235725],[107.4911088,-6.923434],[107.4904972,-6.9233169],[107.4895102,-6.9233009],[107.4888289,-6.9234394],[107.4878411,-6.923623],[107.4869299,-6.9239133],[107.4852404,-6.9244977],[107.4835825,-6.9244671],[107.4824338,-6.9239638],[107.4813938,-6.9224222],[107.48084,-6.9208847],[107.4809432,-6.9199726],[107.4813509,-6.9189395],[107.4815869,-6.9179809],[107.4816835,-6.917459],[107.4816613,-6.916977],[107.4811578,-6.9165217],[107.4804604,-6.9162661],[107.4799347,-6.9163087],[107.479012,-6.9165537],[107.4781859,-6.91682],[107.4773919,-6.9167561],[107.4770808,-6.9164791],[107.4767804,-6.9161809],[107.4764585,-6.9152969],[107.4763083,-6.9149454],[107.4759757,-6.9146365],[107.4751067,-6.914562],[107.4744515,-6.9146764],[107.4735296,-6.9149667],[107.4727893,-6.915478],[107.4721062,-6.9158619],[107.4716213,-6.9159637],[107.471239,-6.9159267],[107.470465,-6.9155656],[107.4695884,-6.9143437],[107.4689356,-6.9118442],[107.4680218,-6.9107888],[107.4672417,-6.9105865],[107.4656159,-6.9106037],[107.4647766,-6.9109185],[107.4637509,-6.9110851],[107.4618858,-6.9107148],[107.4590323,-6.9094188],[107.4558431,-6.9088078],[107.4539781,-6.9085856],[107.4524861,-6.9083079],[107.4506211,-6.9077154],[107.4479354,-6.9063823],[107.4434034,-6.9044753],[107.4374807,-6.9027821],[107.4367719,-6.9027473],[107.4355388,-6.9029844],[107.4349392,-6.9032023],[107.4273312,-6.9059667],[107.4265235,-6.9063958],[107.4259472,-6.9067016],[107.4217844,-6.9102803],[107.4207215,-6.9108421],[107.4200678,-6.9108981],[107.4189734,-6.9106851],[107.4132871,-6.9090874],[107.4120064,-6.909292],[107.4107122,-6.9098117],[107.4044359,-6.9176401],[107.4013238,-6.9209816],[107.399683,-6.9212719],[107.3977833,-6.9211734],[107.3956635,-6.9206162],[107.3937821,-6.9201217],[107.3915289,-6.9201008],[107.3902201,-6.9207607],[107.3858032,-6.9234441],[107.3826449,-6.9249266],[107.3797703,-6.9262564],[107.3772375,-6.9268394],[107.3758092,-6.9266226],[107.3749101,-6.9265546],[107.3711871,-6.9262564]]}},{"type":"Feature","properties":{"name":"Ci Tepus"},"geometry":{"type":"LineString","coordinates":[[107.5993431,-6.9345785],[107.5993271,-6.9346157],[107.5992849,-6.934846],[107.5992018,-6.9352642],[107.5991844,-6.9353519],[107.599179,-6.9354837],[107.5992071,-6.9355434],[107.5993573,-6.9356499],[107.5994781,-6.9357127],[107.5995357,-6.9357806],[107.5995398,-6.9358924],[107.59947,-6.9360602],[107.5993641,-6.9362798],[107.5993399,-6.9365141],[107.5993842,-6.9371651],[107.5994995,-6.9381103],[107.5995706,-6.9389331],[107.5994646,-6.9395798],[107.5994378,-6.9399635],[107.5994566,-6.9402044],[107.5996135,-6.9404068],[107.5999676,-6.9409912],[107.6002492,-6.9412082],[107.6006784,-6.9415211],[107.6013851,-6.9420523],[107.6018996,-6.942922],[107.6019518,-6.9429945],[107.6020157,-6.9430462],[107.6021683,-6.9430944],[107.6024687,-6.9430837],[107.6025653,-6.9431263],[107.6026172,-6.9432679],[107.6026295,-6.9434139],[107.6025979,-6.9437231],[107.6025866,-6.9439478],[107.6025753,-6.9440851],[107.6025438,-6.9441883],[107.6025264,-6.9442715],[107.6025492,-6.9443181],[107.6025908,-6.9443713],[107.6025875,-6.9444491],[107.6025867,-6.9444683],[107.6025814,-6.9446163],[107.6026404,-6.9446828],[107.6027389,-6.94469],[107.6028684,-6.9446489],[107.6030575,-6.9446296],[107.6032151,-6.9446422],[107.6033337,-6.9447028],[107.6034281,-6.9448126],[107.6034971,-6.9450603],[107.6036011,-6.9455151],[107.6037223,-6.9462042],[107.6038168,-6.946521],[107.6038307,-6.9466184],[107.6038013,-6.9468327],[107.6037952,-6.9470093],[107.6038602,-6.9473492],[107.6039643,-6.9478263],[107.6040457,-6.9480213],[107.6040993,-6.9481105],[107.6043596,-6.9484078],[107.6046127,-6.9487516],[107.6047391,-6.9489113],[107.6048014,-6.9489618],[107.6048849,-6.9489852],[107.6049766,-6.9489723],[107.6051274,-6.9489594],[107.605367,-6.9489352],[107.6054966,-6.9489063],[107.6056186,-6.9488923],[107.6057453,-6.9489295],[107.6059232,-6.9490721],[107.606087,-6.9493191],[107.6062478,-6.9494962],[107.6064675,-6.9496637],[107.6065478,-6.949761],[107.6065517,-6.9498514],[107.6065496,-6.9498848],[107.6065146,-6.9499812],[107.6064593,-6.9501251],[107.6064604,-6.950168],[107.6064791,-6.950219],[107.606595,-6.9503502],[107.6067831,-6.950549],[107.6069935,-6.9507514],[107.6070774,-6.9508066],[107.6071801,-6.9508439],[107.6075978,-6.9508486],[107.607701,-6.950872],[107.6077912,-6.9509158],[107.6083972,-6.9512971],[107.6086688,-6.951423],[107.6087313,-6.9514808],[107.6087389,-6.9515449],[107.608758,-6.9519615],[107.6087876,-6.9520349],[107.6089954,-6.9522458],[107.6090766,-6.9523092],[107.6091491,-6.9523605],[107.6092659,-6.9524045],[107.6094717,-6.9524698],[107.6095175,-6.9525139],[107.6095559,-6.952577],[107.6096095,-6.952687],[107.6096801,-6.9528764],[107.6098421,-6.953324],[107.609988,-6.9540875],[107.6101168,-6.9542153],[107.610345,-6.9543597],[107.6105838,-6.9544742],[107.6107943,-6.9545687],[107.6109888,-6.9547591],[107.6111111,-6.9550012],[107.6111194,-6.9550177],[107.6111558,-6.9550898],[107.6112328,-6.9552423],[107.6112342,-6.9553754],[107.6111497,-6.9554673],[107.610966,-6.9556364],[107.6109407,-6.9558767],[107.6109322,-6.9560578],[107.6108964,-6.9564579],[107.6108191,-6.9566825],[107.6107191,-6.9569539],[107.6098362,-6.9578384],[107.6095894,-6.9581156],[107.6094452,-6.9584966],[107.6094274,-6.9590464],[107.6094213,-6.9590643],[107.6092364,-6.9592493],[107.6088108,-6.9595801],[107.6085426,-6.9598098],[107.608359,-6.9601303],[107.6083644,-6.9605567],[107.6085493,-6.9609373],[107.6090442,-6.9614618],[107.6092198,-6.9617986],[107.6095417,-6.9623603],[107.6096275,-6.9625477],[107.6093733,-6.9632465],[107.6093059,-6.9633853],[107.6092198,-6.9634783],[107.6092122,-6.9635713],[107.6093405,-6.9637169],[107.6093794,-6.9638181],[107.6093701,-6.9639592],[107.6093526,-6.9640324],[107.6092755,-6.96422],[107.6092705,-6.9643834],[107.6093388,-6.9647454],[107.6094047,-6.9651251],[107.609539,-6.965494],[107.6097107,-6.9657496],[107.6098277,-6.9660151],[107.6098682,-6.966259],[107.6099233,-6.9664523],[107.6100326,-6.9668332],[107.6101345,-6.967158],[107.6101486,-6.967291],[107.6101164,-6.9678368],[107.6100433,-6.9680739],[107.609977,-6.9682255],[107.6098831,-6.9683],[107.6097858,-6.9683721],[107.6096792,-6.968553],[107.6096739,-6.9687606],[107.6098026,-6.9690934],[107.6100547,-6.9695167],[107.6102935,-6.9699161],[107.6103203,-6.9702276],[107.6102586,-6.9709305],[107.6103411,-6.9712102],[107.6103411,-6.9713167],[107.6102633,-6.9714311],[107.6099716,-6.9716467],[107.6099904,-6.9719661],[107.6099838,-6.9720693],[107.6099724,-6.9722216],[107.6098897,-6.9723033],[107.6097302,-6.9724187],[107.6094184,-6.9727463],[107.6089785,-6.9732815],[107.608727,-6.973726],[107.6085125,-6.9742052],[107.6085547,-6.9745887],[107.6087559,-6.9752516],[107.6088256,-6.9754034],[107.6087961,-6.9756989],[107.6087183,-6.9758853],[107.6086835,-6.9760743],[107.6088417,-6.9769555],[107.6088182,-6.9771817],[107.6086861,-6.9781829],[107.6086727,-6.9785902],[107.6086969,-6.9787819],[107.6088167,-6.9790071],[107.6089543,-6.9791281]]}},{"type":"Feature","properties":{"name":"Ci Kapundung Kolot"},"geometry":{"type":"LineString","coordinates":[[107.6366495,-6.965759],[107.6367243,-6.9660153],[107.63675,-6.9662879],[107.6365437,-6.9672222]]}},{"type":"Feature","properties":{"name":"Ci Kapundung Kolot"},"geometry":{"type":"LineString","coordinates":[[107.6365334,-6.9653633],[107.636595,-6.9655822]]}},{"type":"Feature","properties":{"name":"Ci Durian"},"geometry":{"type":"LineString","coordinates":[[107.6474429,-6.9067322],[107.6475431,-6.9070036],[107.6476353,-6.9073797],[107.6476199,-6.9076435],[107.6475777,-6.9079073],[107.6475007,-6.9080561],[107.6473785,-6.9081883],[107.6470469,-6.908523],[107.6469718,-6.9087573],[107.6468967,-6.9094603],[107.6467841,-6.9101899],[107.646709,-6.9111325],[107.6468189,-6.9113809],[107.6472615,-6.9119952],[107.6475404,-6.9123946],[107.6476692,-6.9126982],[107.6476762,-6.9130167],[107.6476262,-6.9131259],[107.6475136,-6.9133319],[107.64746,-6.9136674],[107.6475083,-6.9140348],[107.6477202,-6.9148478],[107.6480232,-6.9157869],[107.6487287,-6.9171004],[107.6493724,-6.9180643],[107.650507,-6.9191469],[107.6512634,-6.9196848],[107.6523255,-6.920228],[107.6529478,-6.9203984],[107.6537632,-6.920457],[107.6552303,-6.9204767],[107.6555364,-6.9204945],[107.6557319,-6.9205209],[107.6560135,-6.9206258],[107.6562871,-6.9209027],[107.6568209,-6.9221238],[107.6571535,-6.9227202],[107.6573305,-6.9229279],[107.6581942,-6.9235243],[107.6593904,-6.9244456],[107.6600154,-6.9248594],[107.6602461,-6.9250937],[107.6610856,-6.926384],[107.6616789,-6.9273355],[107.661882,-6.9276689],[107.6621809,-6.9281095],[107.6624797,-6.9284084],[107.6631924,-6.9288566],[107.6658431,-6.9303895],[107.666324,-6.9306756],[107.6667065,-6.9311312],[107.6668809,-6.9316824],[107.6668527,-6.9322449],[107.6667346,-6.9325431],[107.6667065,-6.9328693],[107.6670896,-6.9337054],[107.6679908,-6.935271],[107.6687418,-6.9360272],[107.6690959,-6.936613],[107.6697074,-6.9383809],[107.6697075,-6.938941],[107.6696001,-6.9418635],[107.669643,-6.9427155],[107.669645,-6.9428156],[107.6697182,-6.9432694],[107.6698898,-6.943706],[107.6703404,-6.9444089],[107.6705443,-6.9447071],[107.6711558,-6.9467413],[107.6712309,-6.9474229],[107.6712246,-6.9478698],[107.6707143,-6.9504286],[107.6706831,-6.9507116],[107.6711958,-6.9515511],[107.6716438,-6.9521908],[107.6717971,-6.9524381],[107.6720271,-6.9533513],[107.67219,-6.9539601],[107.6722835,-6.954928],[107.6724246,-6.9580801],[107.6725013,-6.9586128],[107.6725156,-6.959312],[107.6723958,-6.9602442],[107.6721227,-6.9613714],[107.6718257,-6.9627221],[107.6714144,-6.9645354],[107.6713475,-6.9648772],[107.6713082,-6.9651239],[107.6714328,-6.9655995],[107.6712603,-6.9670787],[107.6712614,-6.9673724],[107.6712392,-6.9680946],[107.6714512,-6.9685404],[107.6717909,-6.9692376],[107.672408,-6.9705404],[107.6728536,-6.9714251],[107.6729035,-6.9716628],[107.6728472,-6.9724083],[107.6727426,-6.9741708],[107.6726329,-6.9758614],[107.672359,-6.9762208],[107.6719966,-6.9765127],[107.6718575,-6.9766574],[107.6717957,-6.9768451],[107.6718595,-6.9783838],[107.6718575,-6.9786904],[107.6717867,-6.9789857],[107.671711,-6.979124],[107.6714185,-6.9792963],[107.6704197,-6.979864],[107.6700254,-6.9802212],[107.6699661,-6.98093],[107.6699122,-6.9814252],[107.6698808,-6.9818376],[107.6698088,-6.9822144],[107.6696601,-6.9825215],[107.6695146,-6.9827917],[107.6694579,-6.9829524],[107.6691511,-6.9842922],[107.6689956,-6.9854926],[107.6688951,-6.986589],[107.6685929,-6.9889418],[107.6684642,-6.9898581],[107.6685099,-6.9905253],[107.6685964,-6.9912119],[107.668623,-6.9915882],[107.6686983,-6.9922792],[107.6687851,-6.9931881],[107.6687848,-6.993524],[107.6687928,-6.9941838],[107.6687696,-6.994845],[107.6688262,-6.9955298],[107.6689379,-6.9966842],[107.6689299,-6.9973086],[107.6689057,-6.9974539],[107.6688837,-6.9975587],[107.6688266,-6.9977467],[107.6686563,-6.9981554],[107.6685423,-6.9983883],[107.6684403,-6.9985774],[107.6682217,-6.9989502],[107.667577,-7.0001751],[107.6670472,-7.0011506],[107.6668463,-7.0017333]]}},{"type":"Feature","properties":{"name":"Ci Tarum"},"geometry":{"type":"LineString","coordinates":[[107.6948681,-7.1797954],[107.6954588,-7.1799486],[107.6957706,-7.1797243],[107.6958978,-7.1794851],[107.6959686,-7.1791626],[107.6958615,-7.1789321],[107.6956303,-7.1785185],[107.6955534,-7.1781539],[107.6954834,-7.1778972],[107.6951186,-7.1775649],[107.6951439,-7.177438],[107.6954052,-7.1772262],[107.6954876,-7.1771044],[107.6954412,-7.1768761],[107.6950964,-7.1763783],[107.6949487,-7.1759717],[107.6948868,-7.1756875],[107.6950531,-7.1755423],[107.6953931,-7.1754404],[107.6954074,-7.1752956],[107.6950945,-7.1745799],[107.6953115,-7.173951],[107.695247,-7.1734454],[107.6953459,-7.1731932],[107.6956252,-7.1730416],[107.695889,-7.1728269],[107.6958113,-7.1723854],[107.6960015,-7.1722093],[107.6963958,-7.1722048],[107.6966368,-7.171792],[107.6969383,-7.1716507],[107.6971513,-7.1717075],[107.6974394,-7.1715993],[107.6978173,-7.1712775],[107.6977242,-7.1708193],[107.6979763,-7.1705399],[107.698089,-7.170128],[107.6982559,-7.1698193],[107.6983009,-7.1689401],[107.6985322,-7.1686861],[107.6988013,-7.1686919],[107.6991804,-7.1683806],[107.6995911,-7.1682027],[107.6994192,-7.167676],[107.7003422,-7.1670667],[107.700526,-7.1664043],[107.7009089,-7.1660872],[107.7007501,-7.1656055],[107.7000641,-7.1646167],[107.7002828,-7.1641083],[107.7010897,-7.1639818],[107.701027,-7.163235],[107.7009073,-7.1622983],[107.7014012,-7.1616642],[107.7007783,-7.1606107],[107.7007358,-7.1591218],[107.7016909,-7.1569667],[107.7016032,-7.1566053],[107.7013905,-7.1563576],[107.7014369,-7.1556126],[107.7009906,-7.1548938],[107.7015711,-7.1540932],[107.7013163,-7.1526885],[107.7019958,-7.1514945],[107.7017976,-7.151045],[107.7000705,-7.150427],[107.700021,-7.1491404],[107.6999396,-7.1490034],[107.6997379,-7.1488384],[107.6993556,-7.1487365],[107.6990123,-7.1486136],[107.6987221,-7.1483994],[107.6987114,-7.1482357],[107.6988035,-7.1479675],[107.6990513,-7.1474934],[107.6993026,-7.1470369],[107.6994689,-7.1468613],[107.6995645,-7.1467138],[107.6996676,-7.1464875],[107.6997051,-7.1461846],[107.6997124,-7.1458391],[107.6997124,-7.1455371],[107.6996699,-7.1452808],[107.6996487,-7.1450841],[107.6996062,-7.1448804],[107.6995637,-7.1446768],[107.6994618,-7.1445207],[107.6993556,-7.1443223],[107.6993008,-7.1441169],[107.6993733,-7.1440028],[107.7000989,-7.1432635],[107.7002015,-7.143102],[107.7002387,-7.1429826],[107.6999994,-7.1423883],[107.6997067,-7.1418136],[107.6995188,-7.1415354],[107.6992199,-7.1412755],[107.6991183,-7.141251],[107.6989889,-7.1412082],[107.69873,-7.140982],[107.6985945,-7.14082],[107.6984774,-7.1405509],[107.698368,-7.1403282],[107.6984197,-7.1402365],[107.6988354,-7.1391811],[107.6989416,-7.1390214],[107.699092,-7.1388563],[107.6991832,-7.1387775],[107.6992689,-7.1387035],[107.6994264,-7.1385947],[107.6995468,-7.1384612],[107.6996196,-7.1382397],[107.6997343,-7.1378906],[107.6997945,-7.1377431],[107.6999095,-7.1376184],[107.7000652,-7.1374972],[107.7003307,-7.1374569],[107.7004656,-7.1374595],[107.7005979,-7.1374621],[107.7008067,-7.1374569],[107.7009518,-7.1374305],[107.700989,-7.1373076],[107.7010155,-7.1371548],[107.7009978,-7.1369547],[107.7009182,-7.136765],[107.7008138,-7.136607],[107.7007262,-7.1364255],[107.7006935,-7.1363577],[107.7006744,-7.1356766],[107.7006367,-7.1343292],[107.7005943,-7.1334021],[107.7008066,-7.1316602],[107.7002828,-7.1313371],[107.7003961,-7.130705],[107.7014861,-7.1301993],[107.7013446,-7.1284715],[107.7019667,-7.127011],[107.702027,-7.1268694],[107.7019108,-7.1255777],[107.7021262,-7.1250357],[107.7020807,-7.124777],[107.7016419,-7.1237937],[107.7020524,-7.1228525],[107.7019816,-7.1217428],[107.7025479,-7.1207313],[107.701571,-7.1186726],[107.7015737,-7.1182941],[107.7017694,-7.1180893],[107.7019867,-7.1181531],[107.702311,-7.1181648],[107.7025017,-7.1181717],[107.7028182,-7.1179455],[107.7029696,-7.117669],[107.7029942,-7.1166457],[107.7027049,-7.116373],[107.7019706,-7.1163885],[107.7017319,-7.116295],[107.7016929,-7.11622],[107.7016526,-7.1161425],[107.701681,-7.1158242],[107.7019569,-7.1155374],[107.7022201,-7.1153957],[107.7031106,-7.1154809],[107.7033412,-7.1153611],[107.7033237,-7.1151441],[107.7035949,-7.1148484],[107.7044889,-7.114353],[107.7046932,-7.1142398],[107.7050927,-7.1139771],[107.7053583,-7.1137109],[107.7056116,-7.113076],[107.7056694,-7.1129311],[107.705925,-7.1124812],[107.7060959,-7.1121805],[107.7064552,-7.1117548],[107.706687,-7.1113357],[107.7067423,-7.1112357],[107.7069099,-7.1106019],[107.7069311,-7.1105218],[107.7069434,-7.110179],[107.7067743,-7.1096504],[107.7067769,-7.109396],[107.7069435,-7.1092435],[107.7075241,-7.1090532],[107.7076585,-7.1088469],[107.7075335,-7.1086326],[107.707504,-7.1081349],[107.7076773,-7.1079654],[107.7078313,-7.1079193],[107.7083623,-7.1081828],[107.708472,-7.1081059],[107.7085474,-7.1079113],[107.7086124,-7.1070989],[107.7092299,-7.106234],[107.7091697,-7.1052497],[107.7090275,-7.1047707],[107.7090409,-7.1045391],[107.7091337,-7.1043759],[107.7093963,-7.1041079],[107.7096163,-7.1040227],[107.7099711,-7.1037508],[107.7100025,-7.1034172],[107.7099636,-7.1032176],[107.7096324,-7.1028503],[107.709513,-7.1026587],[107.7096051,-7.1024679],[107.710252,-7.1022288],[107.7106469,-7.1019638],[107.7107374,-7.101622],[107.7113656,-7.1009348],[107.7117384,-7.1008101],[107.7123132,-7.1007489],[107.7129789,-7.1008074],[107.7130964,-7.1006212],[107.7130334,-7.1004894],[107.7125398,-7.1001809],[107.7126002,-7.0999624],[107.7128859,-7.0996137],[107.7136838,-7.0988521],[107.7140567,-7.0987527],[107.7144483,-7.0988485],[107.714695,-7.0991067],[107.7150355,-7.0990528],[107.7151363,-7.0988339],[107.7151215,-7.0985464],[107.7148385,-7.0981206],[107.7148171,-7.0979768],[107.7149681,-7.0978199],[107.7155006,-7.0978158],[107.7158698,-7.0980341],[107.7160925,-7.0985451],[107.7163685,-7.0986369],[107.7165082,-7.0983455],[107.7164009,-7.098042],[107.7163473,-7.0974725],[107.7165613,-7.0972355],[107.7167436,-7.0972246],[107.716983,-7.0974139],[107.7173035,-7.0977706],[107.7174279,-7.0977907],[107.7176052,-7.0976002],[107.7177232,-7.0971557],[107.7178574,-7.0967884],[107.7182537,-7.0963757],[107.7186406,-7.0962028],[107.7190421,-7.0957229],[107.7198348,-7.0956157],[107.7198637,-7.0955401],[107.7197681,-7.0952344],[107.721455,-7.0935917],[107.7217707,-7.0935279],[107.7224167,-7.0936898],[107.7227523,-7.0936474],[107.7229509,-7.0933788],[107.7229723,-7.0931685],[107.7228234,-7.0929379],[107.7225244,-7.0929636],[107.7222481,-7.092913],[107.722065,-7.0927987],[107.7221516,-7.0925803],[107.7228976,-7.0921677],[107.7231333,-7.0922236],[107.7232969,-7.0923913],[107.7235787,-7.0923963],[107.7234042,-7.0920134],[107.7234489,-7.0918126],[107.7239165,-7.0915795],[107.7241676,-7.0913419],[107.7240667,-7.0908608],[107.7241948,-7.0907277],[107.7246621,-7.0907065],[107.7250646,-7.0905232],[107.7253917,-7.0899772],[107.7254567,-7.0889679],[107.7255473,-7.088838],[107.7258128,-7.0888646],[107.7260783,-7.0891946],[107.7263377,-7.0893185],[107.7264512,-7.0892479],[107.726486,-7.0890669],[107.7262795,-7.0884041],[107.7264029,-7.0881113],[107.7265584,-7.0880554],[107.7270305,-7.0881166],[107.7273282,-7.0880022],[107.7274758,-7.0877653],[107.7275482,-7.0873873],[107.7274865,-7.087209],[107.7276555,-7.0869641],[107.7280471,-7.0869455],[107.7285165,-7.0872463],[107.7288625,-7.0876189],[107.7289885,-7.0876428],[107.7290717,-7.0874938],[107.7290958,-7.087201],[107.7292675,-7.0869508],[107.7296403,-7.0866793],[107.7311826,-7.0859393],[107.7314132,-7.0855827],[107.7314776,-7.0851062],[107.7315178,-7.0848055],[107.7316841,-7.0846111],[107.732293,-7.0841933],[107.7324834,-7.0840016],[107.732985,-7.0837328],[107.7331969,-7.0836795],[107.7339023,-7.0837967],[107.7340338,-7.0837647],[107.7342162,-7.0835917],[107.7343771,-7.0832643],[107.73442,-7.0829236],[107.7343637,-7.0824684],[107.7342966,-7.0821251],[107.734302,-7.0819627],[107.7345058,-7.0815927],[107.735104,-7.0812307],[107.73615,-7.0810604],[107.7375019,-7.0810045],[107.7377138,-7.0811349],[107.7381429,-7.0820479],[107.738556,-7.082173],[107.7388027,-7.0821544],[107.7390683,-7.0819068],[107.7395457,-7.0814117],[107.7400766,-7.0811595],[107.740235,-7.0811562],[107.7404554,-7.0812685],[107.7406949,-7.0822893],[107.7410351,-7.0826321],[107.7416915,-7.0828517],[107.7423164,-7.0829555],[107.7425345,-7.0829543],[107.7431703,-7.0835553],[107.7434778,-7.0835039],[107.7436733,-7.0833211],[107.7436173,-7.0826202],[107.7436875,-7.0822112],[107.7440392,-7.0812762],[107.7443227,-7.0807915],[107.7447072,-7.0804755],[107.7449852,-7.0804109],[107.7452213,-7.0804748],[107.745702,-7.0802917],[107.7458835,-7.0802028],[107.7458113,-7.079812],[107.7460533,-7.078741],[107.7461716,-7.0785334],[107.746565,-7.0781298],[107.7472249,-7.0776959],[107.7476859,-7.0775168],[107.7480108,-7.077302],[107.7482058,-7.0766373],[107.7481985,-7.0759924],[107.7480713,-7.0752571],[107.7483655,-7.0747344],[107.7487725,-7.0741398],[107.7488691,-7.0737086],[107.7495219,-7.0729318],[107.7499312,-7.0722552],[107.7501351,-7.0718959],[107.7502846,-7.0716043],[107.7503389,-7.0710973],[107.7503496,-7.0705357],[107.7504086,-7.0700859],[107.7504113,-7.0698197],[107.7504502,-7.0696822],[107.7508508,-7.0692862],[107.7510604,-7.0690105],[107.7511141,-7.0686165],[107.7510792,-7.0683104],[107.7510953,-7.0680948],[107.7513769,-7.067432],[107.7516642,-7.0668645],[107.7520746,-7.0660367],[107.7524474,-7.0659169],[107.7525547,-7.0658317],[107.7529409,-7.0654271],[107.7531984,-7.0649266],[107.7535149,-7.0646498],[107.7537024,-7.0644561],[107.753995,-7.0643384],[107.7547219,-7.0643197],[107.755033,-7.0642985],[107.7555158,-7.064373],[107.755945,-7.0642452],[107.7562883,-7.0640962],[107.7566424,-7.0635851],[107.7569857,-7.0631805],[107.7572968,-7.0629569],[107.7584448,-7.0627759],[107.7590134,-7.0627972],[107.7595392,-7.0626162],[107.7599576,-7.0625629],[107.7603975,-7.0622542],[107.7606764,-7.0620731],[107.7611485,-7.0616579],[107.7612236,-7.0615088],[107.7612343,-7.0612746],[107.7609124,-7.0606996],[107.7607301,-7.0601247],[107.7607408,-7.0599437],[107.7608052,-7.0598265],[107.7612236,-7.0597946],[107.7613845,-7.0596775],[107.7613952,-7.059539],[107.7609554,-7.0588576],[107.7603653,-7.0583465],[107.7601829,-7.0581549],[107.7601185,-7.0578248],[107.7601829,-7.057548],[107.7602902,-7.0573989],[107.7605262,-7.0572498],[107.7607944,-7.0572498],[107.7614167,-7.0572605],[107.7616206,-7.0571646],[107.7616742,-7.0569836],[107.7614274,-7.0563341],[107.7613845,-7.0555143],[107.7612129,-7.0550138],[107.7610627,-7.0540662],[107.7609339,-7.0537148],[107.7607622,-7.0535232],[107.7604404,-7.0533422],[107.7597967,-7.0532463],[107.7595928,-7.0530547],[107.7594962,-7.0528204],[107.7595928,-7.0520857],[107.7595177,-7.0514362],[107.7594104,-7.0511274],[107.759228,-7.0509677],[107.7590134,-7.0509464],[107.7587989,-7.0509997],[107.7585306,-7.0511168],[107.7578547,-7.0516811],[107.7575972,-7.051777],[107.7573183,-7.0517237],[107.7568569,-7.0513723],[107.75646,-7.0504034],[107.7562883,-7.0501585],[107.7560952,-7.0499349],[107.7559128,-7.0496341],[107.7558726,-7.0494132],[107.7560469,-7.0490245],[107.7561757,-7.0487291],[107.7561837,-7.0485134],[107.755827,-7.0479917],[107.7555346,-7.0477548],[107.7551403,-7.0475711],[107.7548507,-7.0474114],[107.7546683,-7.0471664],[107.7546279,-7.0469249],[107.7546146,-7.0462614],[107.7546683,-7.0460804],[107.7548828,-7.0459313],[107.7555507,-7.045942],[107.7556513,-7.0459073],[107.7557143,-7.0458142],[107.7556553,-7.0449517],[107.7555159,-7.044603],[107.7553791,-7.0443767],[107.755194,-7.044249],[107.7549284,-7.0442676],[107.7547273,-7.0443927],[107.7543759,-7.0448532],[107.7541667,-7.044981],[107.7540353,-7.0449943],[107.7538743,-7.0447068],[107.7538502,-7.0442569],[107.7538314,-7.0437059],[107.75384,-7.0434136],[107.7539646,-7.0430066],[107.7541037,-7.0425824],[107.7543081,-7.0420872],[107.7546106,-7.0417784],[107.7548007,-7.0415152],[107.7548253,-7.0413041],[107.754775,-7.041071],[107.7544406,-7.0404388],[107.7539342,-7.03957],[107.7531892,-7.0385612],[107.7529723,-7.0384062],[107.752733,-7.0382399],[107.7524085,-7.0379747],[107.7521159,-7.0376422],[107.7519718,-7.0373874],[107.7518777,-7.0372375],[107.7517563,-7.0370007],[107.7516669,-7.0368253],[107.7514953,-7.036549],[107.7514079,-7.0363089],[107.7513933,-7.0359122],[107.7513988,-7.0357083],[107.7513956,-7.0355258],[107.7513643,-7.035298],[107.7512736,-7.0351024],[107.7508893,-7.0348249],[107.7503301,-7.0345269],[107.7501,-7.0343229],[107.7500448,-7.0342323],[107.7500447,-7.0341143],[107.7500971,-7.0339375],[107.7506315,-7.0332949],[107.7506398,-7.0330536],[107.7505162,-7.0328024],[107.7496364,-7.0320783],[107.7491751,-7.0317802],[107.7485743,-7.0316737],[107.7479627,-7.0316311],[107.7476023,-7.0315157],[107.7474695,-7.0313403],[107.7474265,-7.0310845],[107.7471903,-7.0304598],[107.7468255,-7.0301404],[107.7464285,-7.029938],[107.7460959,-7.0299487],[107.7456663,-7.0298142],[107.7454373,-7.0297587],[107.7450822,-7.0295352],[107.744566,-7.0290636],[107.7443149,-7.0289158],[107.7440789,-7.0289158],[107.7437186,-7.0291543],[107.7435717,-7.0294542],[107.7435335,-7.0296435],[107.7433493,-7.0299796],[107.7430306,-7.0300829],[107.742784,-7.0299546],[107.7424267,-7.0295867],[107.7416293,-7.0286089],[107.7412014,-7.0281801],[107.7406865,-7.0281021],[107.7404043,-7.0278872],[107.7403611,-7.0276293],[107.7404124,-7.0274066]]}},{"type":"Feature","properties":{"name":"Ci Tarum"},"geometry":{"type":"LineString","coordinates":[[107.6948681,-7.1797954],[107.6954588,-7.1799486],[107.6957706,-7.1797243],[107.6958978,-7.1794851],[107.6959686,-7.1791626],[107.6958615,-7.1789321],[107.6956303,-7.1785185],[107.6955534,-7.1781539],[107.6954834,-7.1778972],[107.6951186,-7.1775649],[107.6951439,-7.177438],[107.6954052,-7.1772262],[107.6954876,-7.1771044],[107.6954412,-7.1768761],[107.6950964,-7.1763783],[107.6949487,-7.1759717],[107.6948868,-7.1756875],[107.6950531,-7.1755423],[107.6953931,-7.1754404],[107.6954074,-7.1752956],[107.6950945,-7.1745799],[107.6953115,-7.173951],[107.695247,-7.1734454],[107.6953459,-7.1731932],[107.6956252,-7.1730416],[107.695889,-7.1728269],[107.6958113,-7.1723854],[107.6960015,-7.1722093],[107.6963958,-7.1722048],[107.6966368,-7.171792],[107.6969383,-7.1716507],[107.6971513,-7.1717075],[107.6974394,-7.1715993],[107.6978173,-7.1712775],[107.6977242,-7.1708193],[107.6979763,-7.1705399],[107.698089,-7.170128],[107.6982559,-7.1698193],[107.6983009,-7.1689401],[107.6985322,-7.1686861],[107.6988013,-7.1686919],[107.6991804,-7.1683806],[107.6995911,-7.1682027],[107.6994192,-7.167676],[107.7003422,-7.1670667],[107.700526,-7.1664043],[107.7009089,-7.1660872],[107.7007501,-7.1656055],[107.7000641,-7.1646167],[107.7002828,-7.1641083],[107.7010897,-7.1639818],[107.701027,-7.163235],[107.7009073,-7.1622983],[107.7014012,-7.1616642],[107.7007783,-7.1606107],[107.7007358,-7.1591218],[107.7016909,-7.1569667],[107.7016032,-7.1566053],[107.7013905,-7.1563576],[107.7014369,-7.1556126],[107.7009906,-7.1548938],[107.7015711,-7.1540932],[107.7013163,-7.1526885],[107.7019958,-7.1514945],[107.7017976,-7.151045],[107.7000705,-7.150427],[107.700021,-7.1491404],[107.6999396,-7.1490034],[107.6997379,-7.1488384],[107.6993556,-7.1487365],[107.6990123,-7.1486136],[107.6987221,-7.1483994],[107.6987114,-7.1482357],[107.6988035,-7.1479675],[107.6990513,-7.1474934],[107.6993026,-7.1470369],[107.6994689,-7.1468613],[107.6995645,-7.1467138],[107.6996676,-7.1464875],[107.6997051,-7.1461846],[107.6997124,-7.1458391],[107.6997124,-7.1455371],[107.6996699,-7.1452808],[107.6996487,-7.1450841],[107.6996062,-7.1448804],[107.6995637,-7.1446768],[107.6994618,-7.1445207],[107.6993556,-7.1443223],[107.6993008,-7.1441169],[107.6993733,-7.1440028],[107.7000989,-7.1432635],[107.7002015,-7.143102],[107.7002387,-7.1429826],[107.6999994,-7.1423883],[107.6997067,-7.1418136],[107.6995188,-7.1415354],[107.6992199,-7.1412755],[107.6991183,-7.141251],[107.6989889,-7.1412082],[107.69873,-7.140982],[107.6985945,-7.14082],[107.6984774,-7.1405509],[107.698368,-7.1403282],[107.6984197,-7.1402365],[107.6988354,-7.1391811],[107.6989416,-7.1390214],[107.699092,-7.1388563],[107.6991832,-7.1387775],[107.6992689,-7.1387035],[107.6994264,-7.1385947],[107.6995468,-7.1384612],[107.6996196,-7.1382397],[107.6997343,-7.1378906],[107.6997945,-7.1377431],[107.6999095,-7.1376184],[107.7000652,-7.1374972],[107.7003307,-7.1374569],[107.7004656,-7.1374595],[107.7005979,-7.1374621],[107.7008067,-7.1374569],[107.7009518,-7.1374305],[107.700989,-7.1373076],[107.7010155,-7.1371548],[107.7009978,-7.1369547],[107.7009182,-7.136765],[107.7008138,-7.136607],[107.7007262,-7.1364255],[107.7006935,-7.1363577],[107.7006744,-7.1356766],[107.7006367,-7.1343292],[107.7005943,-7.1334021],[107.7008066,-7.1316602],[107.7002828,-7.1313371],[107.7003961,-7.130705],[107.7014861,-7.1301993],[107.7013446,-7.1284715],[107.7019667,-7.127011],[107.702027,-7.1268694],[107.7019108,-7.1255777],[107.7021262,-7.1250357],[107.7020807,-7.124777],[107.7016419,-7.1237937],[107.7020524,-7.1228525],[107.7019816,-7.1217428],[107.7025479,-7.1207313],[107.701571,-7.1186726],[107.7015737,-7.1182941],[107.7017694,-7.1180893],[107.7019867,-7.1181531],[107.702311,-7.1181648],[107.7025017,-7.1181717],[107.7028182,-7.1179455],[107.7029696,-7.117669],[107.7029942,-7.1166457],[107.7027049,-7.116373],[107.7019706,-7.1163885],[107.7017319,-7.116295],[107.7016929,-7.11622],[107.7016526,-7.1161425],[107.701681,-7.1158242],[107.7019569,-7.1155374],[107.7022201,-7.1153957],[107.7031106,-7.1154809],[107.7033412,-7.1153611],[107.7033237,-7.1151441],[107.7035949,-7.1148484],[107.7044889,-7.114353],[107.7046932,-7.1142398],[107.7050927,-7.1139771],[107.7053583,-7.1137109],[107.7056116,-7.113076],[107.7056694,-7.1129311],[107.705925,-7.1124812],[107.7060959,-7.1121805],[107.7064552,-7.1117548],[107.706687,-7.1113357],[107.7067423,-7.1112357],[107.7069099,-7.1106019],[107.7069311,-7.1105218],[107.7069434,-7.110179],[107.7067743,-7.1096504],[107.7067769,-7.109396],[107.7069435,-7.1092435],[107.7075241,-7.1090532],[107.7076585,-7.1088469],[107.7075335,-7.1086326],[107.707504,-7.1081349],[107.7076773,-7.1079654],[107.7078313,-7.1079193],[107.7083623,-7.1081828],[107.708472,-7.1081059],[107.7085474,-7.1079113],[107.7086124,-7.1070989],[107.7092299,-7.106234],[107.7091697,-7.1052497],[107.7090275,-7.1047707],[107.7090409,-7.1045391],[107.7091337,-7.1043759],[107.7093963,-7.1041079],[107.7096163,-7.1040227],[107.7099711,-7.1037508],[107.7100025,-7.1034172],[107.7099636,-7.1032176],[107.7096324,-7.1028503],[107.709513,-7.1026587],[107.7096051,-7.1024679],[107.710252,-7.1022288],[107.7106469,-7.1019638],[107.7107374,-7.101622],[107.7113656,-7.1009348],[107.7117384,-7.1008101],[107.7123132,-7.1007489],[107.7129789,-7.1008074],[107.7130964,-7.1006212],[107.7130334,-7.1004894],[107.7125398,-7.1001809],[107.7126002,-7.0999624],[107.7128859,-7.0996137],[107.7136838,-7.0988521],[107.7140567,-7.0987527],[107.7144483,-7.0988485],[107.714695,-7.0991067],[107.7150355,-7.0990528],[107.7151363,-7.0988339],[107.7151215,-7.0985464],[107.7148385,-7.0981206],[107.7148171,-7.0979768],[107.7149681,-7.0978199],[107.7155006,-7.0978158],[107.7158698,-7.0980341],[107.7160925,-7.0985451],[107.7163685,-7.0986369],[107.7165082,-7.0983455],[107.7164009,-7.098042],[107.7163473,-7.0974725],[107.7165613,-7.0972355],[107.7167436,-7.0972246],[107.716983,-7.0974139],[107.7173035,-7.0977706],[107.7174279,-7.0977907],[107.7176052,-7.0976002],[107.7177232,-7.0971557],[107.7178574,-7.0967884],[107.7182537,-7.0963757],[107.7186406,-7.0962028],[107.7190421,-7.0957229],[107.7198348,-7.0956157],[107.7198637,-7.0955401],[107.7197681,-7.0952344],[107.721455,-7.0935917],[107.7217707,-7.0935279],[107.7224167,-7.0936898],[107.7227523,-7.0936474],[107.7229509,-7.0933788],[107.7229723,-7.0931685],[107.7228234,-7.0929379],[107.7225244,-7.0929636],[107.7222481,-7.092913],[107.722065,-7.0927987],[107.7221516,-7.0925803],[107.7228976,-7.0921677],[107.7231333,-7.0922236],[107.7232969,-7.0923913],[107.7235787,-7.0923963],[107.7234042,-7.0920134],[107.7234489,-7.0918126],[107.7239165,-7.0915795],[107.7241676,-7.0913419],[107.7240667,-7.0908608],[107.7241948,-7.0907277],[107.7246621,-7.0907065],[107.7250646,-7.0905232],[107.7253917,-7.0899772],[107.7254567,-7.0889679],[107.7255473,-7.088838],[107.7258128,-7.0888646],[107.7260783,-7.0891946],[107.7263377,-7.0893185],[107.7264512,-7.0892479],[107.726486,-7.0890669],[107.7262795,-7.0884041],[107.7264029,-7.0881113],[107.7265584,-7.0880554],[107.7270305,-7.0881166],[107.7273282,-7.0880022],[107.7274758,-7.0877653],[107.7275482,-7.0873873],[107.7274865,-7.087209],[107.7276555,-7.0869641],[107.7280471,-7.0869455],[107.7285165,-7.0872463],[107.7288625,-7.0876189],[107.7289885,-7.0876428],[107.7290717,-7.0874938],[107.7290958,-7.087201],[107.7292675,-7.0869508],[107.7296403,-7.0866793],[107.7311826,-7.0859393],[107.7314132,-7.0855827],[107.7314776,-7.0851062],[107.7315178,-7.0848055],[107.7316841,-7.0846111],[107.732293,-7.0841933],[107.7324834,-7.0840016],[107.732985,-7.0837328],[107.7331969,-7.0836795],[107.7339023,-7.0837967],[107.7340338,-7.0837647],[107.7342162,-7.0835917],[107.7343771,-7.0832643],[107.73442,-7.0829236],[107.7343637,-7.0824684],[107.7342966,-7.0821251],[107.734302,-7.0819627],[107.7345058,-7.0815927],[107.735104,-7.0812307],[107.73615,-7.0810604],[107.7375019,-7.0810045],[107.7377138,-7.0811349],[107.7381429,-7.0820479],[107.738556,-7.082173],[107.7388027,-7.0821544],[107.7390683,-7.0819068],[107.7395457,-7.0814117],[107.7400766,-7.0811595],[107.740235,-7.0811562],[107.7404554,-7.0812685],[107.7406949,-7.0822893],[107.7410351,-7.0826321],[107.7416915,-7.0828517],[107.7423164,-7.0829555],[107.7425345,-7.0829543],[107.7431703,-7.0835553],[107.7434778,-7.0835039],[107.7436733,-7.0833211],[107.7436173,-7.0826202],[107.7436875,-7.0822112],[107.7440392,-7.0812762],[107.7443227,-7.0807915],[107.7447072,-7.0804755],[107.7449852,-7.0804109],[107.7452213,-7.0804748],[107.745702,-7.0802917],[107.7458835,-7.0802028],[107.7458113,-7.079812],[107.7460533,-7.078741],[107.7461716,-7.0785334],[107.746565,-7.0781298],[107.7472249,-7.0776959],[107.7476859,-7.0775168],[107.7480108,-7.077302],[107.7482058,-7.0766373],[107.7481985,-7.0759924],[107.7480713,-7.0752571],[107.7483655,-7.0747344],[107.7487725,-7.0741398],[107.7488691,-7.0737086],[107.7495219,-7.0729318],[107.7499312,-7.0722552],[107.7501351,-7.0718959],[107.7502846,-7.0716043],[107.7503389,-7.0710973],[107.7503496,-7.0705357],[107.7504086,-7.0700859],[107.7504113,-7.0698197],[107.7504502,-7.0696822],[107.7508508,-7.0692862],[107.7510604,-7.0690105],[107.7511141,-7.0686165],[107.7510792,-7.0683104],[107.7510953,-7.0680948],[107.7513769,-7.067432],[107.7516642,-7.0668645],[107.7520746,-7.0660367],[107.7524474,-7.0659169],[107.7525547,-7.0658317],[107.7529409,-7.0654271],[107.7531984,-7.0649266],[107.7535149,-7.0646498],[107.7537024,-7.0644561],[107.753995,-7.0643384],[107.7547219,-7.0643197],[107.755033,-7.0642985],[107.7555158,-7.064373],[107.755945,-7.0642452],[107.7562883,-7.0640962],[107.7566424,-7.0635851],[107.7569857,-7.0631805],[107.7572968,-7.0629569],[107.7584448,-7.0627759],[107.7590134,-7.0627972],[107.7595392,-7.0626162],[107.7599576,-7.0625629],[107.7603975,-7.0622542],[107.7606764,-7.0620731],[107.7611485,-7.0616579],[107.7612236,-7.0615088],[107.7612343,-7.0612746],[107.7609124,-7.0606996],[107.7607301,-7.0601247],[107.7607408,-7.0599437],[107.7608052,-7.0598265],[107.7612236,-7.0597946],[107.7613845,-7.0596775],[107.7613952,-7.059539],[107.7609554,-7.0588576],[107.7603653,-7.0583465],[107.7601829,-7.0581549],[107.7601185,-7.0578248],[107.7601829,-7.057548],[107.7602902,-7.0573989],[107.7605262,-7.0572498],[107.7607944,-7.0572498],[107.7614167,-7.0572605],[107.7616206,-7.0571646],[107.7616742,-7.0569836],[107.7614274,-7.0563341],[107.7613845,-7.0555143],[107.7612129,-7.0550138],[107.7610627,-7.0540662],[107.7609339,-7.0537148],[107.7607622,-7.0535232],[107.7604404,-7.0533422],[107.7597967,-7.0532463],[107.7595928,-7.0530547],[107.7594962,-7.0528204],[107.7595928,-7.0520857],[107.7595177,-7.0514362],[107.7594104,-7.0511274],[107.759228,-7.0509677],[107.7590134,-7.0509464],[107.7587989,-7.0509997],[107.7585306,-7.0511168],[107.7578547,-7.0516811],[107.7575972,-7.051777],[107.7573183,-7.0517237],[107.7568569,-7.0513723],[107.75646,-7.0504034],[107.7562883,-7.0501585],[107.7560952,-7.0499349],[107.7559128,-7.0496341],[107.7558726,-7.0494132],[107.7560469,-7.0490245],[107.7561757,-7.0487291],[107.7561837,-7.0485134],[107.755827,-7.0479917],[107.7555346,-7.0477548],[107.7551403,-7.0475711],[107.7548507,-7.0474114],[107.7546683,-7.0471664],[107.7546279,-7.0469249],[107.7546146,-7.0462614],[107.7546683,-7.0460804],[107.7548828,-7.0459313],[107.7555507,-7.045942],[107.7556513,-7.0459073],[107.7557143,-7.0458142],[107.7556553,-7.0449517],[107.7555159,-7.044603],[107.7553791,-7.0443767],[107.755194,-7.044249],[107.7549284,-7.0442676],[107.7547273,-7.0443927],[107.7543759,-7.0448532],[107.7541667,-7.044981],[107.7540353,-7.0449943],[107.7538743,-7.0447068],[107.7538502,-7.0442569],[107.7538314,-7.0437059],[107.75384,-7.0434136],[107.7539646,-7.0430066],[107.7541037,-7.0425824],[107.7543081,-7.0420872],[107.7546106,-7.0417784],[107.7548007,-7.0415152],[107.7548253,-7.0413041],[107.754775,-7.041071],[107.7544406,-7.0404388],[107.7539342,-7.03957],[107.7531892,-7.0385612],[107.7529723,-7.0384062],[107.752733,-7.0382399],[107.7524085,-7.0379747],[107.7521159,-7.0376422],[107.7519718,-7.0373874],[107.7518777,-7.0372375],[107.7517563,-7.0370007],[107.7516669,-7.0368253],[107.7514953,-7.036549],[107.7514079,-7.0363089],[107.7513933,-7.0359122],[107.7513988,-7.0357083],[107.7513956,-7.0355258],[107.7513643,-7.035298],[107.7512736,-7.0351024],[107.7508893,-7.0348249],[107.7503301,-7.0345269],[107.7501,-7.0343229],[107.7500448,-7.0342323],[107.7500447,-7.0341143],[107.7500971,-7.0339375],[107.7506315,-7.0332949],[107.7506398,-7.0330536],[107.7505162,-7.0328024],[107.7496364,-7.0320783],[107.7491751,-7.0317802],[107.7485743,-7.0316737],[107.7479627,-7.0316311],[107.7476023,-7.0315157],[107.7474695,-7.0313403],[107.7474265,-7.0310845],[107.7471903,-7.0304598],[107.7468255,-7.0301404],[107.7464285,-7.029938],[107.7460959,-7.0299487],[107.7456663,-7.0298142],[107.7454373,-7.0297587],[107.7450822,-7.0295352],[107.744566,-7.0290636],[107.7443149,-7.0289158],[107.7440789,-7.0289158],[107.7437186,-7.0291543],[107.7435717,-7.0294542],[107.7435335,-7.0296435],[107.7433493,-7.0299796],[107.7430306,-7.0300829],[107.742784,-7.0299546],[107.7424267,-7.0295867],[107.7416293,-7.0286089],[107.7412014,-7.0281801],[107.7406865,-7.0281021],[107.7404043,-7.0278872],[107.7403611,-7.0276293],[107.7404124,-7.0274066]]}},{"type":"Feature","properties":{"name":"Ci Tarum"},"geometry":{"type":"LineString","coordinates":[[107.6948681,-7.1797954],[107.6954588,-7.1799486],[107.6957706,-7.1797243],[107.6958978,-7.1794851],[107.6959686,-7.1791626],[107.6958615,-7.1789321],[107.6956303,-7.1785185],[107.6955534,-7.1781539],[107.6954834,-7.1778972],[107.6951186,-7.1775649],[107.6951439,-7.177438],[107.6954052,-7.1772262],[107.6954876,-7.1771044],[107.6954412,-7.1768761],[107.6950964,-7.1763783],[107.6949487,-7.1759717],[107.6948868,-7.1756875],[107.6950531,-7.1755423],[107.6953931,-7.1754404],[107.6954074,-7.1752956],[107.6950945,-7.1745799],[107.6953115,-7.173951],[107.695247,-7.1734454],[107.6953459,-7.1731932],[107.6956252,-7.1730416],[107.695889,-7.1728269],[107.6958113,-7.1723854],[107.6960015,-7.1722093],[107.6963958,-7.1722048],[107.6966368,-7.171792],[107.6969383,-7.1716507],[107.6971513,-7.1717075],[107.6974394,-7.1715993],[107.6978173,-7.1712775],[107.6977242,-7.1708193],[107.6979763,-7.1705399],[107.698089,-7.170128],[107.6982559,-7.1698193],[107.6983009,-7.1689401],[107.6985322,-7.1686861],[107.6988013,-7.1686919],[107.6991804,-7.1683806],[107.6995911,-7.1682027],[107.6994192,-7.167676],[107.7003422,-7.1670667],[107.700526,-7.1664043],[107.7009089,-7.1660872],[107.7007501,-7.1656055],[107.7000641,-7.1646167],[107.7002828,-7.1641083],[107.7010897,-7.1639818],[107.701027,-7.163235],[107.7009073,-7.1622983],[107.7014012,-7.1616642],[107.7007783,-7.1606107],[107.7007358,-7.1591218],[107.7016909,-7.1569667],[107.7016032,-7.1566053],[107.7013905,-7.1563576],[107.7014369,-7.1556126],[107.7009906,-7.1548938],[107.7015711,-7.1540932],[107.7013163,-7.1526885],[107.7019958,-7.1514945],[107.7017976,-7.151045],[107.7000705,-7.150427],[107.700021,-7.1491404],[107.6999396,-7.1490034],[107.6997379,-7.1488384],[107.6993556,-7.1487365],[107.6990123,-7.1486136],[107.6987221,-7.1483994],[107.6987114,-7.1482357],[107.6988035,-7.1479675],[107.6990513,-7.1474934],[107.6993026,-7.1470369],[107.6994689,-7.1468613],[107.6995645,-7.1467138],[107.6996676,-7.1464875],[107.6997051,-7.1461846],[107.6997124,-7.1458391],[107.6997124,-7.1455371],[107.6996699,-7.1452808],[107.6996487,-7.1450841],[107.6996062,-7.1448804],[107.6995637,-7.1446768],[107.6994618,-7.1445207],[107.6993556,-7.1443223],[107.6993008,-7.1441169],[107.6993733,-7.1440028],[107.7000989,-7.1432635],[107.7002015,-7.143102],[107.7002387,-7.1429826],[107.6999994,-7.1423883],[107.6997067,-7.1418136],[107.6995188,-7.1415354],[107.6992199,-7.1412755],[107.6991183,-7.141251],[107.6989889,-7.1412082],[107.69873,-7.140982],[107.6985945,-7.14082],[107.6984774,-7.1405509],[107.698368,-7.1403282],[107.6984197,-7.1402365],[107.6988354,-7.1391811],[107.6989416,-7.1390214],[107.699092,-7.1388563],[107.6991832,-7.1387775],[107.6992689,-7.1387035],[107.6994264,-7.1385947],[107.6995468,-7.1384612],[107.6996196,-7.1382397],[107.6997343,-7.1378906],[107.6997945,-7.1377431],[107.6999095,-7.1376184],[107.7000652,-7.1374972],[107.7003307,-7.1374569],[107.7004656,-7.1374595],[107.7005979,-7.1374621],[107.7008067,-7.1374569],[107.7009518,-7.1374305],[107.700989,-7.1373076],[107.7010155,-7.1371548],[107.7009978,-7.1369547],[107.7009182,-7.136765],[107.7008138,-7.136607],[107.7007262,-7.1364255],[107.7006935,-7.1363577],[107.7006744,-7.1356766],[107.7006367,-7.1343292],[107.7005943,-7.1334021],[107.7008066,-7.1316602],[107.7002828,-7.1313371],[107.7003961,-7.130705],[107.7014861,-7.1301993],[107.7013446,-7.1284715],[107.7019667,-7.127011],[107.702027,-7.1268694],[107.7019108,-7.1255777],[107.7021262,-7.1250357],[107.7020807,-7.124777],[107.7016419,-7.1237937],[107.7020524,-7.1228525],[107.7019816,-7.1217428],[107.7025479,-7.1207313],[107.701571,-7.1186726],[107.7015737,-7.1182941],[107.7017694,-7.1180893],[107.7019867,-7.1181531],[107.702311,-7.1181648],[107.7025017,-7.1181717],[107.7028182,-7.1179455],[107.7029696,-7.117669],[107.7029942,-7.1166457],[107.7027049,-7.116373],[107.7019706,-7.1163885],[107.7017319,-7.116295],[107.7016929,-7.11622],[107.7016526,-7.1161425],[107.701681,-7.1158242],[107.7019569,-7.1155374],[107.7022201,-7.1153957],[107.7031106,-7.1154809],[107.7033412,-7.1153611],[107.7033237,-7.1151441],[107.7035949,-7.1148484],[107.7044889,-7.114353],[107.7046932,-7.1142398],[107.7050927,-7.1139771],[107.7053583,-7.1137109],[107.7056116,-7.113076],[107.7056694,-7.1129311],[107.705925,-7.1124812],[107.7060959,-7.1121805],[107.7064552,-7.1117548],[107.706687,-7.1113357],[107.7067423,-7.1112357],[107.7069099,-7.1106019],[107.7069311,-7.1105218],[107.7069434,-7.110179],[107.7067743,-7.1096504],[107.7067769,-7.109396],[107.7069435,-7.1092435],[107.7075241,-7.1090532],[107.7076585,-7.1088469],[107.7075335,-7.1086326],[107.707504,-7.1081349],[107.7076773,-7.1079654],[107.7078313,-7.1079193],[107.7083623,-7.1081828],[107.708472,-7.1081059],[107.7085474,-7.1079113],[107.7086124,-7.1070989],[107.7092299,-7.106234],[107.7091697,-7.1052497],[107.7090275,-7.1047707],[107.7090409,-7.1045391],[107.7091337,-7.1043759],[107.7093963,-7.1041079],[107.7096163,-7.1040227],[107.7099711,-7.1037508],[107.7100025,-7.1034172],[107.7099636,-7.1032176],[107.7096324,-7.1028503],[107.709513,-7.1026587],[107.7096051,-7.1024679],[107.710252,-7.1022288],[107.7106469,-7.1019638],[107.7107374,-7.101622],[107.7113656,-7.1009348],[107.7117384,-7.1008101],[107.7123132,-7.1007489],[107.7129789,-7.1008074],[107.7130964,-7.1006212],[107.7130334,-7.1004894],[107.7125398,-7.1001809],[107.7126002,-7.0999624],[107.7128859,-7.0996137],[107.7136838,-7.0988521],[107.7140567,-7.0987527],[107.7144483,-7.0988485],[107.714695,-7.0991067],[107.7150355,-7.0990528],[107.7151363,-7.0988339],[107.7151215,-7.0985464],[107.7148385,-7.0981206],[107.7148171,-7.0979768],[107.7149681,-7.0978199],[107.7155006,-7.0978158],[107.7158698,-7.0980341],[107.7160925,-7.0985451],[107.7163685,-7.0986369],[107.7165082,-7.0983455],[107.7164009,-7.098042],[107.7163473,-7.0974725],[107.7165613,-7.0972355],[107.7167436,-7.0972246],[107.716983,-7.0974139],[107.7173035,-7.0977706],[107.7174279,-7.0977907],[107.7176052,-7.0976002],[107.7177232,-7.0971557],[107.7178574,-7.0967884],[107.7182537,-7.0963757],[107.7186406,-7.0962028],[107.7190421,-7.0957229],[107.7198348,-7.0956157],[107.7198637,-7.0955401],[107.7197681,-7.0952344],[107.721455,-7.0935917],[107.7217707,-7.0935279],[107.7224167,-7.0936898],[107.7227523,-7.0936474],[107.7229509,-7.0933788],[107.7229723,-7.0931685],[107.7228234,-7.0929379],[107.7225244,-7.0929636],[107.7222481,-7.092913],[107.722065,-7.0927987],[107.7221516,-7.0925803],[107.7228976,-7.0921677],[107.7231333,-7.0922236],[107.7232969,-7.0923913],[107.7235787,-7.0923963],[107.7234042,-7.0920134],[107.7234489,-7.0918126],[107.7239165,-7.0915795],[107.7241676,-7.0913419],[107.7240667,-7.0908608],[107.7241948,-7.0907277],[107.7246621,-7.0907065],[107.7250646,-7.0905232],[107.7253917,-7.0899772],[107.7254567,-7.0889679],[107.7255473,-7.088838],[107.7258128,-7.0888646],[107.7260783,-7.0891946],[107.7263377,-7.0893185],[107.7264512,-7.0892479],[107.726486,-7.0890669],[107.7262795,-7.0884041],[107.7264029,-7.0881113],[107.7265584,-7.0880554],[107.7270305,-7.0881166],[107.7273282,-7.0880022],[107.7274758,-7.0877653],[107.7275482,-7.0873873],[107.7274865,-7.087209],[107.7276555,-7.0869641],[107.7280471,-7.0869455],[107.7285165,-7.0872463],[107.7288625,-7.0876189],[107.7289885,-7.0876428],[107.7290717,-7.0874938],[107.7290958,-7.087201],[107.7292675,-7.0869508],[107.7296403,-7.0866793],[107.7311826,-7.0859393],[107.7314132,-7.0855827],[107.7314776,-7.0851062],[107.7315178,-7.0848055],[107.7316841,-7.0846111],[107.732293,-7.0841933],[107.7324834,-7.0840016],[107.732985,-7.0837328],[107.7331969,-7.0836795],[107.7339023,-7.0837967],[107.7340338,-7.0837647],[107.7342162,-7.0835917],[107.7343771,-7.0832643],[107.73442,-7.0829236],[107.7343637,-7.0824684],[107.7342966,-7.0821251],[107.734302,-7.0819627],[107.7345058,-7.0815927],[107.735104,-7.0812307],[107.73615,-7.0810604],[107.7375019,-7.0810045],[107.7377138,-7.0811349],[107.7381429,-7.0820479],[107.738556,-7.082173],[107.7388027,-7.0821544],[107.7390683,-7.0819068],[107.7395457,-7.0814117],[107.7400766,-7.0811595],[107.740235,-7.0811562],[107.7404554,-7.0812685],[107.7406949,-7.0822893],[107.7410351,-7.0826321],[107.7416915,-7.0828517],[107.7423164,-7.0829555],[107.7425345,-7.0829543],[107.7431703,-7.0835553],[107.7434778,-7.0835039],[107.7436733,-7.0833211],[107.7436173,-7.0826202],[107.7436875,-7.0822112],[107.7440392,-7.0812762],[107.7443227,-7.0807915],[107.7447072,-7.0804755],[107.7449852,-7.0804109],[107.7452213,-7.0804748],[107.745702,-7.0802917],[107.7458835,-7.0802028],[107.7458113,-7.079812],[107.7460533,-7.078741],[107.7461716,-7.0785334],[107.746565,-7.0781298],[107.7472249,-7.0776959],[107.7476859,-7.0775168],[107.7480108,-7.077302],[107.7482058,-7.0766373],[107.7481985,-7.0759924],[107.7480713,-7.0752571],[107.7483655,-7.0747344],[107.7487725,-7.0741398],[107.7488691,-7.0737086],[107.7495219,-7.0729318],[107.7499312,-7.0722552],[107.7501351,-7.0718959],[107.7502846,-7.0716043],[107.7503389,-7.0710973],[107.7503496,-7.0705357],[107.7504086,-7.0700859],[107.7504113,-7.0698197],[107.7504502,-7.0696822],[107.7508508,-7.0692862],[107.7510604,-7.0690105],[107.7511141,-7.0686165],[107.7510792,-7.0683104],[107.7510953,-7.0680948],[107.7513769,-7.067432],[107.7516642,-7.0668645],[107.7520746,-7.0660367],[107.7524474,-7.0659169],[107.7525547,-7.0658317],[107.7529409,-7.0654271],[107.7531984,-7.0649266],[107.7535149,-7.0646498],[107.7537024,-7.0644561],[107.753995,-7.0643384],[107.7547219,-7.0643197],[107.755033,-7.0642985],[107.7555158,-7.064373],[107.755945,-7.0642452],[107.7562883,-7.0640962],[107.7566424,-7.0635851],[107.7569857,-7.0631805],[107.7572968,-7.0629569],[107.7584448,-7.0627759],[107.7590134,-7.0627972],[107.7595392,-7.0626162],[107.7599576,-7.0625629],[107.7603975,-7.0622542],[107.7606764,-7.0620731],[107.7611485,-7.0616579],[107.7612236,-7.0615088],[107.7612343,-7.0612746],[107.7609124,-7.0606996],[107.7607301,-7.0601247],[107.7607408,-7.0599437],[107.7608052,-7.0598265],[107.7612236,-7.0597946],[107.7613845,-7.0596775],[107.7613952,-7.059539],[107.7609554,-7.0588576],[107.7603653,-7.0583465],[107.7601829,-7.0581549],[107.7601185,-7.0578248],[107.7601829,-7.057548],[107.7602902,-7.0573989],[107.7605262,-7.0572498],[107.7607944,-7.0572498],[107.7614167,-7.0572605],[107.7616206,-7.0571646],[107.7616742,-7.0569836],[107.7614274,-7.0563341],[107.7613845,-7.0555143],[107.7612129,-7.0550138],[107.7610627,-7.0540662],[107.7609339,-7.0537148],[107.7607622,-7.0535232],[107.7604404,-7.0533422],[107.7597967,-7.0532463],[107.7595928,-7.0530547],[107.7594962,-7.0528204],[107.7595928,-7.0520857],[107.7595177,-7.0514362],[107.7594104,-7.0511274],[107.759228,-7.0509677],[107.7590134,-7.0509464],[107.7587989,-7.0509997],[107.7585306,-7.0511168],[107.7578547,-7.0516811],[107.7575972,-7.051777],[107.7573183,-7.0517237],[107.7568569,-7.0513723],[107.75646,-7.0504034],[107.7562883,-7.0501585],[107.7560952,-7.0499349],[107.7559128,-7.0496341],[107.7558726,-7.0494132],[107.7560469,-7.0490245],[107.7561757,-7.0487291],[107.7561837,-7.0485134],[107.755827,-7.0479917],[107.7555346,-7.0477548],[107.7551403,-7.0475711],[107.7548507,-7.0474114],[107.7546683,-7.0471664],[107.7546279,-7.0469249],[107.7546146,-7.0462614],[107.7546683,-7.0460804],[107.7548828,-7.0459313],[107.7555507,-7.045942],[107.7556513,-7.0459073],[107.7557143,-7.0458142],[107.7556553,-7.0449517],[107.7555159,-7.044603],[107.7553791,-7.0443767],[107.755194,-7.044249],[107.7549284,-7.0442676],[107.7547273,-7.0443927],[107.7543759,-7.0448532],[107.7541667,-7.044981],[107.7540353,-7.0449943],[107.7538743,-7.0447068],[107.7538502,-7.0442569],[107.7538314,-7.0437059],[107.75384,-7.0434136],[107.7539646,-7.0430066],[107.7541037,-7.0425824],[107.7543081,-7.0420872],[107.7546106,-7.0417784],[107.7548007,-7.0415152],[107.7548253,-7.0413041],[107.754775,-7.041071],[107.7544406,-7.0404388],[107.7539342,-7.03957],[107.7531892,-7.0385612],[107.7529723,-7.0384062],[107.752733,-7.0382399],[107.7524085,-7.0379747],[107.7521159,-7.0376422],[107.7519718,-7.0373874],[107.7518777,-7.0372375],[107.7517563,-7.0370007],[107.7516669,-7.0368253],[107.7514953,-7.036549],[107.7514079,-7.0363089],[107.7513933,-7.0359122],[107.7513988,-7.0357083],[107.7513956,-7.0355258],[107.7513643,-7.035298],[107.7512736,-7.0351024],[107.7508893,-7.0348249],[107.7503301,-7.0345269],[107.7501,-7.0343229],[107.7500448,-7.0342323],[107.7500447,-7.0341143],[107.7500971,-7.0339375],[107.7506315,-7.0332949],[107.7506398,-7.0330536],[107.7505162,-7.0328024],[107.7496364,-7.0320783],[107.7491751,-7.0317802],[107.7485743,-7.0316737],[107.7479627,-7.0316311],[107.7476023,-7.0315157],[107.7474695,-7.0313403],[107.7474265,-7.0310845],[107.7471903,-7.0304598],[107.7468255,-7.0301404],[107.7464285,-7.029938],[107.7460959,-7.0299487],[107.7456663,-7.0298142],[107.7454373,-7.0297587],[107.7450822,-7.0295352],[107.744566,-7.0290636],[107.7443149,-7.0289158],[107.7440789,-7.0289158],[107.7437186,-7.0291543],[107.7435717,-7.0294542],[107.7435335,-7.0296435],[107.7433493,-7.0299796],[107.7430306,-7.0300829],[107.742784,-7.0299546],[107.7424267,-7.0295867],[107.7416293,-7.0286089],[107.7412014,-7.0281801],[107.7406865,-7.0281021],[107.7404043,-7.0278872],[107.7403611,-7.0276293],[107.7404124,-7.0274066]]}},{"type":"Feature","properties":{"name":"Ci Tarum"},"geometry":{"type":"LineString","coordinates":[[107.6948681,-7.1797954],[107.6954588,-7.1799486],[107.6957706,-7.1797243],[107.6958978,-7.1794851],[107.6959686,-7.1791626],[107.6958615,-7.1789321],[107.6956303,-7.1785185],[107.6955534,-7.1781539],[107.6954834,-7.1778972],[107.6951186,-7.1775649],[107.6951439,-7.177438],[107.6954052,-7.1772262],[107.6954876,-7.1771044],[107.6954412,-7.1768761],[107.6950964,-7.1763783],[107.6949487,-7.1759717],[107.6948868,-7.1756875],[107.6950531,-7.1755423],[107.6953931,-7.1754404],[107.6954074,-7.1752956],[107.6950945,-7.1745799],[107.6953115,-7.173951],[107.695247,-7.1734454],[107.6953459,-7.1731932],[107.6956252,-7.1730416],[107.695889,-7.1728269],[107.6958113,-7.1723854],[107.6960015,-7.1722093],[107.6963958,-7.1722048],[107.6966368,-7.171792],[107.6969383,-7.1716507],[107.6971513,-7.1717075],[107.6974394,-7.1715993],[107.6978173,-7.1712775],[107.6977242,-7.1708193],[107.6979763,-7.1705399],[107.698089,-7.170128],[107.6982559,-7.1698193],[107.6983009,-7.1689401],[107.6985322,-7.1686861],[107.6988013,-7.1686919],[107.6991804,-7.1683806],[107.6995911,-7.1682027],[107.6994192,-7.167676],[107.7003422,-7.1670667],[107.700526,-7.1664043],[107.7009089,-7.1660872],[107.7007501,-7.1656055],[107.7000641,-7.1646167],[107.7002828,-7.1641083],[107.7010897,-7.1639818],[107.701027,-7.163235],[107.7009073,-7.1622983],[107.7014012,-7.1616642],[107.7007783,-7.1606107],[107.7007358,-7.1591218],[107.7016909,-7.1569667],[107.7016032,-7.1566053],[107.7013905,-7.1563576],[107.7014369,-7.1556126],[107.7009906,-7.1548938],[107.7015711,-7.1540932],[107.7013163,-7.1526885],[107.7019958,-7.1514945],[107.7017976,-7.151045],[107.7000705,-7.150427],[107.700021,-7.1491404],[107.6999396,-7.1490034],[107.6997379,-7.1488384],[107.6993556,-7.1487365],[107.6990123,-7.1486136],[107.6987221,-7.1483994],[107.6987114,-7.1482357],[107.6988035,-7.1479675],[107.6990513,-7.1474934],[107.6993026,-7.1470369],[107.6994689,-7.1468613],[107.6995645,-7.1467138],[107.6996676,-7.1464875],[107.6997051,-7.1461846],[107.6997124,-7.1458391],[107.6997124,-7.1455371],[107.6996699,-7.1452808],[107.6996487,-7.1450841],[107.6996062,-7.1448804],[107.6995637,-7.1446768],[107.6994618,-7.1445207],[107.6993556,-7.1443223],[107.6993008,-7.1441169],[107.6993733,-7.1440028],[107.7000989,-7.1432635],[107.7002015,-7.143102],[107.7002387,-7.1429826],[107.6999994,-7.1423883],[107.6997067,-7.1418136],[107.6995188,-7.1415354],[107.6992199,-7.1412755],[107.6991183,-7.141251],[107.6989889,-7.1412082],[107.69873,-7.140982],[107.6985945,-7.14082],[107.6984774,-7.1405509],[107.698368,-7.1403282],[107.6984197,-7.1402365],[107.6988354,-7.1391811],[107.6989416,-7.1390214],[107.699092,-7.1388563],[107.6991832,-7.1387775],[107.6992689,-7.1387035],[107.6994264,-7.1385947],[107.6995468,-7.1384612],[107.6996196,-7.1382397],[107.6997343,-7.1378906],[107.6997945,-7.1377431],[107.6999095,-7.1376184],[107.7000652,-7.1374972],[107.7003307,-7.1374569],[107.7004656,-7.1374595],[107.7005979,-7.1374621],[107.7008067,-7.1374569],[107.7009518,-7.1374305],[107.700989,-7.1373076],[107.7010155,-7.1371548],[107.7009978,-7.1369547],[107.7009182,-7.136765],[107.7008138,-7.136607],[107.7007262,-7.1364255],[107.7006935,-7.1363577],[107.7006744,-7.1356766],[107.7006367,-7.1343292],[107.7005943,-7.1334021],[107.7008066,-7.1316602],[107.7002828,-7.1313371],[107.7003961,-7.130705],[107.7014861,-7.1301993],[107.7013446,-7.1284715],[107.7019667,-7.127011],[107.702027,-7.1268694],[107.7019108,-7.1255777],[107.7021262,-7.1250357],[107.7020807,-7.124777],[107.7016419,-7.1237937],[107.7020524,-7.1228525],[107.7019816,-7.1217428],[107.7025479,-7.1207313],[107.701571,-7.1186726],[107.7015737,-7.1182941],[107.7017694,-7.1180893],[107.7019867,-7.1181531],[107.702311,-7.1181648],[107.7025017,-7.1181717],[107.7028182,-7.1179455],[107.7029696,-7.117669],[107.7029942,-7.1166457],[107.7027049,-7.116373],[107.7019706,-7.1163885],[107.7017319,-7.116295],[107.7016929,-7.11622],[107.7016526,-7.1161425],[107.701681,-7.1158242],[107.7019569,-7.1155374],[107.7022201,-7.1153957],[107.7031106,-7.1154809],[107.7033412,-7.1153611],[107.7033237,-7.1151441],[107.7035949,-7.1148484],[107.7044889,-7.114353],[107.7046932,-7.1142398],[107.7050927,-7.1139771],[107.7053583,-7.1137109],[107.7056116,-7.113076],[107.7056694,-7.1129311],[107.705925,-7.1124812],[107.7060959,-7.1121805],[107.7064552,-7.1117548],[107.706687,-7.1113357],[107.7067423,-7.1112357],[107.7069099,-7.1106019],[107.7069311,-7.1105218],[107.7069434,-7.110179],[107.7067743,-7.1096504],[107.7067769,-7.109396],[107.7069435,-7.1092435],[107.7075241,-7.1090532],[107.7076585,-7.1088469],[107.7075335,-7.1086326],[107.707504,-7.1081349],[107.7076773,-7.1079654],[107.7078313,-7.1079193],[107.7083623,-7.1081828],[107.708472,-7.1081059],[107.7085474,-7.1079113],[107.7086124,-7.1070989],[107.7092299,-7.106234],[107.7091697,-7.1052497],[107.7090275,-7.1047707],[107.7090409,-7.1045391],[107.7091337,-7.1043759],[107.7093963,-7.1041079],[107.7096163,-7.1040227],[107.7099711,-7.1037508],[107.7100025,-7.1034172],[107.7099636,-7.1032176],[107.7096324,-7.1028503],[107.709513,-7.1026587],[107.7096051,-7.1024679],[107.710252,-7.1022288],[107.7106469,-7.1019638],[107.7107374,-7.101622],[107.7113656,-7.1009348],[107.7117384,-7.1008101],[107.7123132,-7.1007489],[107.7129789,-7.1008074],[107.7130964,-7.1006212],[107.7130334,-7.1004894],[107.7125398,-7.1001809],[107.7126002,-7.0999624],[107.7128859,-7.0996137],[107.7136838,-7.0988521],[107.7140567,-7.0987527],[107.7144483,-7.0988485],[107.714695,-7.0991067],[107.7150355,-7.0990528],[107.7151363,-7.0988339],[107.7151215,-7.0985464],[107.7148385,-7.0981206],[107.7148171,-7.0979768],[107.7149681,-7.0978199],[107.7155006,-7.0978158],[107.7158698,-7.0980341],[107.7160925,-7.0985451],[107.7163685,-7.0986369],[107.7165082,-7.0983455],[107.7164009,-7.098042],[107.7163473,-7.0974725],[107.7165613,-7.0972355],[107.7167436,-7.0972246],[107.716983,-7.0974139],[107.7173035,-7.0977706],[107.7174279,-7.0977907],[107.7176052,-7.0976002],[107.7177232,-7.0971557],[107.7178574,-7.0967884],[107.7182537,-7.0963757],[107.7186406,-7.0962028],[107.7190421,-7.0957229],[107.7198348,-7.0956157],[107.7198637,-7.0955401],[107.7197681,-7.0952344],[107.721455,-7.0935917],[107.7217707,-7.0935279],[107.7224167,-7.0936898],[107.7227523,-7.0936474],[107.7229509,-7.0933788],[107.7229723,-7.0931685],[107.7228234,-7.0929379],[107.7225244,-7.0929636],[107.7222481,-7.092913],[107.722065,-7.0927987],[107.7221516,-7.0925803],[107.7228976,-7.0921677],[107.7231333,-7.0922236],[107.7232969,-7.0923913],[107.7235787,-7.0923963],[107.7234042,-7.0920134],[107.7234489,-7.0918126],[107.7239165,-7.0915795],[107.7241676,-7.0913419],[107.7240667,-7.0908608],[107.7241948,-7.0907277],[107.7246621,-7.0907065],[107.7250646,-7.0905232],[107.7253917,-7.0899772],[107.7254567,-7.0889679],[107.7255473,-7.088838],[107.7258128,-7.0888646],[107.7260783,-7.0891946],[107.7263377,-7.0893185],[107.7264512,-7.0892479],[107.726486,-7.0890669],[107.7262795,-7.0884041],[107.7264029,-7.0881113],[107.7265584,-7.0880554],[107.7270305,-7.0881166],[107.7273282,-7.0880022],[107.7274758,-7.0877653],[107.7275482,-7.0873873],[107.7274865,-7.087209],[107.7276555,-7.0869641],[107.7280471,-7.0869455],[107.7285165,-7.0872463],[107.7288625,-7.0876189],[107.7289885,-7.0876428],[107.7290717,-7.0874938],[107.7290958,-7.087201],[107.7292675,-7.0869508],[107.7296403,-7.0866793],[107.7311826,-7.0859393],[107.7314132,-7.0855827],[107.7314776,-7.0851062],[107.7315178,-7.0848055],[107.7316841,-7.0846111],[107.732293,-7.0841933],[107.7324834,-7.0840016],[107.732985,-7.0837328],[107.7331969,-7.0836795],[107.7339023,-7.0837967],[107.7340338,-7.0837647],[107.7342162,-7.0835917],[107.7343771,-7.0832643],[107.73442,-7.0829236],[107.7343637,-7.0824684],[107.7342966,-7.0821251],[107.734302,-7.0819627],[107.7345058,-7.0815927],[107.735104,-7.0812307],[107.73615,-7.0810604],[107.7375019,-7.0810045],[107.7377138,-7.0811349],[107.7381429,-7.0820479],[107.738556,-7.082173],[107.7388027,-7.0821544],[107.7390683,-7.0819068],[107.7395457,-7.0814117],[107.7400766,-7.0811595],[107.740235,-7.0811562],[107.7404554,-7.0812685],[107.7406949,-7.0822893],[107.7410351,-7.0826321],[107.7416915,-7.0828517],[107.7423164,-7.0829555],[107.7425345,-7.0829543],[107.7431703,-7.0835553],[107.7434778,-7.0835039],[107.7436733,-7.0833211],[107.7436173,-7.0826202],[107.7436875,-7.0822112],[107.7440392,-7.0812762],[107.7443227,-7.0807915],[107.7447072,-7.0804755],[107.7449852,-7.0804109],[107.7452213,-7.0804748],[107.745702,-7.0802917],[107.7458835,-7.0802028],[107.7458113,-7.079812],[107.7460533,-7.078741],[107.7461716,-7.0785334],[107.746565,-7.0781298],[107.7472249,-7.0776959],[107.7476859,-7.0775168],[107.7480108,-7.077302],[107.7482058,-7.0766373],[107.7481985,-7.0759924],[107.7480713,-7.0752571],[107.7483655,-7.0747344],[107.7487725,-7.0741398],[107.7488691,-7.0737086],[107.7495219,-7.0729318],[107.7499312,-7.0722552],[107.7501351,-7.0718959],[107.7502846,-7.0716043],[107.7503389,-7.0710973],[107.7503496,-7.0705357],[107.7504086,-7.0700859],[107.7504113,-7.0698197],[107.7504502,-7.0696822],[107.7508508,-7.0692862],[107.7510604,-7.0690105],[107.7511141,-7.0686165],[107.7510792,-7.0683104],[107.7510953,-7.0680948],[107.7513769,-7.067432],[107.7516642,-7.0668645],[107.7520746,-7.0660367],[107.7524474,-7.0659169],[107.7525547,-7.0658317],[107.7529409,-7.0654271],[107.7531984,-7.0649266],[107.7535149,-7.0646498],[107.7537024,-7.0644561],[107.753995,-7.0643384],[107.7547219,-7.0643197],[107.755033,-7.0642985],[107.7555158,-7.064373],[107.755945,-7.0642452],[107.7562883,-7.0640962],[107.7566424,-7.0635851],[107.7569857,-7.0631805],[107.7572968,-7.0629569],[107.7584448,-7.0627759],[107.7590134,-7.0627972],[107.7595392,-7.0626162],[107.7599576,-7.0625629],[107.7603975,-7.0622542],[107.7606764,-7.0620731],[107.7611485,-7.0616579],[107.7612236,-7.0615088],[107.7612343,-7.0612746],[107.7609124,-7.0606996],[107.7607301,-7.0601247],[107.7607408,-7.0599437],[107.7608052,-7.0598265],[107.7612236,-7.0597946],[107.7613845,-7.0596775],[107.7613952,-7.059539],[107.7609554,-7.0588576],[107.7603653,-7.0583465],[107.7601829,-7.0581549],[107.7601185,-7.0578248],[107.7601829,-7.057548],[107.7602902,-7.0573989],[107.7605262,-7.0572498],[107.7607944,-7.0572498],[107.7614167,-7.0572605],[107.7616206,-7.0571646],[107.7616742,-7.0569836],[107.7614274,-7.0563341],[107.7613845,-7.0555143],[107.7612129,-7.0550138],[107.7610627,-7.0540662],[107.7609339,-7.0537148],[107.7607622,-7.0535232],[107.7604404,-7.0533422],[107.7597967,-7.0532463],[107.7595928,-7.0530547],[107.7594962,-7.0528204],[107.7595928,-7.0520857],[107.7595177,-7.0514362],[107.7594104,-7.0511274],[107.759228,-7.0509677],[107.7590134,-7.0509464],[107.7587989,-7.0509997],[107.7585306,-7.0511168],[107.7578547,-7.0516811],[107.7575972,-7.051777],[107.7573183,-7.0517237],[107.7568569,-7.0513723],[107.75646,-7.0504034],[107.7562883,-7.0501585],[107.7560952,-7.0499349],[107.7559128,-7.0496341],[107.7558726,-7.0494132],[107.7560469,-7.0490245],[107.7561757,-7.0487291],[107.7561837,-7.0485134],[107.755827,-7.0479917],[107.7555346,-7.0477548],[107.7551403,-7.0475711],[107.7548507,-7.0474114],[107.7546683,-7.0471664],[107.7546279,-7.0469249],[107.7546146,-7.0462614],[107.7546683,-7.0460804],[107.7548828,-7.0459313],[107.7555507,-7.045942],[107.7556513,-7.0459073],[107.7557143,-7.0458142],[107.7556553,-7.0449517],[107.7555159,-7.044603],[107.7553791,-7.0443767],[107.755194,-7.044249],[107.7549284,-7.0442676],[107.7547273,-7.0443927],[107.7543759,-7.0448532],[107.7541667,-7.044981],[107.7540353,-7.0449943],[107.7538743,-7.0447068],[107.7538502,-7.0442569],[107.7538314,-7.0437059],[107.75384,-7.0434136],[107.7539646,-7.0430066],[107.7541037,-7.0425824],[107.7543081,-7.0420872],[107.7546106,-7.0417784],[107.7548007,-7.0415152],[107.7548253,-7.0413041],[107.754775,-7.041071],[107.7544406,-7.0404388],[107.7539342,-7.03957],[107.7531892,-7.0385612],[107.7529723,-7.0384062],[107.752733,-7.0382399],[107.7524085,-7.0379747],[107.7521159,-7.0376422],[107.7519718,-7.0373874],[107.7518777,-7.0372375],[107.7517563,-7.0370007],[107.7516669,-7.0368253],[107.7514953,-7.036549],[107.7514079,-7.0363089],[107.7513933,-7.0359122],[107.7513988,-7.0357083],[107.7513956,-7.0355258],[107.7513643,-7.035298],[107.7512736,-7.0351024],[107.7508893,-7.0348249],[107.7503301,-7.0345269],[107.7501,-7.0343229],[107.7500448,-7.0342323],[107.7500447,-7.0341143],[107.7500971,-7.0339375],[107.7506315,-7.0332949],[107.7506398,-7.0330536],[107.7505162,-7.0328024],[107.7496364,-7.0320783],[107.7491751,-7.0317802],[107.7485743,-7.0316737],[107.7479627,-7.0316311],[107.7476023,-7.0315157],[107.7474695,-7.0313403],[107.7474265,-7.0310845],[107.7471903,-7.0304598],[107.7468255,-7.0301404],[107.7464285,-7.029938],[107.7460959,-7.0299487],[107.7456663,-7.0298142],[107.7454373,-7.0297587],[107.7450822,-7.0295352],[107.744566,-7.0290636],[107.7443149,-7.0289158],[107.7440789,-7.0289158],[107.7437186,-7.0291543],[107.7435717,-7.0294542],[107.7435335,-7.0296435],[107.7433493,-7.0299796],[107.7430306,-7.0300829],[107.742784,-7.0299546],[107.7424267,-7.0295867],[107.7416293,-7.0286089],[107.7412014,-7.0281801],[107.7406865,-7.0281021],[107.7404043,-7.0278872],[107.7403611,-7.0276293],[107.7404124,-7.0274066]]}},{"type":"Feature","properties":{"name":"Ci Tarum"},"geometry":{"type":"LineString","coordinates":[[107.6948681,-7.1797954],[107.6954588,-7.1799486],[107.6957706,-7.1797243],[107.6958978,-7.1794851],[107.6959686,-7.1791626],[107.6958615,-7.1789321],[107.6956303,-7.1785185],[107.6955534,-7.1781539],[107.6954834,-7.1778972],[107.6951186,-7.1775649],[107.6951439,-7.177438],[107.6954052,-7.1772262],[107.6954876,-7.1771044],[107.6954412,-7.1768761],[107.6950964,-7.1763783],[107.6949487,-7.1759717],[107.6948868,-7.1756875],[107.6950531,-7.1755423],[107.6953931,-7.1754404],[107.6954074,-7.1752956],[107.6950945,-7.1745799],[107.6953115,-7.173951],[107.695247,-7.1734454],[107.6953459,-7.1731932],[107.6956252,-7.1730416],[107.695889,-7.1728269],[107.6958113,-7.1723854],[107.6960015,-7.1722093],[107.6963958,-7.1722048],[107.6966368,-7.171792],[107.6969383,-7.1716507],[107.6971513,-7.1717075],[107.6974394,-7.1715993],[107.6978173,-7.1712775],[107.6977242,-7.1708193],[107.6979763,-7.1705399],[107.698089,-7.170128],[107.6982559,-7.1698193],[107.6983009,-7.1689401],[107.6985322,-7.1686861],[107.6988013,-7.1686919],[107.6991804,-7.1683806],[107.6995911,-7.1682027],[107.6994192,-7.167676],[107.7003422,-7.1670667],[107.700526,-7.1664043],[107.7009089,-7.1660872],[107.7007501,-7.1656055],[107.7000641,-7.1646167],[107.7002828,-7.1641083],[107.7010897,-7.1639818],[107.701027,-7.163235],[107.7009073,-7.1622983],[107.7014012,-7.1616642],[107.7007783,-7.1606107],[107.7007358,-7.1591218],[107.7016909,-7.1569667],[107.7016032,-7.1566053],[107.7013905,-7.1563576],[107.7014369,-7.1556126],[107.7009906,-7.1548938],[107.7015711,-7.1540932],[107.7013163,-7.1526885],[107.7019958,-7.1514945],[107.7017976,-7.151045],[107.7000705,-7.150427],[107.700021,-7.1491404],[107.6999396,-7.1490034],[107.6997379,-7.1488384],[107.6993556,-7.1487365],[107.6990123,-7.1486136],[107.6987221,-7.1483994],[107.6987114,-7.1482357],[107.6988035,-7.1479675],[107.6990513,-7.1474934],[107.6993026,-7.1470369],[107.6994689,-7.1468613],[107.6995645,-7.1467138],[107.6996676,-7.1464875],[107.6997051,-7.1461846],[107.6997124,-7.1458391],[107.6997124,-7.1455371],[107.6996699,-7.1452808],[107.6996487,-7.1450841],[107.6996062,-7.1448804],[107.6995637,-7.1446768],[107.6994618,-7.1445207],[107.6993556,-7.1443223],[107.6993008,-7.1441169],[107.6993733,-7.1440028],[107.7000989,-7.1432635],[107.7002015,-7.143102],[107.7002387,-7.1429826],[107.6999994,-7.1423883],[107.6997067,-7.1418136],[107.6995188,-7.1415354],[107.6992199,-7.1412755],[107.6991183,-7.141251],[107.6989889,-7.1412082],[107.69873,-7.140982],[107.6985945,-7.14082],[107.6984774,-7.1405509],[107.698368,-7.1403282],[107.6984197,-7.1402365],[107.6988354,-7.1391811],[107.6989416,-7.1390214],[107.699092,-7.1388563],[107.6991832,-7.1387775],[107.6992689,-7.1387035],[107.6994264,-7.1385947],[107.6995468,-7.1384612],[107.6996196,-7.1382397],[107.6997343,-7.1378906],[107.6997945,-7.1377431],[107.6999095,-7.1376184],[107.7000652,-7.1374972],[107.7003307,-7.1374569],[107.7004656,-7.1374595],[107.7005979,-7.1374621],[107.7008067,-7.1374569],[107.7009518,-7.1374305],[107.700989,-7.1373076],[107.7010155,-7.1371548],[107.7009978,-7.1369547],[107.7009182,-7.136765],[107.7008138,-7.136607],[107.7007262,-7.1364255],[107.7006935,-7.1363577],[107.7006744,-7.1356766],[107.7006367,-7.1343292],[107.7005943,-7.1334021],[107.7008066,-7.1316602],[107.7002828,-7.1313371],[107.7003961,-7.130705],[107.7014861,-7.1301993],[107.7013446,-7.1284715],[107.7019667,-7.127011],[107.702027,-7.1268694],[107.7019108,-7.1255777],[107.7021262,-7.1250357],[107.7020807,-7.124777],[107.7016419,-7.1237937],[107.7020524,-7.1228525],[107.7019816,-7.1217428],[107.7025479,-7.1207313],[107.701571,-7.1186726],[107.7015737,-7.1182941],[107.7017694,-7.1180893],[107.7019867,-7.1181531],[107.702311,-7.1181648],[107.7025017,-7.1181717],[107.7028182,-7.1179455],[107.7029696,-7.117669],[107.7029942,-7.1166457],[107.7027049,-7.116373],[107.7019706,-7.1163885],[107.7017319,-7.116295],[107.7016929,-7.11622],[107.7016526,-7.1161425],[107.701681,-7.1158242],[107.7019569,-7.1155374],[107.7022201,-7.1153957],[107.7031106,-7.1154809],[107.7033412,-7.1153611],[107.7033237,-7.1151441],[107.7035949,-7.1148484],[107.7044889,-7.114353],[107.7046932,-7.1142398],[107.7050927,-7.1139771],[107.7053583,-7.1137109],[107.7056116,-7.113076],[107.7056694,-7.1129311],[107.705925,-7.1124812],[107.7060959,-7.1121805],[107.7064552,-7.1117548],[107.706687,-7.1113357],[107.7067423,-7.1112357],[107.7069099,-7.1106019],[107.7069311,-7.1105218],[107.7069434,-7.110179],[107.7067743,-7.1096504],[107.7067769,-7.109396],[107.7069435,-7.1092435],[107.7075241,-7.1090532],[107.7076585,-7.1088469],[107.7075335,-7.1086326],[107.707504,-7.1081349],[107.7076773,-7.1079654],[107.7078313,-7.1079193],[107.7083623,-7.1081828],[107.708472,-7.1081059],[107.7085474,-7.1079113],[107.7086124,-7.1070989],[107.7092299,-7.106234],[107.7091697,-7.1052497],[107.7090275,-7.1047707],[107.7090409,-7.1045391],[107.7091337,-7.1043759],[107.7093963,-7.1041079],[107.7096163,-7.1040227],[107.7099711,-7.1037508],[107.7100025,-7.1034172],[107.7099636,-7.1032176],[107.7096324,-7.1028503],[107.709513,-7.1026587],[107.7096051,-7.1024679],[107.710252,-7.1022288],[107.7106469,-7.1019638],[107.7107374,-7.101622],[107.7113656,-7.1009348],[107.7117384,-7.1008101],[107.7123132,-7.1007489],[107.7129789,-7.1008074],[107.7130964,-7.1006212],[107.7130334,-7.1004894],[107.7125398,-7.1001809],[107.7126002,-7.0999624],[107.7128859,-7.0996137],[107.7136838,-7.0988521],[107.7140567,-7.0987527],[107.7144483,-7.0988485],[107.714695,-7.0991067],[107.7150355,-7.0990528],[107.7151363,-7.0988339],[107.7151215,-7.0985464],[107.7148385,-7.0981206],[107.7148171,-7.0979768],[107.7149681,-7.0978199],[107.7155006,-7.0978158],[107.7158698,-7.0980341],[107.7160925,-7.0985451],[107.7163685,-7.0986369],[107.7165082,-7.0983455],[107.7164009,-7.098042],[107.7163473,-7.0974725],[107.7165613,-7.0972355],[107.7167436,-7.0972246],[107.716983,-7.0974139],[107.7173035,-7.0977706],[107.7174279,-7.0977907],[107.7176052,-7.0976002],[107.7177232,-7.0971557],[107.7178574,-7.0967884],[107.7182537,-7.0963757],[107.7186406,-7.0962028],[107.7190421,-7.0957229],[107.7198348,-7.0956157],[107.7198637,-7.0955401],[107.7197681,-7.0952344],[107.721455,-7.0935917],[107.7217707,-7.0935279],[107.7224167,-7.0936898],[107.7227523,-7.0936474],[107.7229509,-7.0933788],[107.7229723,-7.0931685],[107.7228234,-7.0929379],[107.7225244,-7.0929636],[107.7222481,-7.092913],[107.722065,-7.0927987],[107.7221516,-7.0925803],[107.7228976,-7.0921677],[107.7231333,-7.0922236],[107.7232969,-7.0923913],[107.7235787,-7.0923963],[107.7234042,-7.0920134],[107.7234489,-7.0918126],[107.7239165,-7.0915795],[107.7241676,-7.0913419],[107.7240667,-7.0908608],[107.7241948,-7.0907277],[107.7246621,-7.0907065],[107.7250646,-7.0905232],[107.7253917,-7.0899772],[107.7254567,-7.0889679],[107.7255473,-7.088838],[107.7258128,-7.0888646],[107.7260783,-7.0891946],[107.7263377,-7.0893185],[107.7264512,-7.0892479],[107.726486,-7.0890669],[107.7262795,-7.0884041],[107.7264029,-7.0881113],[107.7265584,-7.0880554],[107.7270305,-7.0881166],[107.7273282,-7.0880022],[107.7274758,-7.0877653],[107.7275482,-7.0873873],[107.7274865,-7.087209],[107.7276555,-7.0869641],[107.7280471,-7.0869455],[107.7285165,-7.0872463],[107.7288625,-7.0876189],[107.7289885,-7.0876428],[107.7290717,-7.0874938],[107.7290958,-7.087201],[107.7292675,-7.0869508],[107.7296403,-7.0866793],[107.7311826,-7.0859393],[107.7314132,-7.0855827],[107.7314776,-7.0851062],[107.7315178,-7.0848055],[107.7316841,-7.0846111],[107.732293,-7.0841933],[107.7324834,-7.0840016],[107.732985,-7.0837328],[107.7331969,-7.0836795],[107.7339023,-7.0837967],[107.7340338,-7.0837647],[107.7342162,-7.0835917],[107.7343771,-7.0832643],[107.73442,-7.0829236],[107.7343637,-7.0824684],[107.7342966,-7.0821251],[107.734302,-7.0819627],[107.7345058,-7.0815927],[107.735104,-7.0812307],[107.73615,-7.0810604],[107.7375019,-7.0810045],[107.7377138,-7.0811349],[107.7381429,-7.0820479],[107.738556,-7.082173],[107.7388027,-7.0821544],[107.7390683,-7.0819068],[107.7395457,-7.0814117],[107.7400766,-7.0811595],[107.740235,-7.0811562],[107.7404554,-7.0812685],[107.7406949,-7.0822893],[107.7410351,-7.0826321],[107.7416915,-7.0828517],[107.7423164,-7.0829555],[107.7425345,-7.0829543],[107.7431703,-7.0835553],[107.7434778,-7.0835039],[107.7436733,-7.0833211],[107.7436173,-7.0826202],[107.7436875,-7.0822112],[107.7440392,-7.0812762],[107.7443227,-7.0807915],[107.7447072,-7.0804755],[107.7449852,-7.0804109],[107.7452213,-7.0804748],[107.745702,-7.0802917],[107.7458835,-7.0802028],[107.7458113,-7.079812],[107.7460533,-7.078741],[107.7461716,-7.0785334],[107.746565,-7.0781298],[107.7472249,-7.0776959],[107.7476859,-7.0775168],[107.7480108,-7.077302],[107.7482058,-7.0766373],[107.7481985,-7.0759924],[107.7480713,-7.0752571],[107.7483655,-7.0747344],[107.7487725,-7.0741398],[107.7488691,-7.0737086],[107.7495219,-7.0729318],[107.7499312,-7.0722552],[107.7501351,-7.0718959],[107.7502846,-7.0716043],[107.7503389,-7.0710973],[107.7503496,-7.0705357],[107.7504086,-7.0700859],[107.7504113,-7.0698197],[107.7504502,-7.0696822],[107.7508508,-7.0692862],[107.7510604,-7.0690105],[107.7511141,-7.0686165],[107.7510792,-7.0683104],[107.7510953,-7.0680948],[107.7513769,-7.067432],[107.7516642,-7.0668645],[107.7520746,-7.0660367],[107.7524474,-7.0659169],[107.7525547,-7.0658317],[107.7529409,-7.0654271],[107.7531984,-7.0649266],[107.7535149,-7.0646498],[107.7537024,-7.0644561],[107.753995,-7.0643384],[107.7547219,-7.0643197],[107.755033,-7.0642985],[107.7555158,-7.064373],[107.755945,-7.0642452],[107.7562883,-7.0640962],[107.7566424,-7.0635851],[107.7569857,-7.0631805],[107.7572968,-7.0629569],[107.7584448,-7.0627759],[107.7590134,-7.0627972],[107.7595392,-7.0626162],[107.7599576,-7.0625629],[107.7603975,-7.0622542],[107.7606764,-7.0620731],[107.7611485,-7.0616579],[107.7612236,-7.0615088],[107.7612343,-7.0612746],[107.7609124,-7.0606996],[107.7607301,-7.0601247],[107.7607408,-7.0599437],[107.7608052,-7.0598265],[107.7612236,-7.0597946],[107.7613845,-7.0596775],[107.7613952,-7.059539],[107.7609554,-7.0588576],[107.7603653,-7.0583465],[107.7601829,-7.0581549],[107.7601185,-7.0578248],[107.7601829,-7.057548],[107.7602902,-7.0573989],[107.7605262,-7.0572498],[107.7607944,-7.0572498],[107.7614167,-7.0572605],[107.7616206,-7.0571646],[107.7616742,-7.0569836],[107.7614274,-7.0563341],[107.7613845,-7.0555143],[107.7612129,-7.0550138],[107.7610627,-7.0540662],[107.7609339,-7.0537148],[107.7607622,-7.0535232],[107.7604404,-7.0533422],[107.7597967,-7.0532463],[107.7595928,-7.0530547],[107.7594962,-7.0528204],[107.7595928,-7.0520857],[107.7595177,-7.0514362],[107.7594104,-7.0511274],[107.759228,-7.0509677],[107.7590134,-7.0509464],[107.7587989,-7.0509997],[107.7585306,-7.0511168],[107.7578547,-7.0516811],[107.7575972,-7.051777],[107.7573183,-7.0517237],[107.7568569,-7.0513723],[107.75646,-7.0504034],[107.7562883,-7.0501585],[107.7560952,-7.0499349],[107.7559128,-7.0496341],[107.7558726,-7.0494132],[107.7560469,-7.0490245],[107.7561757,-7.0487291],[107.7561837,-7.0485134],[107.755827,-7.0479917],[107.7555346,-7.0477548],[107.7551403,-7.0475711],[107.7548507,-7.0474114],[107.7546683,-7.0471664],[107.7546279,-7.0469249],[107.7546146,-7.0462614],[107.7546683,-7.0460804],[107.7548828,-7.0459313],[107.7555507,-7.045942],[107.7556513,-7.0459073],[107.7557143,-7.0458142],[107.7556553,-7.0449517],[107.7555159,-7.044603],[107.7553791,-7.0443767],[107.755194,-7.044249],[107.7549284,-7.0442676],[107.7547273,-7.0443927],[107.7543759,-7.0448532],[107.7541667,-7.044981],[107.7540353,-7.0449943],[107.7538743,-7.0447068],[107.7538502,-7.0442569],[107.7538314,-7.0437059],[107.75384,-7.0434136],[107.7539646,-7.0430066],[107.7541037,-7.0425824],[107.7543081,-7.0420872],[107.7546106,-7.0417784],[107.7548007,-7.0415152],[107.7548253,-7.0413041],[107.754775,-7.041071],[107.7544406,-7.0404388],[107.7539342,-7.03957],[107.7531892,-7.0385612],[107.7529723,-7.0384062],[107.752733,-7.0382399],[107.7524085,-7.0379747],[107.7521159,-7.0376422],[107.7519718,-7.0373874],[107.7518777,-7.0372375],[107.7517563,-7.0370007],[107.7516669,-7.0368253],[107.7514953,-7.036549],[107.7514079,-7.0363089],[107.7513933,-7.0359122],[107.7513988,-7.0357083],[107.7513956,-7.0355258],[107.7513643,-7.035298],[107.7512736,-7.0351024],[107.7508893,-7.0348249],[107.7503301,-7.0345269],[107.7501,-7.0343229],[107.7500448,-7.0342323],[107.7500447,-7.0341143],[107.7500971,-7.0339375],[107.7506315,-7.0332949],[107.7506398,-7.0330536],[107.7505162,-7.0328024],[107.7496364,-7.0320783],[107.7491751,-7.0317802],[107.7485743,-7.0316737],[107.7479627,-7.0316311],[107.7476023,-7.0315157],[107.7474695,-7.0313403],[107.7474265,-7.0310845],[107.7471903,-7.0304598],[107.7468255,-7.0301404],[107.7464285,-7.029938],[107.7460959,-7.0299487],[107.7456663,-7.0298142],[107.7454373,-7.0297587],[107.7450822,-7.0295352],[107.744566,-7.0290636],[107.7443149,-7.0289158],[107.7440789,-7.0289158],[107.7437186,-7.0291543],[107.7435717,-7.0294542],[107.7435335,-7.0296435],[107.7433493,-7.0299796],[107.7430306,-7.0300829],[107.742784,-7.0299546],[107.7424267,-7.0295867],[107.7416293,-7.0286089],[107.7412014,-7.0281801],[107.7406865,-7.0281021],[107.7404043,-7.0278872],[107.7403611,-7.0276293],[107.7404124,-7.0274066]]}},{"type":"Feature","properties":{"name":"Ci Tarum"},"geometry":{"type":"LineString","coordinates":[[107.6948681,-7.1797954],[107.6954588,-7.1799486],[107.6957706,-7.1797243],[107.6958978,-7.1794851],[107.6959686,-7.1791626],[107.6958615,-7.1789321],[107.6956303,-7.1785185],[107.6955534,-7.1781539],[107.6954834,-7.1778972],[107.6951186,-7.1775649],[107.6951439,-7.177438],[107.6954052,-7.1772262],[107.6954876,-7.1771044],[107.6954412,-7.1768761],[107.6950964,-7.1763783],[107.6949487,-7.1759717],[107.6948868,-7.1756875],[107.6950531,-7.1755423],[107.6953931,-7.1754404],[107.6954074,-7.1752956],[107.6950945,-7.1745799],[107.6953115,-7.173951],[107.695247,-7.1734454],[107.6953459,-7.1731932],[107.6956252,-7.1730416],[107.695889,-7.1728269],[107.6958113,-7.1723854],[107.6960015,-7.1722093],[107.6963958,-7.1722048],[107.6966368,-7.171792],[107.6969383,-7.1716507],[107.6971513,-7.1717075],[107.6974394,-7.1715993],[107.6978173,-7.1712775],[107.6977242,-7.1708193],[107.6979763,-7.1705399],[107.698089,-7.170128],[107.6982559,-7.1698193],[107.6983009,-7.1689401],[107.6985322,-7.1686861],[107.6988013,-7.1686919],[107.6991804,-7.1683806],[107.6995911,-7.1682027],[107.6994192,-7.167676],[107.7003422,-7.1670667],[107.700526,-7.1664043],[107.7009089,-7.1660872],[107.7007501,-7.1656055],[107.7000641,-7.1646167],[107.7002828,-7.1641083],[107.7010897,-7.1639818],[107.701027,-7.163235],[107.7009073,-7.1622983],[107.7014012,-7.1616642],[107.7007783,-7.1606107],[107.7007358,-7.1591218],[107.7016909,-7.1569667],[107.7016032,-7.1566053],[107.7013905,-7.1563576],[107.7014369,-7.1556126],[107.7009906,-7.1548938],[107.7015711,-7.1540932],[107.7013163,-7.1526885],[107.7019958,-7.1514945],[107.7017976,-7.151045],[107.7000705,-7.150427],[107.700021,-7.1491404],[107.6999396,-7.1490034],[107.6997379,-7.1488384],[107.6993556,-7.1487365],[107.6990123,-7.1486136],[107.6987221,-7.1483994],[107.6987114,-7.1482357],[107.6988035,-7.1479675],[107.6990513,-7.1474934],[107.6993026,-7.1470369],[107.6994689,-7.1468613],[107.6995645,-7.1467138],[107.6996676,-7.1464875],[107.6997051,-7.1461846],[107.6997124,-7.1458391],[107.6997124,-7.1455371],[107.6996699,-7.1452808],[107.6996487,-7.1450841],[107.6996062,-7.1448804],[107.6995637,-7.1446768],[107.6994618,-7.1445207],[107.6993556,-7.1443223],[107.6993008,-7.1441169],[107.6993733,-7.1440028],[107.7000989,-7.1432635],[107.7002015,-7.143102],[107.7002387,-7.1429826],[107.6999994,-7.1423883],[107.6997067,-7.1418136],[107.6995188,-7.1415354],[107.6992199,-7.1412755],[107.6991183,-7.141251],[107.6989889,-7.1412082],[107.69873,-7.140982],[107.6985945,-7.14082],[107.6984774,-7.1405509],[107.698368,-7.1403282],[107.6984197,-7.1402365],[107.6988354,-7.1391811],[107.6989416,-7.1390214],[107.699092,-7.1388563],[107.6991832,-7.1387775],[107.6992689,-7.1387035],[107.6994264,-7.1385947],[107.6995468,-7.1384612],[107.6996196,-7.1382397],[107.6997343,-7.1378906],[107.6997945,-7.1377431],[107.6999095,-7.1376184],[107.7000652,-7.1374972],[107.7003307,-7.1374569],[107.7004656,-7.1374595],[107.7005979,-7.1374621],[107.7008067,-7.1374569],[107.7009518,-7.1374305],[107.700989,-7.1373076],[107.7010155,-7.1371548],[107.7009978,-7.1369547],[107.7009182,-7.136765],[107.7008138,-7.136607],[107.7007262,-7.1364255],[107.7006935,-7.1363577],[107.7006744,-7.1356766],[107.7006367,-7.1343292],[107.7005943,-7.1334021],[107.7008066,-7.1316602],[107.7002828,-7.1313371],[107.7003961,-7.130705],[107.7014861,-7.1301993],[107.7013446,-7.1284715],[107.7019667,-7.127011],[107.702027,-7.1268694],[107.7019108,-7.1255777],[107.7021262,-7.1250357],[107.7020807,-7.124777],[107.7016419,-7.1237937],[107.7020524,-7.1228525],[107.7019816,-7.1217428],[107.7025479,-7.1207313],[107.701571,-7.1186726],[107.7015737,-7.1182941],[107.7017694,-7.1180893],[107.7019867,-7.1181531],[107.702311,-7.1181648],[107.7025017,-7.1181717],[107.7028182,-7.1179455],[107.7029696,-7.117669],[107.7029942,-7.1166457],[107.7027049,-7.116373],[107.7019706,-7.1163885],[107.7017319,-7.116295],[107.7016929,-7.11622],[107.7016526,-7.1161425],[107.701681,-7.1158242],[107.7019569,-7.1155374],[107.7022201,-7.1153957],[107.7031106,-7.1154809],[107.7033412,-7.1153611],[107.7033237,-7.1151441],[107.7035949,-7.1148484],[107.7044889,-7.114353],[107.7046932,-7.1142398],[107.7050927,-7.1139771],[107.7053583,-7.1137109],[107.7056116,-7.113076],[107.7056694,-7.1129311],[107.705925,-7.1124812],[107.7060959,-7.1121805],[107.7064552,-7.1117548],[107.706687,-7.1113357],[107.7067423,-7.1112357],[107.7069099,-7.1106019],[107.7069311,-7.1105218],[107.7069434,-7.110179],[107.7067743,-7.1096504],[107.7067769,-7.109396],[107.7069435,-7.1092435],[107.7075241,-7.1090532],[107.7076585,-7.1088469],[107.7075335,-7.1086326],[107.707504,-7.1081349],[107.7076773,-7.1079654],[107.7078313,-7.1079193],[107.7083623,-7.1081828],[107.708472,-7.1081059],[107.7085474,-7.1079113],[107.7086124,-7.1070989],[107.7092299,-7.106234],[107.7091697,-7.1052497],[107.7090275,-7.1047707],[107.7090409,-7.1045391],[107.7091337,-7.1043759],[107.7093963,-7.1041079],[107.7096163,-7.1040227],[107.7099711,-7.1037508],[107.7100025,-7.1034172],[107.7099636,-7.1032176],[107.7096324,-7.1028503],[107.709513,-7.1026587],[107.7096051,-7.1024679],[107.710252,-7.1022288],[107.7106469,-7.1019638],[107.7107374,-7.101622],[107.7113656,-7.1009348],[107.7117384,-7.1008101],[107.7123132,-7.1007489],[107.7129789,-7.1008074],[107.7130964,-7.1006212],[107.7130334,-7.1004894],[107.7125398,-7.1001809],[107.7126002,-7.0999624],[107.7128859,-7.0996137],[107.7136838,-7.0988521],[107.7140567,-7.0987527],[107.7144483,-7.0988485],[107.714695,-7.0991067],[107.7150355,-7.0990528],[107.7151363,-7.0988339],[107.7151215,-7.0985464],[107.7148385,-7.0981206],[107.7148171,-7.0979768],[107.7149681,-7.0978199],[107.7155006,-7.0978158],[107.7158698,-7.0980341],[107.7160925,-7.0985451],[107.7163685,-7.0986369],[107.7165082,-7.0983455],[107.7164009,-7.098042],[107.7163473,-7.0974725],[107.7165613,-7.0972355],[107.7167436,-7.0972246],[107.716983,-7.0974139],[107.7173035,-7.0977706],[107.7174279,-7.0977907],[107.7176052,-7.0976002],[107.7177232,-7.0971557],[107.7178574,-7.0967884],[107.7182537,-7.0963757],[107.7186406,-7.0962028],[107.7190421,-7.0957229],[107.7198348,-7.0956157],[107.7198637,-7.0955401],[107.7197681,-7.0952344],[107.721455,-7.0935917],[107.7217707,-7.0935279],[107.7224167,-7.0936898],[107.7227523,-7.0936474],[107.7229509,-7.0933788],[107.7229723,-7.0931685],[107.7228234,-7.0929379],[107.7225244,-7.0929636],[107.7222481,-7.092913],[107.722065,-7.0927987],[107.7221516,-7.0925803],[107.7228976,-7.0921677],[107.7231333,-7.0922236],[107.7232969,-7.0923913],[107.7235787,-7.0923963],[107.7234042,-7.0920134],[107.7234489,-7.0918126],[107.7239165,-7.0915795],[107.7241676,-7.0913419],[107.7240667,-7.0908608],[107.7241948,-7.0907277],[107.7246621,-7.0907065],[107.7250646,-7.0905232],[107.7253917,-7.0899772],[107.7254567,-7.0889679],[107.7255473,-7.088838],[107.7258128,-7.0888646],[107.7260783,-7.0891946],[107.7263377,-7.0893185],[107.7264512,-7.0892479],[107.726486,-7.0890669],[107.7262795,-7.0884041],[107.7264029,-7.0881113],[107.7265584,-7.0880554],[107.7270305,-7.0881166],[107.7273282,-7.0880022],[107.7274758,-7.0877653],[107.7275482,-7.0873873],[107.7274865,-7.087209],[107.7276555,-7.0869641],[107.7280471,-7.0869455],[107.7285165,-7.0872463],[107.7288625,-7.0876189],[107.7289885,-7.0876428],[107.7290717,-7.0874938],[107.7290958,-7.087201],[107.7292675,-7.0869508],[107.7296403,-7.0866793],[107.7311826,-7.0859393],[107.7314132,-7.0855827],[107.7314776,-7.0851062],[107.7315178,-7.0848055],[107.7316841,-7.0846111],[107.732293,-7.0841933],[107.7324834,-7.0840016],[107.732985,-7.0837328],[107.7331969,-7.0836795],[107.7339023,-7.0837967],[107.7340338,-7.0837647],[107.7342162,-7.0835917],[107.7343771,-7.0832643],[107.73442,-7.0829236],[107.7343637,-7.0824684],[107.7342966,-7.0821251],[107.734302,-7.0819627],[107.7345058,-7.0815927],[107.735104,-7.0812307],[107.73615,-7.0810604],[107.7375019,-7.0810045],[107.7377138,-7.0811349],[107.7381429,-7.0820479],[107.738556,-7.082173],[107.7388027,-7.0821544],[107.7390683,-7.0819068],[107.7395457,-7.0814117],[107.7400766,-7.0811595],[107.740235,-7.0811562],[107.7404554,-7.0812685],[107.7406949,-7.0822893],[107.7410351,-7.0826321],[107.7416915,-7.0828517],[107.7423164,-7.0829555],[107.7425345,-7.0829543],[107.7431703,-7.0835553],[107.7434778,-7.0835039],[107.7436733,-7.0833211],[107.7436173,-7.0826202],[107.7436875,-7.0822112],[107.7440392,-7.0812762],[107.7443227,-7.0807915],[107.7447072,-7.0804755],[107.7449852,-7.0804109],[107.7452213,-7.0804748],[107.745702,-7.0802917],[107.7458835,-7.0802028],[107.7458113,-7.079812],[107.7460533,-7.078741],[107.7461716,-7.0785334],[107.746565,-7.0781298],[107.7472249,-7.0776959],[107.7476859,-7.0775168],[107.7480108,-7.077302],[107.7482058,-7.0766373],[107.7481985,-7.0759924],[107.7480713,-7.0752571],[107.7483655,-7.0747344],[107.7487725,-7.0741398],[107.7488691,-7.0737086],[107.7495219,-7.0729318],[107.7499312,-7.0722552],[107.7501351,-7.0718959],[107.7502846,-7.0716043],[107.7503389,-7.0710973],[107.7503496,-7.0705357],[107.7504086,-7.0700859],[107.7504113,-7.0698197],[107.7504502,-7.0696822],[107.7508508,-7.0692862],[107.7510604,-7.0690105],[107.7511141,-7.0686165],[107.7510792,-7.0683104],[107.7510953,-7.0680948],[107.7513769,-7.067432],[107.7516642,-7.0668645],[107.7520746,-7.0660367],[107.7524474,-7.0659169],[107.7525547,-7.0658317],[107.7529409,-7.0654271],[107.7531984,-7.0649266],[107.7535149,-7.0646498],[107.7537024,-7.0644561],[107.753995,-7.0643384],[107.7547219,-7.0643197],[107.755033,-7.0642985],[107.7555158,-7.064373],[107.755945,-7.0642452],[107.7562883,-7.0640962],[107.7566424,-7.0635851],[107.7569857,-7.0631805],[107.7572968,-7.0629569],[107.7584448,-7.0627759],[107.7590134,-7.0627972],[107.7595392,-7.0626162],[107.7599576,-7.0625629],[107.7603975,-7.0622542],[107.7606764,-7.0620731],[107.7611485,-7.0616579],[107.7612236,-7.0615088],[107.7612343,-7.0612746],[107.7609124,-7.0606996],[107.7607301,-7.0601247],[107.7607408,-7.0599437],[107.7608052,-7.0598265],[107.7612236,-7.0597946],[107.7613845,-7.0596775],[107.7613952,-7.059539],[107.7609554,-7.0588576],[107.7603653,-7.0583465],[107.7601829,-7.0581549],[107.7601185,-7.0578248],[107.7601829,-7.057548],[107.7602902,-7.0573989],[107.7605262,-7.0572498],[107.7607944,-7.0572498],[107.7614167,-7.0572605],[107.7616206,-7.0571646],[107.7616742,-7.0569836],[107.7614274,-7.0563341],[107.7613845,-7.0555143],[107.7612129,-7.0550138],[107.7610627,-7.0540662],[107.7609339,-7.0537148],[107.7607622,-7.0535232],[107.7604404,-7.0533422],[107.7597967,-7.0532463],[107.7595928,-7.0530547],[107.7594962,-7.0528204],[107.7595928,-7.0520857],[107.7595177,-7.0514362],[107.7594104,-7.0511274],[107.759228,-7.0509677],[107.7590134,-7.0509464],[107.7587989,-7.0509997],[107.7585306,-7.0511168],[107.7578547,-7.0516811],[107.7575972,-7.051777],[107.7573183,-7.0517237],[107.7568569,-7.0513723],[107.75646,-7.0504034],[107.7562883,-7.0501585],[107.7560952,-7.0499349],[107.7559128,-7.0496341],[107.7558726,-7.0494132],[107.7560469,-7.0490245],[107.7561757,-7.0487291],[107.7561837,-7.0485134],[107.755827,-7.0479917],[107.7555346,-7.0477548],[107.7551403,-7.0475711],[107.7548507,-7.0474114],[107.7546683,-7.0471664],[107.7546279,-7.0469249],[107.7546146,-7.0462614],[107.7546683,-7.0460804],[107.7548828,-7.0459313],[107.7555507,-7.045942],[107.7556513,-7.0459073],[107.7557143,-7.0458142],[107.7556553,-7.0449517],[107.7555159,-7.044603],[107.7553791,-7.0443767],[107.755194,-7.044249],[107.7549284,-7.0442676],[107.7547273,-7.0443927],[107.7543759,-7.0448532],[107.7541667,-7.044981],[107.7540353,-7.0449943],[107.7538743,-7.0447068],[107.7538502,-7.0442569],[107.7538314,-7.0437059],[107.75384,-7.0434136],[107.7539646,-7.0430066],[107.7541037,-7.0425824],[107.7543081,-7.0420872],[107.7546106,-7.0417784],[107.7548007,-7.0415152],[107.7548253,-7.0413041],[107.754775,-7.041071],[107.7544406,-7.0404388],[107.7539342,-7.03957],[107.7531892,-7.0385612],[107.7529723,-7.0384062],[107.752733,-7.0382399],[107.7524085,-7.0379747],[107.7521159,-7.0376422],[107.7519718,-7.0373874],[107.7518777,-7.0372375],[107.7517563,-7.0370007],[107.7516669,-7.0368253],[107.7514953,-7.036549],[107.7514079,-7.0363089],[107.7513933,-7.0359122],[107.7513988,-7.0357083],[107.7513956,-7.0355258],[107.7513643,-7.035298],[107.7512736,-7.0351024],[107.7508893,-7.0348249],[107.7503301,-7.0345269],[107.7501,-7.0343229],[107.7500448,-7.0342323],[107.7500447,-7.0341143],[107.7500971,-7.0339375],[107.7506315,-7.0332949],[107.7506398,-7.0330536],[107.7505162,-7.0328024],[107.7496364,-7.0320783],[107.7491751,-7.0317802],[107.7485743,-7.0316737],[107.7479627,-7.0316311],[107.7476023,-7.0315157],[107.7474695,-7.0313403],[107.7474265,-7.0310845],[107.7471903,-7.0304598],[107.7468255,-7.0301404],[107.7464285,-7.029938],[107.7460959,-7.0299487],[107.7456663,-7.0298142],[107.7454373,-7.0297587],[107.7450822,-7.0295352],[107.744566,-7.0290636],[107.7443149,-7.0289158],[107.7440789,-7.0289158],[107.7437186,-7.0291543],[107.7435717,-7.0294542],[107.7435335,-7.0296435],[107.7433493,-7.0299796],[107.7430306,-7.0300829],[107.742784,-7.0299546],[107.7424267,-7.0295867],[107.7416293,-7.0286089],[107.7412014,-7.0281801],[107.7406865,-7.0281021],[107.7404043,-7.0278872],[107.7403611,-7.0276293],[107.7404124,-7.0274066]]}},{"type":"Feature","properties":{"name":"Ci Tarum"},"geometry":{"type":"LineString","coordinates":[[107.7404124,-7.0274066],[107.7405644,-7.0271574],[107.7407364,-7.0268495],[107.7409358,-7.0265116],[107.7410355,-7.0261419],[107.7410041,-7.0259892],[107.7408938,-7.0258268],[107.7405496,-7.0256042],[107.7399669,-7.025251],[107.7395922,-7.0249316],[107.7393444,-7.024642],[107.7391641,-7.0246036],[107.7386957,-7.0246628],[107.7381412,-7.0247207],[107.737545,-7.0244542],[107.7367297,-7.0239537],[107.7363112,-7.0237195],[107.7360859,-7.0236982],[107.7359035,-7.0236982],[107.735528,-7.0238366],[107.7350345,-7.0239537],[107.7343318,-7.023975],[107.7340582,-7.0239324],[107.7338597,-7.0239431],[107.7335914,-7.0238845],[107.7333555,-7.0238366],[107.7330765,-7.0237993],[107.7328137,-7.0238738],[107.7324703,-7.0239111],[107.7321205,-7.024016],[107.731494,-7.0239857],[107.7306671,-7.0241412],[107.7300687,-7.0240724],[107.72956,-7.0238476],[107.7294506,-7.0238406],[107.7286904,-7.0232509],[107.728135,-7.0227815],[107.7278354,-7.0225375],[107.7267114,-7.0216455],[107.726482,-7.0211647],[107.7268591,-7.0197476],[107.7267304,-7.0188319],[107.7257601,-7.0168002]]}},{"type":"Feature","properties":{"name":"Ci Tarum"},"geometry":{"type":"LineString","coordinates":[[107.7404124,-7.0274066],[107.7405644,-7.0271574],[107.7407364,-7.0268495],[107.7409358,-7.0265116],[107.7410355,-7.0261419],[107.7410041,-7.0259892],[107.7408938,-7.0258268],[107.7405496,-7.0256042],[107.7399669,-7.025251],[107.7395922,-7.0249316],[107.7393444,-7.024642],[107.7391641,-7.0246036],[107.7386957,-7.0246628],[107.7381412,-7.0247207],[107.737545,-7.0244542],[107.7367297,-7.0239537],[107.7363112,-7.0237195],[107.7360859,-7.0236982],[107.7359035,-7.0236982],[107.735528,-7.0238366],[107.7350345,-7.0239537],[107.7343318,-7.023975],[107.7340582,-7.0239324],[107.7338597,-7.0239431],[107.7335914,-7.0238845],[107.7333555,-7.0238366],[107.7330765,-7.0237993],[107.7328137,-7.0238738],[107.7324703,-7.0239111],[107.7321205,-7.024016],[107.731494,-7.0239857],[107.7306671,-7.0241412],[107.7300687,-7.0240724],[107.72956,-7.0238476],[107.7294506,-7.0238406],[107.7286904,-7.0232509],[107.728135,-7.0227815],[107.7278354,-7.0225375],[107.7267114,-7.0216455],[107.726482,-7.0211647],[107.7268591,-7.0197476],[107.7267304,-7.0188319],[107.7257601,-7.0168002]]}},{"type":"Feature","properties":{"name":"Ci Tarum"},"geometry":{"type":"LineString","coordinates":[[107.7404124,-7.0274066],[107.7405644,-7.0271574],[107.7407364,-7.0268495],[107.7409358,-7.0265116],[107.7410355,-7.0261419],[107.7410041,-7.0259892],[107.7408938,-7.0258268],[107.7405496,-7.0256042],[107.7399669,-7.025251],[107.7395922,-7.0249316],[107.7393444,-7.024642],[107.7391641,-7.0246036],[107.7386957,-7.0246628],[107.7381412,-7.0247207],[107.737545,-7.0244542],[107.7367297,-7.0239537],[107.7363112,-7.0237195],[107.7360859,-7.0236982],[107.7359035,-7.0236982],[107.735528,-7.0238366],[107.7350345,-7.0239537],[107.7343318,-7.023975],[107.7340582,-7.0239324],[107.7338597,-7.0239431],[107.7335914,-7.0238845],[107.7333555,-7.0238366],[107.7330765,-7.0237993],[107.7328137,-7.0238738],[107.7324703,-7.0239111],[107.7321205,-7.024016],[107.731494,-7.0239857],[107.7306671,-7.0241412],[107.7300687,-7.0240724],[107.72956,-7.0238476],[107.7294506,-7.0238406],[107.7286904,-7.0232509],[107.728135,-7.0227815],[107.7278354,-7.0225375],[107.7267114,-7.0216455],[107.726482,-7.0211647],[107.7268591,-7.0197476],[107.7267304,-7.0188319],[107.7257601,-7.0168002]]}},{"type":"Feature","properties":{"name":"Ci Tarum"},"geometry":{"type":"LineString","coordinates":[[107.7404124,-7.0274066],[107.7405644,-7.0271574],[107.7407364,-7.0268495],[107.7409358,-7.0265116],[107.7410355,-7.0261419],[107.7410041,-7.0259892],[107.7408938,-7.0258268],[107.7405496,-7.0256042],[107.7399669,-7.025251],[107.7395922,-7.0249316],[107.7393444,-7.024642],[107.7391641,-7.0246036],[107.7386957,-7.0246628],[107.7381412,-7.0247207],[107.737545,-7.0244542],[107.7367297,-7.0239537],[107.7363112,-7.0237195],[107.7360859,-7.0236982],[107.7359035,-7.0236982],[107.735528,-7.0238366],[107.7350345,-7.0239537],[107.7343318,-7.023975],[107.7340582,-7.0239324],[107.7338597,-7.0239431],[107.7335914,-7.0238845],[107.7333555,-7.0238366],[107.7330765,-7.0237993],[107.7328137,-7.0238738],[107.7324703,-7.0239111],[107.7321205,-7.024016],[107.731494,-7.0239857],[107.7306671,-7.0241412],[107.7300687,-7.0240724],[107.72956,-7.0238476],[107.7294506,-7.0238406],[107.7286904,-7.0232509],[107.728135,-7.0227815],[107.7278354,-7.0225375],[107.7267114,-7.0216455],[107.726482,-7.0211647],[107.7268591,-7.0197476],[107.7267304,-7.0188319],[107.7257601,-7.0168002]]}},{"type":"Feature","properties":{"name":"Ci Tarum"},"geometry":{"type":"LineString","coordinates":[[107.7404124,-7.0274066],[107.7405644,-7.0271574],[107.7407364,-7.0268495],[107.7409358,-7.0265116],[107.7410355,-7.0261419],[107.7410041,-7.0259892],[107.7408938,-7.0258268],[107.7405496,-7.0256042],[107.7399669,-7.025251],[107.7395922,-7.0249316],[107.7393444,-7.024642],[107.7391641,-7.0246036],[107.7386957,-7.0246628],[107.7381412,-7.0247207],[107.737545,-7.0244542],[107.7367297,-7.0239537],[107.7363112,-7.0237195],[107.7360859,-7.0236982],[107.7359035,-7.0236982],[107.735528,-7.0238366],[107.7350345,-7.0239537],[107.7343318,-7.023975],[107.7340582,-7.0239324],[107.7338597,-7.0239431],[107.7335914,-7.0238845],[107.7333555,-7.0238366],[107.7330765,-7.0237993],[107.7328137,-7.0238738],[107.7324703,-7.0239111],[107.7321205,-7.024016],[107.731494,-7.0239857],[107.7306671,-7.0241412],[107.7300687,-7.0240724],[107.72956,-7.0238476],[107.7294506,-7.0238406],[107.7286904,-7.0232509],[107.728135,-7.0227815],[107.7278354,-7.0225375],[107.7267114,-7.0216455],[107.726482,-7.0211647],[107.7268591,-7.0197476],[107.7267304,-7.0188319],[107.7257601,-7.0168002]]}},{"type":"Feature","properties":{"name":"Ci Tarum"},"geometry":{"type":"LineString","coordinates":[[107.7404124,-7.0274066],[107.7405644,-7.0271574],[107.7407364,-7.0268495],[107.7409358,-7.0265116],[107.7410355,-7.0261419],[107.7410041,-7.0259892],[107.7408938,-7.0258268],[107.7405496,-7.0256042],[107.7399669,-7.025251],[107.7395922,-7.0249316],[107.7393444,-7.024642],[107.7391641,-7.0246036],[107.7386957,-7.0246628],[107.7381412,-7.0247207],[107.737545,-7.0244542],[107.7367297,-7.0239537],[107.7363112,-7.0237195],[107.7360859,-7.0236982],[107.7359035,-7.0236982],[107.735528,-7.0238366],[107.7350345,-7.0239537],[107.7343318,-7.023975],[107.7340582,-7.0239324],[107.7338597,-7.0239431],[107.7335914,-7.0238845],[107.7333555,-7.0238366],[107.7330765,-7.0237993],[107.7328137,-7.0238738],[107.7324703,-7.0239111],[107.7321205,-7.024016],[107.731494,-7.0239857],[107.7306671,-7.0241412],[107.7300687,-7.0240724],[107.72956,-7.0238476],[107.7294506,-7.0238406],[107.7286904,-7.0232509],[107.728135,-7.0227815],[107.7278354,-7.0225375],[107.7267114,-7.0216455],[107.726482,-7.0211647],[107.7268591,-7.0197476],[107.7267304,-7.0188319],[107.7257601,-7.0168002]]}},{"type":"Feature","properties":{"name":"Ci Tarum"},"geometry":{"type":"LineString","coordinates":[[107.7257601,-7.0168002],[107.7253325,-7.0159122],[107.7249976,-7.0151847],[107.724792,-7.0148388],[107.7245621,-7.0146072],[107.72442,-7.0144902],[107.7241864,-7.014277],[107.7239348,-7.0139231],[107.7232018,-7.0126414],[107.7222702,-7.0107127],[107.7221371,-7.0104975],[107.7219806,-7.0103234],[107.721739,-7.0100347],[107.7216342,-7.0097593],[107.7216233,-7.0096172],[107.7216528,-7.0094233],[107.7217292,-7.0089563],[107.7218799,-7.0084348],[107.7219077,-7.0081201],[107.7218327,-7.0078008],[107.7215031,-7.0072449],[107.7211811,-7.0067538],[107.7209837,-7.0062325],[107.7208139,-7.0056975],[107.7207089,-7.0054879],[107.7205572,-7.0052784],[107.720164,-7.0049707],[107.7199607,-7.004737],[107.7198256,-7.0044011],[107.7197693,-7.0040276],[107.7197922,-7.0037331],[107.719864,-7.0034925],[107.7201742,-7.0026917],[107.7203789,-7.0021455],[107.720396,-7.0018217],[107.7203204,-7.0014719],[107.7201028,-7.0011158],[107.7198184,-7.0008117],[107.7184642,-6.9995324],[107.7181163,-6.9991399],[107.7177992,-6.9987076],[107.7172044,-6.9977186],[107.7170274,-6.997505],[107.7167892,-6.9973036],[107.7163435,-6.9970479],[107.7159653,-6.9968381],[107.7155278,-6.9965625],[107.7150801,-6.9961897],[107.7146208,-6.9957676],[107.7143741,-6.9956866],[107.7140689,-6.9956943],[107.7137107,-6.9958102],[107.713094,-6.9961501],[107.7129229,-6.9961842],[107.7125307,-6.9962624],[107.7118441,-6.9962957],[107.7114116,-6.9963877],[107.7110829,-6.9965441],[107.7105646,-6.9969039],[107.7100045,-6.9969962],[107.7090021,-6.9970191],[107.7086992,-6.9970171],[107.708231,-6.9969493],[107.7078101,-6.9967769],[107.7074948,-6.996532],[107.7071095,-6.9959747],[107.7064341,-6.9948187],[107.7063121,-6.9944316],[107.7062812,-6.9941403],[107.7062993,-6.9939571],[107.7063856,-6.9932331],[107.706513,-6.9924136],[107.7065307,-6.9922998],[107.706548,-6.9918593],[107.706503,-6.9915028],[107.7063349,-6.9911664],[107.7061938,-6.9909541],[107.7059594,-6.9907511],[107.7055409,-6.9904742],[107.7047899,-6.9901228],[107.7033415,-6.9892922],[107.7023974,-6.9888236],[107.7013352,-6.9884083]]}},{"type":"Feature","properties":{"name":"Ci Tarum"},"geometry":{"type":"LineString","coordinates":[[107.7257601,-7.0168002],[107.7253325,-7.0159122],[107.7249976,-7.0151847],[107.724792,-7.0148388],[107.7245621,-7.0146072],[107.72442,-7.0144902],[107.7241864,-7.014277],[107.7239348,-7.0139231],[107.7232018,-7.0126414],[107.7222702,-7.0107127],[107.7221371,-7.0104975],[107.7219806,-7.0103234],[107.721739,-7.0100347],[107.7216342,-7.0097593],[107.7216233,-7.0096172],[107.7216528,-7.0094233],[107.7217292,-7.0089563],[107.7218799,-7.0084348],[107.7219077,-7.0081201],[107.7218327,-7.0078008],[107.7215031,-7.0072449],[107.7211811,-7.0067538],[107.7209837,-7.0062325],[107.7208139,-7.0056975],[107.7207089,-7.0054879],[107.7205572,-7.0052784],[107.720164,-7.0049707],[107.7199607,-7.004737],[107.7198256,-7.0044011],[107.7197693,-7.0040276],[107.7197922,-7.0037331],[107.719864,-7.0034925],[107.7201742,-7.0026917],[107.7203789,-7.0021455],[107.720396,-7.0018217],[107.7203204,-7.0014719],[107.7201028,-7.0011158],[107.7198184,-7.0008117],[107.7184642,-6.9995324],[107.7181163,-6.9991399],[107.7177992,-6.9987076],[107.7172044,-6.9977186],[107.7170274,-6.997505],[107.7167892,-6.9973036],[107.7163435,-6.9970479],[107.7159653,-6.9968381],[107.7155278,-6.9965625],[107.7150801,-6.9961897],[107.7146208,-6.9957676],[107.7143741,-6.9956866],[107.7140689,-6.9956943],[107.7137107,-6.9958102],[107.713094,-6.9961501],[107.7129229,-6.9961842],[107.7125307,-6.9962624],[107.7118441,-6.9962957],[107.7114116,-6.9963877],[107.7110829,-6.9965441],[107.7105646,-6.9969039],[107.7100045,-6.9969962],[107.7090021,-6.9970191],[107.7086992,-6.9970171],[107.708231,-6.9969493],[107.7078101,-6.9967769],[107.7074948,-6.996532],[107.7071095,-6.9959747],[107.7064341,-6.9948187],[107.7063121,-6.9944316],[107.7062812,-6.9941403],[107.7062993,-6.9939571],[107.7063856,-6.9932331],[107.706513,-6.9924136],[107.7065307,-6.9922998],[107.706548,-6.9918593],[107.706503,-6.9915028],[107.7063349,-6.9911664],[107.7061938,-6.9909541],[107.7059594,-6.9907511],[107.7055409,-6.9904742],[107.7047899,-6.9901228],[107.7033415,-6.9892922],[107.7023974,-6.9888236],[107.7013352,-6.9884083]]}},{"type":"Feature","properties":{"name":"Ci Tarum"},"geometry":{"type":"LineString","coordinates":[[107.7257601,-7.0168002],[107.7253325,-7.0159122],[107.7249976,-7.0151847],[107.724792,-7.0148388],[107.7245621,-7.0146072],[107.72442,-7.0144902],[107.7241864,-7.014277],[107.7239348,-7.0139231],[107.7232018,-7.0126414],[107.7222702,-7.0107127],[107.7221371,-7.0104975],[107.7219806,-7.0103234],[107.721739,-7.0100347],[107.7216342,-7.0097593],[107.7216233,-7.0096172],[107.7216528,-7.0094233],[107.7217292,-7.0089563],[107.7218799,-7.0084348],[107.7219077,-7.0081201],[107.7218327,-7.0078008],[107.7215031,-7.0072449],[107.7211811,-7.0067538],[107.7209837,-7.0062325],[107.7208139,-7.0056975],[107.7207089,-7.0054879],[107.7205572,-7.0052784],[107.720164,-7.0049707],[107.7199607,-7.004737],[107.7198256,-7.0044011],[107.7197693,-7.0040276],[107.7197922,-7.0037331],[107.719864,-7.0034925],[107.7201742,-7.0026917],[107.7203789,-7.0021455],[107.720396,-7.0018217],[107.7203204,-7.0014719],[107.7201028,-7.0011158],[107.7198184,-7.0008117],[107.7184642,-6.9995324],[107.7181163,-6.9991399],[107.7177992,-6.9987076],[107.7172044,-6.9977186],[107.7170274,-6.997505],[107.7167892,-6.9973036],[107.7163435,-6.9970479],[107.7159653,-6.9968381],[107.7155278,-6.9965625],[107.7150801,-6.9961897],[107.7146208,-6.9957676],[107.7143741,-6.9956866],[107.7140689,-6.9956943],[107.7137107,-6.9958102],[107.713094,-6.9961501],[107.7129229,-6.9961842],[107.7125307,-6.9962624],[107.7118441,-6.9962957],[107.7114116,-6.9963877],[107.7110829,-6.9965441],[107.7105646,-6.9969039],[107.7100045,-6.9969962],[107.7090021,-6.9970191],[107.7086992,-6.9970171],[107.708231,-6.9969493],[107.7078101,-6.9967769],[107.7074948,-6.996532],[107.7071095,-6.9959747],[107.7064341,-6.9948187],[107.7063121,-6.9944316],[107.7062812,-6.9941403],[107.7062993,-6.9939571],[107.7063856,-6.9932331],[107.706513,-6.9924136],[107.7065307,-6.9922998],[107.706548,-6.9918593],[107.706503,-6.9915028],[107.7063349,-6.9911664],[107.7061938,-6.9909541],[107.7059594,-6.9907511],[107.7055409,-6.9904742],[107.7047899,-6.9901228],[107.7033415,-6.9892922],[107.7023974,-6.9888236],[107.7013352,-6.9884083]]}},{"type":"Feature","properties":{"name":"Ci Tarum"},"geometry":{"type":"LineString","coordinates":[[107.7257601,-7.0168002],[107.7253325,-7.0159122],[107.7249976,-7.0151847],[107.724792,-7.0148388],[107.7245621,-7.0146072],[107.72442,-7.0144902],[107.7241864,-7.014277],[107.7239348,-7.0139231],[107.7232018,-7.0126414],[107.7222702,-7.0107127],[107.7221371,-7.0104975],[107.7219806,-7.0103234],[107.721739,-7.0100347],[107.7216342,-7.0097593],[107.7216233,-7.0096172],[107.7216528,-7.0094233],[107.7217292,-7.0089563],[107.7218799,-7.0084348],[107.7219077,-7.0081201],[107.7218327,-7.0078008],[107.7215031,-7.0072449],[107.7211811,-7.0067538],[107.7209837,-7.0062325],[107.7208139,-7.0056975],[107.7207089,-7.0054879],[107.7205572,-7.0052784],[107.720164,-7.0049707],[107.7199607,-7.004737],[107.7198256,-7.0044011],[107.7197693,-7.0040276],[107.7197922,-7.0037331],[107.719864,-7.0034925],[107.7201742,-7.0026917],[107.7203789,-7.0021455],[107.720396,-7.0018217],[107.7203204,-7.0014719],[107.7201028,-7.0011158],[107.7198184,-7.0008117],[107.7184642,-6.9995324],[107.7181163,-6.9991399],[107.7177992,-6.9987076],[107.7172044,-6.9977186],[107.7170274,-6.997505],[107.7167892,-6.9973036],[107.7163435,-6.9970479],[107.7159653,-6.9968381],[107.7155278,-6.9965625],[107.7150801,-6.9961897],[107.7146208,-6.9957676],[107.7143741,-6.9956866],[107.7140689,-6.9956943],[107.7137107,-6.9958102],[107.713094,-6.9961501],[107.7129229,-6.9961842],[107.7125307,-6.9962624],[107.7118441,-6.9962957],[107.7114116,-6.9963877],[107.7110829,-6.9965441],[107.7105646,-6.9969039],[107.7100045,-6.9969962],[107.7090021,-6.9970191],[107.7086992,-6.9970171],[107.708231,-6.9969493],[107.7078101,-6.9967769],[107.7074948,-6.996532],[107.7071095,-6.9959747],[107.7064341,-6.9948187],[107.7063121,-6.9944316],[107.7062812,-6.9941403],[107.7062993,-6.9939571],[107.7063856,-6.9932331],[107.706513,-6.9924136],[107.7065307,-6.9922998],[107.706548,-6.9918593],[107.706503,-6.9915028],[107.7063349,-6.9911664],[107.7061938,-6.9909541],[107.7059594,-6.9907511],[107.7055409,-6.9904742],[107.7047899,-6.9901228],[107.7033415,-6.9892922],[107.7023974,-6.9888236],[107.7013352,-6.9884083]]}},{"type":"Feature","properties":{"name":"Ci Tarum"},"geometry":{"type":"LineString","coordinates":[[107.7257601,-7.0168002],[107.7253325,-7.0159122],[107.7249976,-7.0151847],[107.724792,-7.0148388],[107.7245621,-7.0146072],[107.72442,-7.0144902],[107.7241864,-7.014277],[107.7239348,-7.0139231],[107.7232018,-7.0126414],[107.7222702,-7.0107127],[107.7221371,-7.0104975],[107.7219806,-7.0103234],[107.721739,-7.0100347],[107.7216342,-7.0097593],[107.7216233,-7.0096172],[107.7216528,-7.0094233],[107.7217292,-7.0089563],[107.7218799,-7.0084348],[107.7219077,-7.0081201],[107.7218327,-7.0078008],[107.7215031,-7.0072449],[107.7211811,-7.0067538],[107.7209837,-7.0062325],[107.7208139,-7.0056975],[107.7207089,-7.0054879],[107.7205572,-7.0052784],[107.720164,-7.0049707],[107.7199607,-7.004737],[107.7198256,-7.0044011],[107.7197693,-7.0040276],[107.7197922,-7.0037331],[107.719864,-7.0034925],[107.7201742,-7.0026917],[107.7203789,-7.0021455],[107.720396,-7.0018217],[107.7203204,-7.0014719],[107.7201028,-7.0011158],[107.7198184,-7.0008117],[107.7184642,-6.9995324],[107.7181163,-6.9991399],[107.7177992,-6.9987076],[107.7172044,-6.9977186],[107.7170274,-6.997505],[107.7167892,-6.9973036],[107.7163435,-6.9970479],[107.7159653,-6.9968381],[107.7155278,-6.9965625],[107.7150801,-6.9961897],[107.7146208,-6.9957676],[107.7143741,-6.9956866],[107.7140689,-6.9956943],[107.7137107,-6.9958102],[107.713094,-6.9961501],[107.7129229,-6.9961842],[107.7125307,-6.9962624],[107.7118441,-6.9962957],[107.7114116,-6.9963877],[107.7110829,-6.9965441],[107.7105646,-6.9969039],[107.7100045,-6.9969962],[107.7090021,-6.9970191],[107.7086992,-6.9970171],[107.708231,-6.9969493],[107.7078101,-6.9967769],[107.7074948,-6.996532],[107.7071095,-6.9959747],[107.7064341,-6.9948187],[107.7063121,-6.9944316],[107.7062812,-6.9941403],[107.7062993,-6.9939571],[107.7063856,-6.9932331],[107.706513,-6.9924136],[107.7065307,-6.9922998],[107.706548,-6.9918593],[107.706503,-6.9915028],[107.7063349,-6.9911664],[107.7061938,-6.9909541],[107.7059594,-6.9907511],[107.7055409,-6.9904742],[107.7047899,-6.9901228],[107.7033415,-6.9892922],[107.7023974,-6.9888236],[107.7013352,-6.9884083]]}},{"type":"Feature","properties":{"name":"Ci Tarum"},"geometry":{"type":"LineString","coordinates":[[107.7257601,-7.0168002],[107.7253325,-7.0159122],[107.7249976,-7.0151847],[107.724792,-7.0148388],[107.7245621,-7.0146072],[107.72442,-7.0144902],[107.7241864,-7.014277],[107.7239348,-7.0139231],[107.7232018,-7.0126414],[107.7222702,-7.0107127],[107.7221371,-7.0104975],[107.7219806,-7.0103234],[107.721739,-7.0100347],[107.7216342,-7.0097593],[107.7216233,-7.0096172],[107.7216528,-7.0094233],[107.7217292,-7.0089563],[107.7218799,-7.0084348],[107.7219077,-7.0081201],[107.7218327,-7.0078008],[107.7215031,-7.0072449],[107.7211811,-7.0067538],[107.7209837,-7.0062325],[107.7208139,-7.0056975],[107.7207089,-7.0054879],[107.7205572,-7.0052784],[107.720164,-7.0049707],[107.7199607,-7.004737],[107.7198256,-7.0044011],[107.7197693,-7.0040276],[107.7197922,-7.0037331],[107.719864,-7.0034925],[107.7201742,-7.0026917],[107.7203789,-7.0021455],[107.720396,-7.0018217],[107.7203204,-7.0014719],[107.7201028,-7.0011158],[107.7198184,-7.0008117],[107.7184642,-6.9995324],[107.7181163,-6.9991399],[107.7177992,-6.9987076],[107.7172044,-6.9977186],[107.7170274,-6.997505],[107.7167892,-6.9973036],[107.7163435,-6.9970479],[107.7159653,-6.9968381],[107.7155278,-6.9965625],[107.7150801,-6.9961897],[107.7146208,-6.9957676],[107.7143741,-6.9956866],[107.7140689,-6.9956943],[107.7137107,-6.9958102],[107.713094,-6.9961501],[107.7129229,-6.9961842],[107.7125307,-6.9962624],[107.7118441,-6.9962957],[107.7114116,-6.9963877],[107.7110829,-6.9965441],[107.7105646,-6.9969039],[107.7100045,-6.9969962],[107.7090021,-6.9970191],[107.7086992,-6.9970171],[107.708231,-6.9969493],[107.7078101,-6.9967769],[107.7074948,-6.996532],[107.7071095,-6.9959747],[107.7064341,-6.9948187],[107.7063121,-6.9944316],[107.7062812,-6.9941403],[107.7062993,-6.9939571],[107.7063856,-6.9932331],[107.706513,-6.9924136],[107.7065307,-6.9922998],[107.706548,-6.9918593],[107.706503,-6.9915028],[107.7063349,-6.9911664],[107.7061938,-6.9909541],[107.7059594,-6.9907511],[107.7055409,-6.9904742],[107.7047899,-6.9901228],[107.7033415,-6.9892922],[107.7023974,-6.9888236],[107.7013352,-6.9884083]]}},{"type":"Feature","properties":{"name":null},"geometry":{"type":"LineString","coordinates":[[107.5895713,-6.9788333],[107.589364,-6.9789178],[107.589197,-6.9790951],[107.5890847,-6.9792038],[107.5890143,-6.9793476],[107.5890057,-6.979473],[107.588993,-6.9795865],[107.5889433,-6.9798368],[107.5889035,-6.9800732],[107.5888852,-6.9802914],[107.5888316,-6.9807679],[107.588755,-6.9812043],[107.5887997,-6.9815522],[107.5890498,-6.9819204],[107.589316,-6.9821288],[107.5902161,-6.9826566],[107.5907338,-6.9829245],[107.5911412,-6.9830907],[107.5913569,-6.9832184],[107.5916084,-6.9834967],[107.5917627,-6.9837259],[107.5919028,-6.983944],[107.5920012,-6.9842078],[107.5920416,-6.9843118],[107.5920717,-6.9845843],[107.5920785,-6.9848213],[107.5921126,-6.9849009],[107.5922012,-6.9850491]]}},{"type":"Feature","properties":{"name":"Ci Tarik"},"geometry":{"type":"LineString","coordinates":[[107.8027143,-6.9882441],[107.8026575,-6.9883237],[107.8026049,-6.988409],[107.8025103,-6.9885865],[107.8023843,-6.9889935],[107.8023349,-6.9893809],[107.802373,-6.9895239],[107.8024538,-6.9896417],[107.8026869,-6.9897505],[107.8027104,-6.9898383],[107.8026701,-6.9898882],[107.802192,-6.9900082],[107.8020667,-6.9900903],[107.8019659,-6.9902505],[107.8019674,-6.9905559],[107.8020491,-6.990739],[107.8018788,-6.9909681],[107.8018799,-6.9910799],[107.8019887,-6.9913117],[107.8018936,-6.9915004]]}},{"type":"Feature","properties":{"name":"Ci Kapundung"},"geometry":{"type":"LineString","coordinates":[[107.6248056,-6.9847162],[107.624829,-6.9847669],[107.6248873,-6.9848009],[107.6251706,-6.984819],[107.6252978,-6.9848413],[107.6254456,-6.9848875],[107.6256092,-6.9849566],[107.6258288,-6.9850541],[107.6259275,-6.9850707],[107.6260079,-6.9850486],[107.6260721,-6.9850034],[107.6263935,-6.98456],[107.626457,-6.9844918],[107.6265327,-6.9844274],[107.6267241,-6.9842721],[107.6267775,-6.984207],[107.6269987,-6.9838287],[107.6270945,-6.9837256],[107.6271936,-6.9836447],[107.6273177,-6.983572],[107.6275621,-6.9834789],[107.6277086,-6.983473],[107.627861,-6.9834836],[107.6280027,-6.9835252],[107.6282713,-6.9836332],[107.6283883,-6.9836673],[107.6285258,-6.9836767],[107.6289075,-6.9836398],[107.6291239,-6.9836417],[107.629652,-6.9835814],[107.629747,-6.9835814]]}},{"type":"Feature","properties":{"name":null},"geometry":{"type":"LineString","coordinates":[[107.7484661,-6.9965065],[107.7479892,-6.9964753],[107.7473865,-6.996396],[107.7469265,-6.9965917],[107.7464973,-6.9967461],[107.7460204,-6.9969545],[107.7454625,-6.9971782],[107.7448993,-6.9973805],[107.7446359,-6.9974383],[107.7438205,-6.9974755],[107.7429783,-6.9974809],[107.7421205,-6.997487],[107.7416318,-6.9974809],[107.7413368,-6.997385],[107.741031,-6.9971774],[107.7407633,-6.9969276],[107.7405487,-6.9967253],[107.7401947,-6.9964591],[107.739905,-6.996342],[107.7392291,-6.9961716],[107.7384244,-6.9959799],[107.7375173,-6.9958037],[107.7361821,-6.9955433],[107.7349375,-6.9952451],[107.7343689,-6.9951067],[107.7338003,-6.9950428],[107.7328776,-6.9951173],[107.7316652,-6.9952451],[107.7310215,-6.995309],[107.7306245,-6.9953303],[107.730249,-6.9952558],[107.7294766,-6.9949895],[107.7289294,-6.9948192],[107.7285002,-6.9947766],[107.7280604,-6.9948937],[107.72776,-6.9951812],[107.7274166,-6.9954048],[107.7270733,-6.9954687],[107.7267836,-6.9954368],[107.7263008,-6.9951493],[107.7258824,-6.9948405],[107.7254103,-6.9945103],[107.7249061,-6.9941909],[107.7245306,-6.993914],[107.7241336,-6.9936691],[107.7233611,-6.993307],[107.72305,-6.9931686],[107.7229538,-6.9931355],[107.7225243,-6.9929875],[107.7220093,-6.9928597],[107.7216767,-6.9927745],[107.721505,-6.9927],[107.7212475,-6.9924977],[107.7208828,-6.9922101],[107.7204,-6.9917735],[107.7200674,-6.9914754],[107.7197884,-6.9912943],[107.7194773,-6.9911452],[107.7190374,-6.99106],[107.7185546,-6.9909962],[107.7181255,-6.9909323],[107.717707,-6.9908684],[107.7172779,-6.9907832],[107.716956,-6.9906234],[107.7162479,-6.9902507],[107.7156471,-6.9899206],[107.7146922,-6.9892284],[107.7132331,-6.9881422],[107.7124821,-6.9875884],[107.7117847,-6.9870773],[107.711377,-6.9867365],[107.710862,-6.9864596],[107.7104007,-6.9863531],[107.709993,-6.9863531],[107.7096175,-6.9864383],[107.7080511,-6.9869814],[107.7066992,-6.9874393],[107.7061049,-6.9876396]]}},{"type":"Feature","properties":{"name":"Ci Mande"},"geometry":{"type":"LineString","coordinates":[[107.8280819,-6.9470848],[107.8281403,-6.9471404],[107.8282617,-6.9473235],[107.8282921,-6.9476758],[107.8282594,-6.9480305],[107.8281539,-6.9482788],[107.8280846,-6.9484623],[107.827949,-6.9486933],[107.827738,-6.9489364],[107.8276302,-6.9490832],[107.8276563,-6.9491337],[107.8277257,-6.9491627],[107.8279306,-6.9494043],[107.8280122,-6.9495282],[107.8280707,-6.9498233],[107.8280707,-6.949964],[107.8279444,-6.9502576],[107.827889,-6.9503983],[107.8279537,-6.9505849],[107.8280677,-6.9508143],[107.8281724,-6.9510192],[107.8281878,-6.9512669],[107.8281293,-6.9514321],[107.8278489,-6.951903],[107.8276024,-6.9522578],[107.8273714,-6.9527594],[107.8273128,-6.9529551],[107.8271064,-6.9532243],[107.8265703,-6.9538237],[107.8263577,-6.9540531],[107.8261081,-6.9541418],[107.8259109,-6.9541571],[107.8258432,-6.954206],[107.8257815,-6.9545363],[107.8258093,-6.9547596],[107.8258493,-6.954885],[107.8258308,-6.9551235],[107.8257939,-6.9553132],[107.8257754,-6.9555089],[107.8257908,-6.9556496],[107.8258801,-6.9557474],[107.8262067,-6.9560105],[107.8263977,-6.9563071],[107.8265518,-6.9563499],[107.8265949,-6.9563224],[107.8266874,-6.9562184],[107.826786,-6.9561236],[107.8268291,-6.9561022],[107.8269184,-6.9561389],[107.8270632,-6.9561787],[107.8272758,-6.9562857],[107.8274638,-6.9563316],[107.8276671,-6.9564264],[107.8277996,-6.9563438],[107.8280553,-6.9563805],[107.8282864,-6.9564814],[107.8284158,-6.9565518],[107.8286962,-6.9566466],[107.8288318,-6.9567414],[107.8288564,-6.9568454],[107.8287856,-6.956931],[107.8286993,-6.9570136],[107.8287024,-6.9571115],[107.8287917,-6.9571635],[107.8289981,-6.9571971],[107.8295373,-6.9573194],[107.8296328,-6.9573653],[107.8296729,-6.9574357],[107.8296236,-6.9576222],[107.829525,-6.9578088],[107.8293925,-6.9579372],[107.8292693,-6.9579372],[107.8289396,-6.9578699],[107.8287363,-6.9578332],[107.8285853,-6.9578577],[107.8283326,-6.9579709],[107.8280461,-6.9580749],[107.8279259,-6.9581177],[107.827889,-6.9581941],[107.8277626,-6.9582186],[107.8273344,-6.9582522],[107.8271403,-6.9582736],[107.8271464,-6.958347],[107.8272327,-6.9584388],[107.8273559,-6.9586957],[107.8273559,-6.9587599],[107.827245,-6.9589128],[107.8271038,-6.9591236],[107.8270251,-6.9591274],[107.8267784,-6.9591328],[107.8266711,-6.9591913],[107.8265879,-6.9593191],[107.8264216,-6.9594709],[107.8261239,-6.9595854],[107.8256599,-6.9595747],[107.8251556,-6.9595987],[107.8250215,-6.9595694],[107.8246594,-6.9595561],[107.8244958,-6.9595641],[107.8242759,-6.9595694],[107.8241766,-6.9596999],[107.8240586,-6.9598623],[107.8237823,-6.9598144],[107.8236885,-6.9597292],[107.8235597,-6.9596386],[107.8233317,-6.9596493],[107.8232486,-6.9597185],[107.8230501,-6.9598996],[107.8227282,-6.9600433],[107.822637,-6.9604454],[107.8226156,-6.9607995],[107.8224734,-6.9609565],[107.822055,-6.9611509],[107.8218538,-6.9611216],[107.8217626,-6.9608554],[107.8217814,-6.9605944],[107.8217573,-6.9604959],[107.8216795,-6.9604533],[107.8214864,-6.9604906],[107.8213603,-6.9606237],[107.8213093,-6.9608261],[107.8212235,-6.9609246],[107.8211243,-6.9609193],[107.8210143,-6.9608953],[107.8209606,-6.9607915],[107.8208668,-6.9607063],[107.820738,-6.9607356],[107.8205047,-6.9608474],[107.8202847,-6.9610577],[107.820156,-6.9611083],[107.8196598,-6.960882],[107.8194452,-6.9608847],[107.8191287,-6.9609592],[107.8189651,-6.9610976],[107.818898,-6.9613453],[107.81878,-6.9613373],[107.8185386,-6.961292],[107.818224,-6.9613443],[107.81813,-6.9613042],[107.8181164,-6.9612375],[107.8181066,-6.9610724],[107.8179794,-6.960951],[107.817911,-6.9609559],[107.8178034,-6.9610141],[107.8177202,-6.9611646],[107.8176371,-6.9613588],[107.8175344,-6.9613686],[107.8173583,-6.9611792],[107.8171675,-6.960917],[107.8168942,-6.9607621],[107.8168014,-6.9607243],[107.8166442,-6.9606646],[107.8163996,-6.9606354],[107.8162235,-6.9606888],[107.8161697,-6.9607811],[107.8161453,-6.9608588],[107.8160083,-6.9608539],[107.8159105,-6.9607957],[107.8157784,-6.9607374],[107.8156317,-6.960684],[107.815485,-6.960684],[107.8153589,-6.9607131],[107.815269,-6.9607646],[107.8151034,-6.9608797],[107.814964,-6.9609671],[107.8149391,-6.9610454],[107.8149538,-6.9611061],[107.8149489,-6.9611887],[107.8149415,-6.9612955],[107.8148792,-6.9614678],[107.8147593,-6.9615844],[107.8148182,-6.9616896],[107.8149809,-6.9617176],[107.8151679,-6.9615962],[107.8152682,-6.9615853],[107.8153636,-6.961612],[107.8154675,-6.9616678],[107.8155005,-6.9617467],[107.8153905,-6.9619579],[107.8154009,-6.962157],[107.8155357,-6.9623287],[107.8154839,-6.9624625],[107.8153248,-6.9624969],[107.8149478,-6.9625381],[107.8146054,-6.9626205],[107.8145511,-6.9627711],[107.8144728,-6.9630187],[107.8142576,-6.9630672],[107.8141222,-6.963171],[107.8139147,-6.963377],[107.813718,-6.9635832],[107.8135198,-6.9637536],[107.8133371,-6.96394],[107.8131884,-6.9639091],[107.8129636,-6.9638027],[107.8127665,-6.9636516],[107.8126558,-6.9636585],[107.812597,-6.963758],[107.8126108,-6.9639366],[107.8127146,-6.9641254],[107.8127561,-6.9643108],[107.8127375,-6.9645324],[107.8127008,-6.9647509],[107.8126298,-6.9648246],[107.8123867,-6.9647824],[107.812184,-6.964673],[107.8121283,-6.9647256],[107.8120435,-6.9648924],[107.8120305,-6.965083],[107.8120783,-6.9652968],[107.8121321,-6.9653551],[107.8122911,-6.9653745],[107.8127459,-6.9652823],[107.8128755,-6.9652823],[107.8128976,-6.9653915],[107.8128682,-6.9655299],[107.8127422,-6.9656271],[107.812627,-6.9658176],[107.8125671,-6.9658562],[107.8122115,-6.9658569],[107.812085,-6.9659292],[107.8120995,-6.9662995],[107.8119087,-6.9666535],[107.8117496,-6.9669247],[107.8114936,-6.9670209],[107.8109818,-6.9671444],[107.8106152,-6.9672749],[107.8103246,-6.9673573],[107.8101379,-6.9673367],[107.8101033,-6.9674328],[107.8100895,-6.967831],[107.8100618,-6.9681537],[107.8097942,-6.9683316],[107.8096181,-6.9684093],[107.8092562,-6.9683996],[107.8091386,-6.9684202],[107.8089281,-6.9684266],[107.808796,-6.9684266],[107.8087324,-6.9684072],[107.8086371,-6.9683246],[107.8085343,-6.968111],[107.8083878,-6.9678759],[107.808348,-6.9678278],[107.8083117,-6.9677849],[107.8082382,-6.9677497],[107.8081474,-6.9677411],[107.8081042,-6.9677566],[107.807988,-6.9677699],[107.8078951,-6.9677286],[107.8078022,-6.9676194],[107.8076994,-6.9675976],[107.8076285,-6.9676655],[107.8075723,-6.9679131],[107.8074696,-6.9680314],[107.8073139,-6.9682614],[107.8072275,-6.9682958],[107.8071306,-6.9682443],[107.8070199,-6.9680211],[107.8069671,-6.9679545],[107.806835,-6.9679205],[107.8066883,-6.9678986],[107.8064364,-6.9679618],[107.8060744,-6.9678841],[107.805869,-6.9678598],[107.8056562,-6.9679253],[107.8055878,-6.9682118],[107.8054875,-6.9682361],[107.8052609,-6.9681701],[107.8051571,-6.9681804],[107.8048044,-6.9681941],[107.8046729,-6.9682799],[107.8046487,-6.9684619],[107.8045138,-6.9687399],[107.8043651,-6.9689974],[107.8042164,-6.9689425],[107.8040884,-6.968788],[107.804006,-6.9685524],[107.8039693,-6.9684796],[107.8038372,-6.9684432],[107.8035364,-6.9685403],[107.8033921,-6.9685451],[107.8033041,-6.9684504],[107.8032392,-6.9684007],[107.8031822,-6.9683363],[107.8031718,-6.9682479],[107.8031907,-6.9681422],[107.8031803,-6.9680152],[107.8030489,-6.9678882],[107.8028932,-6.9679157],[107.8027998,-6.9678401],[107.8027964,-6.9676342],[107.8027028,-6.9673479],[107.8026208,-6.9672122],[107.8026726,-6.9670066],[107.802966,-6.9670794],[107.8031861,-6.96706],[107.8032155,-6.9668998],[107.8029612,-6.966623],[107.8028682,-6.9664774],[107.8028242,-6.9663494],[107.8028491,-6.966173],[107.8028668,-6.966008],[107.802869,-6.9657601],[107.80276,-6.9656502],[107.8026614,-6.9656399],[107.8024747,-6.9657429],[107.802345,-6.9657789],[107.8022845,-6.9657738],[107.8021755,-6.9656794],[107.8021271,-6.9655884],[107.8022225,-6.9653796],[107.8023326,-6.9652853],[107.802414,-6.9652511],[107.8024636,-6.9651739],[107.8024589,-6.96512],[107.8023923,-6.965084],[107.8022534,-6.9651033],[107.8020897,-6.96512],[107.8020201,-6.9651304],[107.8019455,-6.9651456],[107.8017531,-6.9651477],[107.8015703,-6.9652228],[107.8014544,-6.9652434],[107.8013782,-6.9652547],[107.8012688,-6.9652231],[107.8011656,-6.9651576],[107.8010998,-6.9652118],[107.8010433,-6.9652812],[107.801016,-6.9653623],[107.8009438,-6.9654256],[107.8008863,-6.9655254],[107.8007791,-6.9655543],[107.8006511,-6.9655477],[107.8002153,-6.9655254],[107.8000921,-6.9654939],[107.8000044,-6.965482],[107.7999358,-6.9654826],[107.7998805,-6.9655241],[107.7998255,-6.9655958],[107.799786,-6.9657516],[107.7997183,-6.9659416],[107.7995864,-6.9661071],[107.7994101,-6.9662267],[107.7993308,-6.9663314],[107.7992594,-6.9664445],[107.7992119,-6.9667235],[107.7991499,-6.9669682],[107.7990396,-6.9673253],[107.79896,-6.9674478],[107.7988951,-6.9675742],[107.7988581,-6.9676313],[107.7980876,-6.968878],[107.7978408,-6.9689738],[107.7974761,-6.969043],[107.7972454,-6.9691174],[107.79713,-6.9691379],[107.7969544,-6.9691923],[107.7964574,-6.9694417],[107.7961826,-6.9696277],[107.7960279,-6.9697306],[107.7958291,-6.9698174],[107.7956215,-6.9698616],[107.795431,-6.9698574],[107.7953169,-6.9698512],[107.7951014,-6.9697693],[107.7949424,-6.9696587],[107.7947563,-6.9695104],[107.7945974,-6.9693685],[107.7944783,-6.9692502],[107.7944188,-6.9691723],[107.7943098,-6.9690631],[107.7941908,-6.9689257],[107.7941169,-6.9687916],[107.7938949,-6.9685228],[107.7935354,-6.968149],[107.7933984,-6.9681077],[107.7932957,-6.9680009],[107.7932077,-6.9678625],[107.7931245,-6.9677921],[107.7929857,-6.9676696],[107.7924577,-6.967309],[107.7923574,-6.9672324],[107.7922599,-6.9671549],[107.7920021,-6.9669044],[107.7916684,-6.9666786],[107.7912771,-6.9666494],[107.7907978,-6.9667077],[107.7901913,-6.9666883],[107.7897478,-6.9667223],[107.789303,-6.9667425],[107.7889862,-6.9669211],[107.7888517,-6.9670763],[107.7887825,-6.9671003],[107.7884661,-6.9673132],[107.7879274,-6.9676453],[107.7874392,-6.968054],[107.7873185,-6.9682949],[107.7872407,-6.9685931],[107.7871951,-6.9689419],[107.787194,-6.9693023],[107.7871967,-6.969747],[107.7871694,-6.9699924],[107.787116,-6.9702398],[107.7871107,-6.9704148],[107.7871009,-6.97074],[107.787112,-6.9708135],[107.7871335,-6.9709413],[107.787112,-6.9711197],[107.7870932,-6.9712821],[107.7870879,-6.9714232],[107.7870905,-6.9716122],[107.787112,-6.9718385],[107.7870758,-6.9720222],[107.787057,-6.9721221],[107.7870248,-6.9722033],[107.7869524,-6.9723364],[107.7869001,-6.9724109],[107.7868451,-6.9724722],[107.7867472,-6.9725467],[107.7866238,-6.9726346],[107.7864897,-6.9727224],[107.7862778,-6.9728875],[107.7860915,-6.9730166],[107.7859914,-6.9730697],[107.7858674,-6.9731245],[107.7856475,-6.9732682],[107.7854034,-6.9734679],[107.7851996,-6.9735984],[107.7849689,-6.9738566],[107.7848375,-6.9741468],[107.7847785,-6.9744051],[107.7846739,-6.974677],[107.7846397,-6.9747778],[107.7845854,-6.9749003],[107.7844971,-6.9750291],[107.7844364,-6.9752499],[107.7844005,-6.9753805],[107.7844338,-6.9755179],[107.7845502,-6.9756511],[107.7857417,-6.9764895],[107.7858809,-6.9766175],[107.7859935,-6.9767666],[107.7860633,-6.9769077],[107.7861053,-6.9770599],[107.786244,-6.9779077],[107.7866051,-6.9800173],[107.7865541,-6.9803421],[107.7864307,-6.9805764],[107.7859586,-6.9812898],[107.7857092,-6.9816493],[107.7850761,-6.9826197],[107.7849582,-6.9828127],[107.7848241,-6.9829538],[107.7846873,-6.9830497],[107.7845102,-6.9831109],[107.783668,-6.9833825],[107.7834749,-6.9836167],[107.7833596,-6.9838723],[107.7837721,-6.9891738],[107.7838075,-6.9894791],[107.7837861,-6.989724],[107.7837163,-6.9900062],[107.7836152,-6.9902035],[107.7824879,-6.9926951],[107.7823645,-6.9929321],[107.7822411,-6.9930705],[107.7820641,-6.993169],[107.7818681,-6.9932166],[107.7789197,-6.9937237],[107.7769432,-6.9947104],[107.7754623,-6.9954716],[107.7739155,-6.9959431],[107.7734971,-6.9960336],[107.7731772,-6.9959757],[107.7729768,-6.9958739],[107.7728319,-6.9957354],[107.7725851,-6.9952828],[107.7721614,-6.9944522],[107.7717268,-6.9936642],[107.7714586,-6.9932542],[107.7711367,-6.9929188],[107.770772,-6.9927164],[107.7703214,-6.9926312],[107.7694523,-6.9925088],[107.7685136,-6.992349],[107.7680576,-6.9923118],[107.767607,-6.992381],[107.7673066,-6.9924662],[107.7670491,-6.9926206],[107.7664751,-6.9930412],[107.765315,-6.994058],[107.7619958,-6.9968961],[107.76145,-6.9972103],[107.7608585,-6.9973647],[107.7602443,-6.9973354],[107.7597105,-6.9971624],[107.7592653,-6.9969281],[107.7588951,-6.9965767],[107.7581318,-6.9955641],[107.757766,-6.9951389],[107.7575138,-6.9949046],[107.757259,-6.9947502],[107.7569757,-6.9946323],[107.7567521,-6.9945864],[107.7562411,-6.9945373],[107.7560573,-6.9945439],[107.7558079,-6.9945918],[107.7553251,-6.9947374],[107.754824,-6.9948635],[107.7543238,-6.9948748]]}},{"type":"Feature","properties":{"name":null},"geometry":{"type":"LineString","coordinates":[[107.7996992,-6.9592118],[107.799654,-6.9592071],[107.7967478,-6.9590855],[107.7966124,-6.9590882],[107.7963479,-6.9590793],[107.7962884,-6.9590811],[107.7962476,-6.9591281],[107.7962476,-6.9592213],[107.7962771,-6.9596686],[107.7963066,-6.9597565],[107.7964541,-6.9600626],[107.7964031,-6.9602996],[107.7962288,-6.9603502],[107.7961483,-6.9603289],[107.7959697,-6.9603546],[107.795856,-6.9602836],[107.7957219,-6.9603076],[107.7955341,-6.9602011],[107.7954306,-6.9602028],[107.7953222,-6.9602969],[107.795231,-6.9602996],[107.7951023,-6.9602277],[107.7950299,-6.9602144],[107.7948823,-6.9605632],[107.7947053,-6.9609918],[107.7945229,-6.9610717],[107.7942601,-6.9611596],[107.7939875,-6.9611853],[107.793722,-6.9612545],[107.7934672,-6.9613157],[107.7933669,-6.961322],[107.7930343,-6.961282],[107.7929053,-6.9612958],[107.7928808,-6.961352],[107.792834,-6.9613859],[107.7926134,-6.9613427],[107.7925402,-6.9613143],[107.7925043,-6.9612785],[107.792452,-6.9611234],[107.7921069,-6.9609271],[107.7917629,-6.960784],[107.7915859,-6.9606829],[107.791264,-6.9607201],[107.791087,-6.9608799],[107.791028,-6.9611514],[107.7908655,-6.9617018],[107.7908027,-6.9618384],[107.7905758,-6.9620585],[107.7903092,-6.9623549],[107.7897647,-6.9629035],[107.7897094,-6.9629664],[107.7895324,-6.9631714],[107.7892803,-6.9634084],[107.788945,-6.9637465],[107.7886757,-6.964043],[107.7884638,-6.9642214],[107.7882354,-6.9644251],[107.7876604,-6.9650307],[107.7869224,-6.9657844],[107.7864398,-6.9662252],[107.7863881,-6.966332],[107.7861595,-6.9665717],[107.7859871,-6.9667535],[107.7855811,-6.9671909],[107.7853546,-6.9674199],[107.7851362,-6.9675585],[107.7848937,-6.9676577],[107.7847438,-6.9677006],[107.7839025,-6.9679414],[107.7835966,-6.9680359],[107.7830925,-6.9681749],[107.7827306,-6.9682679],[107.7824041,-6.968362],[107.7821105,-6.9684369],[107.7816943,-6.9684226],[107.7811094,-6.9683724],[107.7805087,-6.9681499],[107.7803379,-6.968107],[107.7800953,-6.9678768],[107.7798461,-6.9677839],[107.779653,-6.9677734],[107.7794617,-6.9677481],[107.7790682,-6.9677183],[107.7788593,-6.9676966],[107.7784827,-6.9676992],[107.7782555,-6.9677229],[107.7780819,-6.9677778],[107.7779179,-6.9678352],[107.7778664,-6.9679],[107.7777727,-6.967949],[107.7775508,-6.9680375],[107.7773034,-6.968145],[107.7770005,-6.9683826],[107.776809,-6.9685833],[107.7766461,-6.9688541],[107.7766111,-6.9689631],[107.7764368,-6.9691814],[107.7761842,-6.969396],[107.7757023,-6.9698348],[107.7754896,-6.9699822],[107.7752049,-6.970175],[107.7744601,-6.9705088],[107.7738238,-6.9707094],[107.7734977,-6.9707945],[107.7733558,-6.9707905],[107.7731177,-6.9708496],[107.7729965,-6.9709936],[107.7728874,-6.9711737],[107.7726656,-6.9712047],[107.7724027,-6.9713005],[107.7721292,-6.9714177],[107.7719038,-6.9714017],[107.771035,-6.9713817],[107.7706482,-6.9713357],[107.7705391,-6.9713287],[107.7701334,-6.9712887],[107.7698543,-6.9711387],[107.7694889,-6.9709393],[107.7692045,-6.9707859],[107.7689971,-6.9707116],[107.768838,-6.9706218],[107.768583,-6.9704458],[107.7682346,-6.9701911],[107.7678253,-6.9698755],[107.7675412,-6.9696976],[107.7674621,-6.9696435],[107.7674089,-6.9696189],[107.7673448,-6.969621],[107.7672235,-6.9696708],[107.7671242,-6.9696793],[107.7670792,-6.9697179],[107.767029,-6.9697872],[107.7669471,-6.9698457],[107.7667313,-6.9699756],[107.7666595,-6.9700275],[107.7665655,-6.9701512],[107.766353,-6.9703289],[107.7661604,-6.9705261],[107.76612,-6.9706122],[107.766116,-6.9707066],[107.7659246,-6.9708501],[107.7656972,-6.9710491],[107.7656258,-6.971188],[107.7655981,-6.9714793],[107.7655172,-6.9718577],[107.7650733,-6.9735776],[107.7651456,-6.9738382],[107.7648198,-6.9747726],[107.7641963,-6.976911],[107.7638884,-6.9779945],[107.7637676,-6.9783921],[107.7633937,-6.9800117],[107.7633947,-6.9800338],[107.7634141,-6.9800534],[107.7635566,-6.9801064]]}},{"type":"Feature","properties":{"name":"Ci Kijing"},"geometry":{"type":"LineString","coordinates":[[107.7847931,-6.9680893],[107.7848169,-6.9684585],[107.7847879,-6.96888],[107.7847404,-6.9689271],[107.7846085,-6.9689847],[107.7844265,-6.9690842],[107.7843685,-6.9692047],[107.7845843,-6.9696501],[107.784778,-6.9700281],[107.784859,-6.9704101],[107.7848084,-6.9705509],[107.7847476,-6.9706916],[107.7846869,-6.9712545],[107.7847831,-6.9715511],[107.7846857,-6.9717245],[107.784668,-6.9718731],[107.7846441,-6.9720733],[107.7844411,-6.9722873],[107.7843278,-6.9723493],[107.784224,-6.9725199],[107.7840597,-6.9726716],[107.7839953,-6.9728031],[107.7840239,-6.9728919],[107.7840275,-6.9731052],[107.7838592,-6.9731905],[107.7835405,-6.9733788],[107.7833763,-6.973384],[107.783315,-6.973386],[107.7829641,-6.9733824],[107.7827013,-6.9733609],[107.7820692,-6.9733512],[107.7819163,-6.9737756],[107.7814684,-6.9737985],[107.7813049,-6.9737874],[107.781237,-6.973808],[107.7811885,-6.9738457],[107.7811438,-6.9738549],[107.7809913,-6.9738803],[107.7809425,-6.9739063],[107.7809228,-6.9739713],[107.7808862,-6.9740621],[107.7808407,-6.974107],[107.780739,-6.9741068],[107.7806157,-6.9741228],[107.7804976,-6.9741228],[107.7803394,-6.9740695],[107.7802187,-6.9740083],[107.7800964,-6.9739754],[107.7799113,-6.9738769],[107.7797976,-6.9739231],[107.7796849,-6.9739338],[107.779465,-6.9739577],[107.7793588,-6.9740606],[107.779414,-6.9742479],[107.7794918,-6.9744343],[107.7794865,-6.974626],[107.7795213,-6.9748123],[107.7795546,-6.9749525],[107.7796393,-6.9752197],[107.7796941,-6.975501],[107.7798003,-6.9756936],[107.7798351,-6.9758693],[107.7798378,-6.9761329],[107.7798164,-6.9764657],[107.7798164,-6.9767],[107.7797922,-6.976857],[107.7796849,-6.9771126],[107.7796769,-6.9774374],[107.779642,-6.9776557],[107.7795616,-6.9778953],[107.7795669,-6.9779459],[107.7795991,-6.9781882],[107.779575,-6.9784571],[107.779457,-6.978907],[107.7793416,-6.979317],[107.779237,-6.9795752],[107.7792086,-6.9799338],[107.7791764,-6.9801308],[107.7790546,-6.9804803],[107.7790439,-6.9810341],[107.7789511,-6.9813767],[107.7788347,-6.9820564],[107.7787059,-6.9826847],[107.7786239,-6.9832776],[107.7785488,-6.9838527],[107.7784109,-6.9841011],[107.7783036,-6.9843567],[107.7781051,-6.9845537],[107.7778476,-6.9847507],[107.7773739,-6.9850827],[107.7771165,-6.9853755],[107.7769625,-6.985608],[107.7769931,-6.9859825],[107.7768911,-6.9862434],[107.7767855,-6.9866356],[107.7766551,-6.9872125],[107.77658,-6.9875959],[107.7764352,-6.9879526],[107.7763332,-6.9880964],[107.7762421,-6.9883839],[107.7760827,-6.988808],[107.7757931,-6.9890636],[107.7755608,-6.9890974],[107.7753194,-6.9892146],[107.7750957,-6.989234],[107.774799,-6.9892731],[107.7746719,-6.9894044],[107.7745753,-6.9894523],[107.7744772,-6.9894329],[107.7743339,-6.9893298],[107.7742159,-6.9891435],[107.774114,-6.9889784],[107.7740335,-6.9889784],[107.773717,-6.9890157],[107.7734649,-6.9889571],[107.7733415,-6.9889465],[107.7731162,-6.9890104],[107.7730127,-6.9892199],[107.7727353,-6.9893511],[107.7725728,-6.9893849],[107.7724333,-6.9895873],[107.7722563,-6.9896938],[107.7720862,-6.9897611],[107.7720111,-6.9899528],[107.771979,-6.9903947],[107.7720256,-6.9908226],[107.7718969,-6.9911207],[107.7716946,-6.9911402],[107.7716034,-6.9910337],[107.7712156,-6.9909131],[107.7709329,-6.991039],[107.7703964,-6.9910816],[107.7701427,-6.990993],[107.7697313,-6.9910071],[107.769499,-6.9909024],[107.7694845,-6.9908527],[107.7695687,-6.9904445],[107.769506,-6.9902563],[107.7692377,-6.9901658],[107.7689051,-6.9899741],[107.7686101,-6.9897452],[107.7684599,-6.9895481],[107.7683902,-6.9893778],[107.7684223,-6.9891435],[107.7683687,-6.9890583],[107.767843,-6.9887974],[107.7677572,-6.9888134],[107.7676858,-6.9889856],[107.7676123,-6.9893192],[107.767423,-6.9895181],[107.7672996,-6.9898695],[107.7671333,-6.9900452],[107.7670524,-6.9902644],[107.7670068,-6.9902751],[107.7669592,-6.9902598],[107.7668483,-6.9901131],[107.7666581,-6.989913],[107.7665325,-6.98983],[107.7663683,-6.9896925],[107.7661897,-6.9894829],[107.7660245,-6.9893061],[107.7658445,-6.9891725],[107.7657494,-6.9891264],[107.7655738,-6.9890984],[107.765319,-6.9890984],[107.7651447,-6.9890611],[107.7649768,-6.9890149],[107.7648625,-6.9889663],[107.7647011,-6.9888477],[107.7645707,-6.9886937],[107.7644312,-6.988502],[107.7644205,-6.9883767],[107.7644312,-6.988233],[107.7644366,-6.9879561],[107.7642917,-6.987413],[107.7640396,-6.9872479],[107.7639645,-6.9870349],[107.7638733,-6.9868539],[107.7637698,-6.9868238],[107.76353,-6.9868273],[107.7634656,-6.9869178],[107.7634603,-6.9871095],[107.7634157,-6.9872285],[107.7632655,-6.9872498],[107.7626754,-6.9874095],[107.7624517,-6.9874077],[107.7621782,-6.9871734],[107.7618675,-6.9868259],[107.7616808,-6.9867044]]}},{"type":"Feature","properties":{"name":"Ci Pamokolan"},"geometry":{"type":"LineString","coordinates":[[107.6778073,-6.9504815],[107.6779729,-6.9515731],[107.6781429,-6.9522798],[107.6779997,-6.9530082],[107.6779358,-6.9538321],[107.6784481,-6.9554267],[107.6786858,-6.9560503],[107.6790047,-6.9575224],[107.6790501,-6.9581361],[107.679011,-6.9586532],[107.6786609,-6.9606282],[107.6784052,-6.9613594],[107.6782474,-6.9616914],[107.6778485,-6.9628834],[107.6777917,-6.9631456],[107.6778479,-6.963779],[107.6779521,-6.9645245],[107.6780399,-6.9653381],[107.6780048,-6.9661684],[107.6779416,-6.9677363],[107.6779416,-6.9688024],[107.6778784,-6.9705428],[107.6777047,-6.9750268],[107.6775941,-6.9767357],[107.6774472,-6.9798191],[107.6774069,-6.9807947],[107.6774069,-6.9820911],[107.6774069,-6.9842431],[107.6766818,-6.9882217],[107.6764521,-6.9890842],[107.6759562,-6.9904045],[107.6752773,-6.9919364],[107.6751834,-6.992152],[107.6750037,-6.9924928],[107.6748991,-6.9927457],[107.6747677,-6.9930891],[107.674633,-6.9933586],[107.6744994,-6.9935763],[107.6743761,-6.9937201],[107.6742071,-6.9939224],[107.6739925,-6.9941567],[107.6738504,-6.9943457],[107.673672,-6.9946214],[107.6729081,-6.9959843]]}},{"type":"Feature","properties":{"name":"Ci Cadas"},"geometry":{"type":"LineString","coordinates":[[107.6532602,-6.9454402],[107.65327,-6.9455089],[107.653277,-6.9456175],[107.6532917,-6.9457766],[107.6533311,-6.9460846],[107.6534228,-6.9465769],[107.6534255,-6.9471495],[107.6533992,-6.9474922],[107.653229,-6.9478807],[107.6528549,-6.9486586],[107.6525894,-6.9492119],[107.6522432,-6.9498825],[107.6518537,-6.9507408],[107.6515559,-6.9514653],[107.6514239,-6.9518566],[107.6514143,-6.951965],[107.6514272,-6.9520753],[107.6517535,-6.9523862],[107.6519544,-6.9524788],[107.6524785,-6.9527667],[107.6528243,-6.9528503],[107.6531064,-6.9530326],[107.6532246,-6.9534985],[107.6533107,-6.9538564],[107.6535758,-6.9542316],[107.6538942,-6.9545183],[107.6541863,-6.9550527],[107.6545145,-6.9555414],[107.6548526,-6.9562842],[107.6549213,-6.9567201],[107.6549918,-6.9570743],[107.655108,-6.9572741],[107.6555529,-6.9574917],[107.656018,-6.9576735],[107.6563127,-6.9578065],[107.6564871,-6.9581641],[107.6566487,-6.9585853],[107.656911,-6.9591244],[107.6570203,-6.9593917],[107.6572193,-6.9598843],[107.6573223,-6.9600172],[107.6577289,-6.9602029],[107.6582168,-6.9604187],[107.6586276,-6.9605777],[107.6588997,-6.9606777],[107.659149,-6.9608129],[107.6592699,-6.9608974],[107.6593302,-6.9609746],[107.6593907,-6.9610736],[107.6594107,-6.961153],[107.6594241,-6.9612568],[107.6594147,-6.961342],[107.6593958,-6.9614585],[107.659195,-6.9618148],[107.6591376,-6.9620136],[107.6590276,-6.9626179],[107.6590867,-6.9629404],[107.659172,-6.9636311],[107.6594018,-6.9642925],[107.6594898,-6.9646168],[107.659518,-6.964702],[107.6595862,-6.9648082],[107.6604417,-6.9660693],[107.6604943,-6.9661903],[107.6605033,-6.9662793],[107.6604916,-6.9663221],[107.6603732,-6.9667404],[107.6602216,-6.9673684],[107.6600358,-6.9682712],[107.6600119,-6.9687929],[107.6599734,-6.9698233],[107.6599525,-6.970084],[107.6599364,-6.9702185],[107.659919,-6.9703383],[107.6597753,-6.9710283],[107.6597071,-6.9714738],[107.6596319,-6.9716959],[107.6594689,-6.9719469],[107.659159,-6.9722972],[107.6585537,-6.9730552],[107.6584147,-6.9732561],[107.658313,-6.9734666],[107.6582279,-6.9736862],[107.6581433,-6.9740164],[107.6581058,-6.97424],[107.6580692,-6.9746888],[107.6578735,-6.9757531],[107.6577002,-6.9766308],[107.6576874,-6.9767839],[107.6576994,-6.9768757],[107.6577311,-6.9769335],[107.6578121,-6.9770009],[107.6579261,-6.9770954],[107.6581765,-6.9772335],[107.6586355,-6.9774508],[107.6589917,-6.9776482],[107.6592162,-6.9777889],[107.659346,-6.9779109],[107.6594174,-6.9780205],[107.6596052,-6.9783796],[107.6598661,-6.9788474],[107.6600584,-6.9791933],[107.6601798,-6.979383],[107.6602054,-6.9794537],[107.6602133,-6.9795141],[107.6602053,-6.9796093],[107.6601909,-6.9797398],[107.6601463,-6.980217],[107.6600962,-6.9806632],[107.6600456,-6.9810678],[107.6600048,-6.9811727],[107.6599082,-6.9812739],[107.6596622,-6.9814275],[107.6586439,-6.9820132],[107.6583914,-6.9821618],[107.6583183,-6.9822352],[107.6582694,-6.9823521],[107.6581603,-6.9829281],[107.6581219,-6.9830843],[107.6580816,-6.9831934],[107.6579949,-6.9833679],[107.6578386,-6.9836295],[107.6575307,-6.9841703],[107.657446,-6.9842637],[107.6573522,-6.9843455],[107.6571437,-6.9844313],[107.6568788,-6.9844763],[107.6566702,-6.9845097],[107.6565515,-6.9845491],[107.6564643,-6.9846391],[107.6563283,-6.9849846],[107.6561478,-6.9855003],[107.6561236,-6.9855842],[107.6561075,-6.9857359],[107.6560597,-6.9858233],[107.6559895,-6.985869],[107.6558135,-6.9859516],[107.6551507,-6.9861439],[107.6549489,-6.9862315],[107.6548457,-6.9863594],[107.6547991,-6.9867836],[107.654739,-6.987318],[107.6546668,-6.9876782],[107.6545013,-6.9878891],[107.6543287,-6.9879714],[107.6536527,-6.987989],[107.6534535,-6.9879929],[107.6532982,-6.9879984],[107.6531518,-6.9880748],[107.6530474,-6.9882384],[107.6529193,-6.988877],[107.6528045,-6.9893982],[107.6523843,-6.990874],[107.6521858,-6.9916029],[107.6520594,-6.992187],[107.6520902,-6.9930516],[107.6524276,-6.993866],[107.6527759,-6.9943728],[107.652903,-6.9949099],[107.6527749,-6.9952526],[107.6522498,-6.995637],[107.6517607,-6.9958683],[107.6511399,-6.9959413],[107.6507243,-6.9960028],[107.650567,-6.9961315],[107.6504281,-6.9964352],[107.6500605,-6.9967903],[107.6496502,-6.9972073],[107.649578,-6.9975754],[107.649217,-6.9979663],[107.6486656,-6.9984485],[107.6483078,-6.9988948],[107.6480354,-6.9993672],[107.6474708,-7.0002663],[107.6473782,-7.0004354],[107.6471229,-7.0009016],[107.6463155,-7.0018789],[107.6459085,-7.0024914],[107.6453505,-7.0032113],[107.6435441,-7.0054712],[107.643211,-7.005888],[107.6427213,-7.0067031]]}},{"type":"Feature","properties":{"name":null},"geometry":{"type":"LineString","coordinates":[[107.6432551,-6.9593736],[107.6432548,-6.9594459],[107.6432598,-6.9595569],[107.6432973,-6.9596448],[107.6433675,-6.9597521],[107.6433996,-6.9598772],[107.6434046,-6.9599962],[107.6433805,-6.960132],[107.6433483,-6.9602971],[107.6433134,-6.9604488],[107.6432494,-6.9605695],[107.6431502,-6.9607265],[107.6430881,-6.9608642],[107.64311,-6.9611286],[107.6431341,-6.9613096],[107.6431395,-6.9615146],[107.6430215,-6.9616957],[107.6428172,-6.9618573],[107.6426915,-6.9620152],[107.6427152,-6.962319],[107.6427185,-6.9624495],[107.6425814,-6.9626468],[107.642318,-6.9628394],[107.6422548,-6.9629434],[107.642261,-6.9630841],[107.6423503,-6.9632783],[107.6424597,-6.9635031],[107.6425398,-6.9637386],[107.6425475,-6.963841],[107.6424243,-6.963997],[107.6424181,-6.9641209],[107.6424982,-6.9642264],[107.6427247,-6.964286],[107.6427971,-6.9643946],[107.6427817,-6.9645919],[107.6426769,-6.9650017],[107.6425814,-6.9653411],[107.6425028,-6.965572],[107.6424689,-6.9656516],[107.6423996,-6.966043],[107.6423164,-6.966433],[107.6422144,-6.9666923],[107.6421046,-6.9668019],[107.6420587,-6.9668109],[107.6419791,-6.9667766],[107.6418853,-6.9667151],[107.6417685,-6.9666379],[107.6415898,-6.9665957],[107.6414694,-6.9666115],[107.6413473,-6.9666747],[107.6412518,-6.9667081],[107.6411686,-6.9666958],[107.6411191,-6.9666115],[107.6410748,-6.9665395],[107.6410554,-6.9664921],[107.6410058,-6.9664587],[107.6409386,-6.966485],[107.6409102,-6.9665325],[107.6408642,-6.9666045],[107.640843,-6.9666765],[107.640774,-6.9667257],[107.6407174,-6.9667854],[107.6407156,-6.966882],[107.6407492,-6.9670559],[107.640768,-6.9671272],[107.6407311,-6.9672663],[107.6407095,-6.9673688],[107.640728,-6.9674575],[107.640671,-6.9675936],[107.6406356,-6.9676196],[107.6405863,-6.9676027],[107.6404122,-6.9675033],[107.6403398,-6.9674987],[107.6402458,-6.9674926],[107.6402027,-6.967514],[107.640195,-6.9675798],[107.6402427,-6.9677113],[107.6403475,-6.9678336],[107.6403644,-6.9679361],[107.6403136,-6.9680049],[107.640235,-6.9680125],[107.6400563,-6.9679896],[107.6399747,-6.9680309],[107.6394124,-6.968589],[107.6393169,-6.9687022],[107.6392891,-6.9687618],[107.6392398,-6.968849],[107.6391104,-6.9690157],[107.6390766,-6.9691518],[107.6390534,-6.9692557],[107.6390766,-6.9693353],[107.6392244,-6.969479],[107.6392702,-6.9695621],[107.6392492,-6.9696525],[107.6391161,-6.9698449],[107.6390484,-6.9700187],[107.6389666,-6.9701809],[107.6388452,-6.9703038],[107.6387728,-6.9704127],[107.6386981,-6.970422],[107.6385603,-6.970364],[107.638481,-6.9703432],[107.6383829,-6.9703664],[107.6383058,-6.9704869],[107.6382568,-6.9706028],[107.6379859,-6.9707534],[107.6378295,-6.9708508],[107.6377127,-6.9709551],[107.637666,-6.9711266],[107.6377244,-6.9712239],[107.6377501,-6.9713074],[107.6376917,-6.9714024],[107.6375656,-6.9716411],[107.6374816,-6.9718219],[107.6374816,-6.9720096],[107.6374909,-6.9724616],[107.6375166,-6.9725682],[107.637631,-6.9726192],[107.6378365,-6.9727165],[107.6381704,-6.9728394],[107.6384084,-6.9729336],[107.6384111,-6.9729975],[107.6383146,-6.9732757],[107.6380792,-6.9738495],[107.6379978,-6.9739927],[107.6379914,-6.9740288],[107.6379775,-6.9741077],[107.6379688,-6.9743337],[107.6379485,-6.9744195],[107.6379164,-6.9744487],[107.6378816,-6.9744537],[107.6377838,-6.9744336],[107.637669,-6.9744376],[107.6376466,-6.9744578],[107.6376476,-6.9745113],[107.6377371,-6.9746424],[107.6378001,-6.9747211],[107.6378113,-6.9747544],[107.6377849,-6.9749128],[107.637643,-6.9752458],[107.6375616,-6.975367],[107.637512,-6.9754513],[107.6374978,-6.9755655],[107.6375368,-6.975655],[107.6375863,-6.975843],[107.6376135,-6.9759987],[107.6376158,-6.9760416],[107.6375669,-6.9761059],[107.6374996,-6.9761363],[107.6374388,-6.9761797],[107.6374105,-6.9762477],[107.6374147,-6.9764104]]}},{"type":"Feature","properties":{"name":"Ci Tarik"},"geometry":{"type":"LineString","coordinates":[[107.8921777,-6.9593585],[107.8920568,-6.9595212],[107.8919267,-6.9598683],[107.8918942,-6.9600539],[107.8918494,-6.9601548],[107.8919104,-6.960522],[107.8918982,-6.9606754],[107.89179,-6.9607928],[107.8914786,-6.9612881],[107.8915989,-6.9614884],[107.8917369,-6.9616219],[107.8917016,-6.9617167],[107.8915246,-6.9617308],[107.8910964,-6.9617132],[107.8908168,-6.96191],[107.8906893,-6.9623104],[107.8907743,-6.9624756],[107.8910284,-6.9627946],[107.8910812,-6.9628712],[107.8910772,-6.9629661],[107.8909146,-6.9630669],[107.8905995,-6.9631477],[107.8904613,-6.9631234],[107.8902905,-6.962954],[107.8901685,-6.962964],[107.8900974,-6.9630629],[107.8900165,-6.9633211],[107.8899795,-6.9637615],[107.8898501,-6.9639267],[107.8896036,-6.963942],[107.8894804,-6.9638625],[107.8894249,-6.9637187],[107.8892062,-6.9635689],[107.8890706,-6.9635108],[107.8889689,-6.963523],[107.8888518,-6.9635903],[107.8887532,-6.9635536],[107.8886423,-6.9634068],[107.8884328,-6.9632844],[107.8881802,-6.9633456],[107.8879737,-6.9634955],[107.8878166,-6.9634068],[107.8875763,-6.9630918],[107.8873699,-6.9629694],[107.8871864,-6.9629599],[107.8869159,-6.9630344],[107.8865639,-6.9631307],[107.8862241,-6.9632958],[107.8859552,-6.9633064],[107.8857817,-6.9632186],[107.8857393,-6.9630148],[107.8856968,-6.9627583],[107.8855637,-6.9625883],[107.8853867,-6.9623846],[107.8850328,-6.9623143],[107.8848487,-6.9625602],[107.8847355,-6.9630029],[107.8844665,-6.963298],[107.8840276,-6.9633682],[107.8836596,-6.9631856],[107.8833764,-6.9629467],[107.8831924,-6.9626375],[107.8831596,-6.9624209],[107.883066,-6.9622262],[107.8827287,-6.9621561],[107.8824983,-6.9623182],[107.8823877,-6.9626509],[107.8823005,-6.963024],[107.8820315,-6.9630099],[107.8817979,-6.9628905],[107.8814936,-6.9624478],[107.8809936,-6.9614188],[107.8804519,-6.9611963],[107.8800923,-6.961048],[107.87956,-6.961048],[107.8792535,-6.9613865],[107.8792146,-6.9617554],[107.8790377,-6.9622332],[107.8790907,-6.9623597],[107.8793385,-6.9624405],[107.8794588,-6.9625072],[107.8795084,-6.9627075],[107.8794128,-6.9630799],[107.8791898,-6.9633047],[107.8789881,-6.9633223],[107.8786342,-6.963122],[107.8784395,-6.9627988],[107.8783015,-6.9627075],[107.8781281,-6.9628199],[107.8779582,-6.9630553],[107.87776,-6.9631361],[107.877622,-6.9630623],[107.8775123,-6.9628866],[107.8773388,-6.9628831],[107.8771902,-6.9631185],[107.876946,-6.9631888],[107.8765496,-6.9630236],[107.8763514,-6.9628129],[107.8762346,-6.9626056],[107.8762346,-6.9622929],[107.8760966,-6.9621559],[107.875863,-6.9620962],[107.8755551,-6.962307],[107.8753887,-6.9626196],[107.8751622,-6.962855],[107.8750065,-6.9628339],[107.8748012,-6.9625986],[107.8746667,-6.9624651],[107.874557,-6.9624124],[107.8742208,-6.9624967],[107.8740651,-6.9626021],[107.8741359,-6.962862],[107.8740722,-6.9632801],[107.8739341,-6.9635366],[107.8737182,-6.9636068],[107.8734882,-6.963533],[107.8733254,-6.9632625],[107.8730493,-6.9628901],[107.8728936,-6.9626548],[107.8726777,-6.9625705],[107.8724547,-6.9627321],[107.8721999,-6.9627848],[107.872069,-6.9628269],[107.8718354,-6.962704],[107.8713859,-6.9626723],[107.8709966,-6.9626267],[107.8706543,-6.9627517],[107.8704643,-6.9628995],[107.8703227,-6.963033],[107.8700997,-6.9631173],[107.8698095,-6.9630295],[107.8695051,-6.9627766],[107.8692255,-6.9626395],[107.8690946,-6.9626114],[107.8688185,-6.9626958],[107.8684257,-6.9628187],[107.868316,-6.9629346],[107.8682629,-6.9631208],[107.8682735,-6.9634195],[107.8683478,-6.96356],[107.8683903,-6.9638972],[107.8683337,-6.9641326],[107.8681567,-6.9644277],[107.867955,-6.964628],[107.8675217,-6.9647891],[107.8673755,-6.9648771],[107.8672732,-6.9650447],[107.8669352,-6.9654361],[107.8667823,-6.9656091],[107.8665195,-6.9656917],[107.8663076,-6.9657183],[107.8660206,-6.9655799],[107.8658731,-6.9653935],[107.8656049,-6.9652311],[107.8654144,-6.9651938],[107.8651838,-6.9653828],[107.8649209,-6.9654973],[107.8646017,-6.9656065],[107.864253,-6.9655825],[107.864127,-6.9654787],[107.8640682,-6.9651571],[107.8640396,-6.9649851],[107.8638851,-6.9649004],[107.863568,-6.9649447],[107.86332,-6.965086],[107.8630964,-6.9653523],[107.8629053,-6.9655662],[107.8625313,-6.9657559],[107.8621979,-6.9660384],[107.8621328,-6.9661312],[107.8621328,-6.9662078],[107.8624012,-6.9667203],[107.8624296,-6.9669625],[107.8623117,-6.9672409],[107.861893,-6.9675678],[107.8614661,-6.9676525],[107.8612059,-6.9674992],[107.8608766,-6.967245],[107.8605676,-6.9671925],[107.8603034,-6.967366],[107.8601123,-6.9673902],[107.8599782,-6.9673055],[107.8595797,-6.9671764],[107.859226,-6.9671199],[107.8589211,-6.9671481],[107.8586935,-6.9672813],[107.858478,-6.9673216],[107.858295,-6.9673176],[107.8581934,-6.9672369],[107.8580755,-6.9669463],[107.8579292,-6.9667446],[107.8577096,-6.9666275],[107.8575267,-6.9666517],[107.8573641,-6.9667567],[107.8572827,-6.9668535],[107.857123,-6.9671064],[107.8569998,-6.9673174],[107.8567502,-6.9674183],[107.8565191,-6.9674305],[107.8562172,-6.967351],[107.8558507,-6.9673958],[107.855623,-6.9674604],[107.8555255,-6.9676218],[107.855249,-6.9677832],[107.8548913,-6.9678236],[107.8546229,-6.9676218],[107.8543302,-6.967299],[107.8539969,-6.9670003],[107.8534846,-6.9669519],[107.8527177,-6.9668913],[107.8524723,-6.9666843],[107.8522754,-6.9664561],[107.8521356,-6.9661763],[107.8520969,-6.9660313],[107.8520157,-6.9660058],[107.8518716,-6.9661],[107.851736,-6.9662957],[107.8516649,-6.9665093],[107.8515308,-6.9665764],[107.85128,-6.9665648],[107.8510138,-6.9665783],[107.8507822,-6.9667547],[107.850586,-6.9670148],[107.8505646,-6.9673365],[107.8504162,-6.9675356],[107.8497052,-6.9678326],[107.8493583,-6.9679169],[107.8491389,-6.9678256],[107.8489478,-6.9678678],[107.8487354,-6.967938],[107.8486363,-6.9680715],[107.8486499,-6.9682608],[107.8486437,-6.9683892],[107.8485821,-6.968481],[107.8484589,-6.9685605],[107.8483218,-6.9685867],[107.84819,-6.96874],[107.8480126,-6.9689278],[107.8477352,-6.9691334],[107.8474646,-6.9691443],[107.8473215,-6.969143],[107.8471557,-6.9692334],[107.84663,-6.9693346],[107.8464155,-6.96926],[107.8462009,-6.9691429],[107.8460346,-6.9691961],[107.8459382,-6.9694328]]}},{"type":"Feature","properties":{"name":"Ci Tarik"},"geometry":{"type":"LineString","coordinates":[[107.8921777,-6.9593585],[107.8920568,-6.9595212],[107.8919267,-6.9598683],[107.8918942,-6.9600539],[107.8918494,-6.9601548],[107.8919104,-6.960522],[107.8918982,-6.9606754],[107.89179,-6.9607928],[107.8914786,-6.9612881],[107.8915989,-6.9614884],[107.8917369,-6.9616219],[107.8917016,-6.9617167],[107.8915246,-6.9617308],[107.8910964,-6.9617132],[107.8908168,-6.96191],[107.8906893,-6.9623104],[107.8907743,-6.9624756],[107.8910284,-6.9627946],[107.8910812,-6.9628712],[107.8910772,-6.9629661],[107.8909146,-6.9630669],[107.8905995,-6.9631477],[107.8904613,-6.9631234],[107.8902905,-6.962954],[107.8901685,-6.962964],[107.8900974,-6.9630629],[107.8900165,-6.9633211],[107.8899795,-6.9637615],[107.8898501,-6.9639267],[107.8896036,-6.963942],[107.8894804,-6.9638625],[107.8894249,-6.9637187],[107.8892062,-6.9635689],[107.8890706,-6.9635108],[107.8889689,-6.963523],[107.8888518,-6.9635903],[107.8887532,-6.9635536],[107.8886423,-6.9634068],[107.8884328,-6.9632844],[107.8881802,-6.9633456],[107.8879737,-6.9634955],[107.8878166,-6.9634068],[107.8875763,-6.9630918],[107.8873699,-6.9629694],[107.8871864,-6.9629599],[107.8869159,-6.9630344],[107.8865639,-6.9631307],[107.8862241,-6.9632958],[107.8859552,-6.9633064],[107.8857817,-6.9632186],[107.8857393,-6.9630148],[107.8856968,-6.9627583],[107.8855637,-6.9625883],[107.8853867,-6.9623846],[107.8850328,-6.9623143],[107.8848487,-6.9625602],[107.8847355,-6.9630029],[107.8844665,-6.963298],[107.8840276,-6.9633682],[107.8836596,-6.9631856],[107.8833764,-6.9629467],[107.8831924,-6.9626375],[107.8831596,-6.9624209],[107.883066,-6.9622262],[107.8827287,-6.9621561],[107.8824983,-6.9623182],[107.8823877,-6.9626509],[107.8823005,-6.963024],[107.8820315,-6.9630099],[107.8817979,-6.9628905],[107.8814936,-6.9624478],[107.8809936,-6.9614188],[107.8804519,-6.9611963],[107.8800923,-6.961048],[107.87956,-6.961048],[107.8792535,-6.9613865],[107.8792146,-6.9617554],[107.8790377,-6.9622332],[107.8790907,-6.9623597],[107.8793385,-6.9624405],[107.8794588,-6.9625072],[107.8795084,-6.9627075],[107.8794128,-6.9630799],[107.8791898,-6.9633047],[107.8789881,-6.9633223],[107.8786342,-6.963122],[107.8784395,-6.9627988],[107.8783015,-6.9627075],[107.8781281,-6.9628199],[107.8779582,-6.9630553],[107.87776,-6.9631361],[107.877622,-6.9630623],[107.8775123,-6.9628866],[107.8773388,-6.9628831],[107.8771902,-6.9631185],[107.876946,-6.9631888],[107.8765496,-6.9630236],[107.8763514,-6.9628129],[107.8762346,-6.9626056],[107.8762346,-6.9622929],[107.8760966,-6.9621559],[107.875863,-6.9620962],[107.8755551,-6.962307],[107.8753887,-6.9626196],[107.8751622,-6.962855],[107.8750065,-6.9628339],[107.8748012,-6.9625986],[107.8746667,-6.9624651],[107.874557,-6.9624124],[107.8742208,-6.9624967],[107.8740651,-6.9626021],[107.8741359,-6.962862],[107.8740722,-6.9632801],[107.8739341,-6.9635366],[107.8737182,-6.9636068],[107.8734882,-6.963533],[107.8733254,-6.9632625],[107.8730493,-6.9628901],[107.8728936,-6.9626548],[107.8726777,-6.9625705],[107.8724547,-6.9627321],[107.8721999,-6.9627848],[107.872069,-6.9628269],[107.8718354,-6.962704],[107.8713859,-6.9626723],[107.8709966,-6.9626267],[107.8706543,-6.9627517],[107.8704643,-6.9628995],[107.8703227,-6.963033],[107.8700997,-6.9631173],[107.8698095,-6.9630295],[107.8695051,-6.9627766],[107.8692255,-6.9626395],[107.8690946,-6.9626114],[107.8688185,-6.9626958],[107.8684257,-6.9628187],[107.868316,-6.9629346],[107.8682629,-6.9631208],[107.8682735,-6.9634195],[107.8683478,-6.96356],[107.8683903,-6.9638972],[107.8683337,-6.9641326],[107.8681567,-6.9644277],[107.867955,-6.964628],[107.8675217,-6.9647891],[107.8673755,-6.9648771],[107.8672732,-6.9650447],[107.8669352,-6.9654361],[107.8667823,-6.9656091],[107.8665195,-6.9656917],[107.8663076,-6.9657183],[107.8660206,-6.9655799],[107.8658731,-6.9653935],[107.8656049,-6.9652311],[107.8654144,-6.9651938],[107.8651838,-6.9653828],[107.8649209,-6.9654973],[107.8646017,-6.9656065],[107.864253,-6.9655825],[107.864127,-6.9654787],[107.8640682,-6.9651571],[107.8640396,-6.9649851],[107.8638851,-6.9649004],[107.863568,-6.9649447],[107.86332,-6.965086],[107.8630964,-6.9653523],[107.8629053,-6.9655662],[107.8625313,-6.9657559],[107.8621979,-6.9660384],[107.8621328,-6.9661312],[107.8621328,-6.9662078],[107.8624012,-6.9667203],[107.8624296,-6.9669625],[107.8623117,-6.9672409],[107.861893,-6.9675678],[107.8614661,-6.9676525],[107.8612059,-6.9674992],[107.8608766,-6.967245],[107.8605676,-6.9671925],[107.8603034,-6.967366],[107.8601123,-6.9673902],[107.8599782,-6.9673055],[107.8595797,-6.9671764],[107.859226,-6.9671199],[107.8589211,-6.9671481],[107.8586935,-6.9672813],[107.858478,-6.9673216],[107.858295,-6.9673176],[107.8581934,-6.9672369],[107.8580755,-6.9669463],[107.8579292,-6.9667446],[107.8577096,-6.9666275],[107.8575267,-6.9666517],[107.8573641,-6.9667567],[107.8572827,-6.9668535],[107.857123,-6.9671064],[107.8569998,-6.9673174],[107.8567502,-6.9674183],[107.8565191,-6.9674305],[107.8562172,-6.967351],[107.8558507,-6.9673958],[107.855623,-6.9674604],[107.8555255,-6.9676218],[107.855249,-6.9677832],[107.8548913,-6.9678236],[107.8546229,-6.9676218],[107.8543302,-6.967299],[107.8539969,-6.9670003],[107.8534846,-6.9669519],[107.8527177,-6.9668913],[107.8524723,-6.9666843],[107.8522754,-6.9664561],[107.8521356,-6.9661763],[107.8520969,-6.9660313],[107.8520157,-6.9660058],[107.8518716,-6.9661],[107.851736,-6.9662957],[107.8516649,-6.9665093],[107.8515308,-6.9665764],[107.85128,-6.9665648],[107.8510138,-6.9665783],[107.8507822,-6.9667547],[107.850586,-6.9670148],[107.8505646,-6.9673365],[107.8504162,-6.9675356],[107.8497052,-6.9678326],[107.8493583,-6.9679169],[107.8491389,-6.9678256],[107.8489478,-6.9678678],[107.8487354,-6.967938],[107.8486363,-6.9680715],[107.8486499,-6.9682608],[107.8486437,-6.9683892],[107.8485821,-6.968481],[107.8484589,-6.9685605],[107.8483218,-6.9685867],[107.84819,-6.96874],[107.8480126,-6.9689278],[107.8477352,-6.9691334],[107.8474646,-6.9691443],[107.8473215,-6.969143],[107.8471557,-6.9692334],[107.84663,-6.9693346],[107.8464155,-6.96926],[107.8462009,-6.9691429],[107.8460346,-6.9691961],[107.8459382,-6.9694328]]}},{"type":"Feature","properties":{"name":"Ci Lameta"},"geometry":{"type":"LineString","coordinates":[[107.7053732,-6.9510516],[107.7054394,-6.9511753],[107.7055324,-6.9513824],[107.7056653,-6.9516849],[107.705717,-6.9518057],[107.7057632,-6.9520593],[107.7057658,-6.9523255],[107.7057549,-6.9528647],[107.7057252,-6.9536161],[107.705691,-6.9543409],[107.7056583,-6.9550266],[107.7056154,-6.9555611],[107.7055684,-6.9560918],[107.7055399,-6.9564277],[107.7054933,-6.9569556],[107.7054235,-6.957731],[107.7053625,-6.9585392],[107.7052717,-6.9593851],[107.7051743,-6.9603396],[107.7050008,-6.961597],[107.7049892,-6.9616718],[107.7047576,-6.9633907],[107.7047492,-6.9634573],[107.7046909,-6.9638757],[107.704661,-6.9641796],[107.7046607,-6.9650473]]}},{"type":"Feature","properties":{"name":null},"geometry":{"type":"LineString","coordinates":[[107.6944064,-7.0836343],[107.6943955,-7.0835745]]}},{"type":"Feature","properties":{"name":"Ci Tarik"},"geometry":{"type":"LineString","coordinates":[[107.8300897,-6.9672917],[107.8303155,-6.967493],[107.830623,-6.9677106],[107.8308553,-6.9678275],[107.8310647,-6.9679834],[107.8312642,-6.9681782],[107.8313885,-6.9683763],[107.83149,-6.9686101],[107.8315881,-6.968805],[107.8316732,-6.9689966],[107.8317255,-6.9692012],[107.8317353,-6.969422],[107.8316993,-6.9695616],[107.8314671,-6.9696428],[107.8312511,-6.9696623],[107.8310156,-6.9696266],[107.8309142,-6.9696883],[107.8307419,-6.9698335],[107.8305936,-6.9699903],[107.8303837,-6.9702266],[107.8302647,-6.9702533],[107.8301636,-6.9702632],[107.8300714,-6.9702823],[107.8298493,-6.9703237],[107.8297895,-6.9703422],[107.8297444,-6.9703634],[107.8296719,-6.9704136],[107.8295795,-6.9704813],[107.8294827,-6.9705184],[107.8294014,-6.9705468],[107.8293068,-6.9705992],[107.8292101,-6.9706515],[107.8291573,-6.9706974],[107.8290869,-6.9707607],[107.8290495,-6.9708393],[107.8290341,-6.9709047],[107.828999,-6.9710292],[107.8289836,-6.9711121],[107.8289484,-6.9711972],[107.8288868,-6.9712911],[107.8288406,-6.9713435],[107.8287703,-6.9714221],[107.8287065,-6.9715246],[107.8286515,-6.9715858],[107.8285877,-6.971601],[107.8285306,-6.9715814],[107.828502,-6.9715203],[107.828436,-6.9714679],[107.8283019,-6.9714264],[107.8281699,-6.9713893],[107.8280248,-6.9713086],[107.8279148,-6.9712562],[107.8278467,-6.9711732],[107.8277873,-6.9710466],[107.8277367,-6.9709026],[107.8276532,-6.970765],[107.8275498,-6.9706996],[107.8274399,-6.9706734],[107.8272859,-6.9706799],[107.8271452,-6.9707563],[107.827033,-6.9707847],[107.8268518,-6.9706692],[107.8266487,-6.9705987]]}},{"type":"Feature","properties":{"name":"Ci Tarik"},"geometry":{"type":"LineString","coordinates":[[107.8266487,-6.9705987],[107.8264214,-6.9705198],[107.8263078,-6.9704857],[107.826189,-6.9704517],[107.8260886,-6.9704805],[107.8259962,-6.9704857],[107.8258695,-6.97047],[107.8257427,-6.9703704],[107.825608,-6.9702184],[107.8254998,-6.970166],[107.8254258,-6.9701004],[107.8253519,-6.9700768],[107.8252251,-6.9700716],[107.8251618,-6.9701266],[107.8251433,-6.9702289],[107.8251802,-6.9703023],[107.825175,-6.9703704],[107.825072,-6.9704176],[107.8249558,-6.9704464],[107.8248739,-6.970415],[107.8248502,-6.9703049],[107.8248317,-6.9701896],[107.8247789,-6.9701162],[107.8247128,-6.9700506],[107.8246785,-6.9700244],[107.8245518,-6.9700087],[107.8244488,-6.9700244],[107.8243564,-6.9700559],[107.8242243,-6.9701529],[107.8242006,-6.9702498],[107.8241847,-6.970339],[107.8241134,-6.9704281],[107.8240817,-6.9704884],[107.8239682,-6.9705224],[107.823881,-6.9704989],[107.8238309,-6.9703966],[107.8237886,-6.9702446],[107.8237569,-6.9701476],[107.8237199,-6.9700349],[107.8236196,-6.9699563],[107.823543,-6.9699091],[107.8234057,-6.9698672],[107.8232816,-6.9698672],[107.8231812,-6.9698776],[107.8230703,-6.9698776],[107.8229621,-6.9698829],[107.8228221,-6.9698488],[107.8226822,-6.9698069],[107.8225633,-6.969799],[107.8224075,-6.9697754],[107.8223151,-6.9697125],[107.82222,-6.969571],[107.8221382,-6.9694347],[107.8220933,-6.9693717],[107.8220484,-6.9693482],[107.8219718,-6.9693403],[107.8219296,-6.9693717],[107.8217183,-6.9694189],[107.8215915,-6.9694242],[107.8215282,-6.9694137],[107.8214912,-6.9693875],[107.8214023,-6.9693671],[107.8213152,-6.9694026],[107.8212192,-6.9694402],[107.8211834,-6.9694912],[107.8211097,-6.9695733],[107.821045,-6.9696553],[107.8209779,-6.969724],[107.8209087,-6.9697529]]}},{"type":"Feature","properties":{"name":"Ci Tarik"},"geometry":{"type":"LineString","coordinates":[[107.8209087,-6.9697529],[107.8208696,-6.969931],[107.8207463,-6.9700481],[107.8205263,-6.9700854],[107.8203868,-6.9700535],[107.8202796,-6.9699257],[107.820124,-6.9698245],[107.8200274,-6.9698884],[107.8199094,-6.9699949],[107.819727,-6.9701333],[107.8195393,-6.970144],[107.8193515,-6.970144],[107.8192228,-6.9701546],[107.819094,-6.9702185],[107.8189545,-6.9702345],[107.8188526,-6.9702238],[107.8187614,-6.9702771],[107.8185898,-6.970357],[107.818638,-6.9704848],[107.8186702,-6.9705859],[107.818579,-6.9706072],[107.8183966,-6.9705806],[107.8182572,-6.9704368],[107.8181874,-6.9703889],[107.8180104,-6.9702931],[107.8178602,-6.9702025],[107.817651,-6.9701014],[107.8174096,-6.9701227],[107.8172808,-6.9702558],[107.8172433,-6.9703729],[107.8171736,-6.9704848],[107.817136,-6.9705966],[107.8170716,-6.9707137],[107.8169912,-6.9707829],[107.8168517,-6.9708149],[107.8166854,-6.970751],[107.8164708,-6.9706232],[107.8163474,-6.970522],[107.8161382,-6.9704102],[107.8160202,-6.9703942],[107.8159076,-6.9704422],[107.8158539,-6.9704794],[107.8157627,-6.97057],[107.8157091,-6.9707137],[107.8156286,-6.9709267],[107.8155052,-6.9710013],[107.8152799,-6.9709906],[107.8151454,-6.9709792],[107.8149952,-6.9709126],[107.8148423,-6.9708035],[107.8147377,-6.9708141],[107.8146921,-6.9709153],[107.8147082,-6.9710111],[107.8147297,-6.9711176],[107.8147592,-6.9712641],[107.8147726,-6.9713945],[107.8148021,-6.9715489],[107.8148343,-6.9716687],[107.8148209,-6.9718019],[107.8147967,-6.9718498],[107.8147056,-6.9718764],[107.814558,-6.9719456],[107.8144963,-6.9720575],[107.814464,-6.9721113],[107.814405,-6.9721752],[107.8143553,-6.9722537],[107.8142936,-6.972299],[107.8142306,-6.972299],[107.814181,-6.9722431],[107.8141488,-6.9721792],[107.8141166,-6.9721206],[107.8140844,-6.9720567],[107.8140268,-6.9719822],[107.8139771,-6.9719462],[107.8139168,-6.9719502],[107.8138792,-6.9719755],[107.8138202,-6.9720034],[107.8137778,-6.9720124],[107.8136798,-6.9720378],[107.8135771,-6.9720109],[107.8134838,-6.9720163],[107.8134054,-6.9720364],[107.813296,-6.972082],[107.8131919,-6.9721478],[107.8130946,-6.9721827],[107.8130229,-6.9722149],[107.8129405,-6.9722578],[107.8127959,-6.9723302],[107.8127067,-6.9723946],[107.8125985,-6.972459],[107.8125161,-6.972514],[107.8124917,-6.9726147],[107.8125363,-6.9727059],[107.8126093,-6.9727877],[107.8126716,-6.9728832],[107.8126893,-6.9729952],[107.8127796,-6.9732117],[107.8128432,-6.9732613],[107.8129743,-6.9732949],[107.8130594,-6.9733365],[107.8130783,-6.9733687],[107.8131351,-6.973425],[107.8132,-6.973527],[107.8132257,-6.9737631],[107.8132338,-6.9738275],[107.813277,-6.9739804]]}},{"type":"Feature","properties":{"name":"Ci Tarik"},"geometry":{"type":"LineString","coordinates":[[107.813277,-6.9739804],[107.8132486,-6.9740582],[107.8132378,-6.9741173],[107.8131784,-6.9741682],[107.8130797,-6.9741897],[107.8129959,-6.9741656],[107.8128986,-6.9741092],[107.8128242,-6.9740247],[107.8127688,-6.9739697],[107.8127026,-6.9739509],[107.8126296,-6.9739509],[107.8125093,-6.9740502],[107.812435,-6.9740945],[107.8123133,-6.9741146],[107.8121214,-6.9741629],[107.8120079,-6.9742004],[107.8118808,-6.9742514],[107.8118159,-6.9743333],[107.8118268,-6.9744138],[107.8118578,-6.9745627],[107.8118265,-6.9747809],[107.8118136,-6.974913],[107.8117584,-6.9750419],[107.8116876,-6.9751675],[107.8115721,-6.975161],[107.8114447,-6.9750783],[107.8113071,-6.9750645],[107.8111481,-6.9751708],[107.8111935,-6.9753996],[107.8112181,-6.9756073],[107.8111643,-6.9756831],[107.8110128,-6.9756844],[107.8107909,-6.9755583],[107.810739,-6.9756491],[107.8107677,-6.9758048],[107.8108219,-6.9759748],[107.8107868,-6.9760599],[107.8107258,-6.9761737],[107.8106423,-6.9762487],[107.810564,-6.9763677],[107.810458,-6.9765049],[107.8103612,-6.9766559],[107.8100662,-6.9767474],[107.8099049,-6.9769166],[107.8098598,-6.9770487],[107.8097846,-6.9771788],[107.8095915,-6.9773192],[107.8094579,-6.9774152],[107.8093035,-6.9773374],[107.8091519,-6.9772147],[107.8090202,-6.9771015],[107.8089111,-6.9770214],[107.8088408,-6.977008],[107.808808,-6.9770356],[107.8087942,-6.9771957],[107.8086652,-6.9773329],[107.8083702,-6.9775662],[107.8081398,-6.9777492],[107.8079877,-6.9778407],[107.8078448,-6.9779596],[107.8076651,-6.9780145],[107.8075499,-6.9780237],[107.8073886,-6.9780786],[107.807322,-6.9781778],[107.8073098,-6.9783166],[107.8072267,-6.9784969],[107.8070936,-6.978536],[107.807008,-6.9785547],[107.8069134,-6.978519],[107.8068408,-6.9783981],[107.8067766,-6.978269],[107.8066564,-6.9782381],[107.8065598,-6.9782645],[107.8063945,-6.9783736],[107.8063277,-6.9785],[107.8063295,-6.9787072],[107.8064504,-6.9789323],[107.8064375,-6.9790651],[107.8064102,-6.9791466],[107.8062406,-6.9791955],[107.8060868,-6.9792486],[107.8060491,-6.9793731],[107.8061548,-6.979478],[107.8062377,-6.9796865],[107.8063466,-6.9797903],[107.8065991,-6.9798618],[107.8068674,-6.9801157],[107.8069334,-6.9802335],[107.8069145,-6.9803415],[107.8066488,-6.9804739],[107.8065408,-6.980528],[107.8064259,-6.9804886],[107.8062709,-6.9803385],[107.8062101,-6.9803009],[107.8061216,-6.9802801],[107.8058786,-6.9803259],[107.805792,-6.9803285],[107.805746,-6.9802758],[107.8057555,-6.9801573],[107.805803,-6.9799393],[107.8057789,-6.9798507],[107.8057144,-6.9797955],[107.8056263,-6.9798271],[107.805551,-6.9799543],[107.8055127,-6.9801305],[107.8054383,-6.9803275],[107.8053131,-6.9803656],[107.8051016,-6.9803122],[107.8049522,-6.9802727],[107.8048055,-6.9803462],[107.8048565,-6.9805664],[107.8049486,-6.9808981],[107.8049858,-6.9811794],[107.8048691,-6.9812525],[107.8046691,-6.9811464],[107.8044796,-6.9811125],[107.804225,-6.9812531],[107.8040647,-6.9812462],[107.8037841,-6.9811765],[107.8035813,-6.981192],[107.8034574,-6.981245],[107.8033616,-6.9813902],[107.8032252,-6.9817337],[107.8031282,-6.9819951],[107.8031147,-6.9820215],[107.8030539,-6.9821248],[107.8029755,-6.9822509],[107.8029065,-6.9823815],[107.8029019,-6.9825716],[107.802915,-6.9828195],[107.8028317,-6.9828675],[107.8027578,-6.982838],[107.8026508,-6.982749],[107.8025667,-6.9825446],[107.8025171,-6.9823783],[107.8024596,-6.9823384],[107.8023883,-6.9823634],[107.8022365,-6.9824716],[107.8020967,-6.9825195],[107.80194,-6.9825881],[107.8017971,-6.9826544],[107.8015897,-6.9827894],[107.8014906,-6.9829289],[107.8014768,-6.9831279],[107.8014837,-6.9832583],[107.8015667,-6.9835282],[107.8016394,-6.983667],[107.8017763,-6.9837729],[107.8019261,-6.983869],[107.802069,-6.9839948],[107.8022004,-6.9841526],[107.8022487,-6.9842921],[107.8021116,-6.9844586],[107.8019453,-6.9845805],[107.8017187,-6.9846224],[107.8015214,-6.9846599],[107.8014006,-6.98474],[107.8013201,-6.9848132],[107.8011936,-6.984775],[107.801046,-6.9846652],[107.8009524,-6.9846913],[107.8008895,-6.9848521],[107.8009822,-6.9850475],[107.8010984,-6.9853517],[107.801202,-6.9856368],[107.8012586,-6.9857499],[107.801495,-6.9859185],[107.8018246,-6.986158],[107.8018792,-6.9861977],[107.8021114,-6.9863472],[107.8022523,-6.9864111],[107.8023563,-6.986456],[107.8025221,-6.9865423],[107.8025612,-6.9865668],[107.8025839,-6.9865975],[107.8025803,-6.9866421],[107.8025362,-6.9867417],[107.8024885,-6.9868413],[107.8024327,-6.986908],[107.8024093,-6.9869557],[107.8023477,-6.9870612],[107.8022208,-6.9871008],[107.8021288,-6.9872295],[107.802154,-6.9873171],[107.8023056,-6.9874011],[107.8027305,-6.9874299],[107.8029896,-6.9873615],[107.8031962,-6.9872403],[107.8032586,-6.987232],[107.8033368,-6.9873088],[107.8033612,-6.9874039],[107.8033006,-6.9874702],[107.8031154,-6.9875602],[107.802971,-6.9876512],[107.8028909,-6.9877837],[107.8028241,-6.9878902],[107.8027692,-6.9880777],[107.8027143,-6.9882441]]}},{"type":"Feature","properties":{"name":"Ci Tarik"},"geometry":{"type":"LineString","coordinates":[[107.8018936,-6.9915004],[107.801681,-6.9915551],[107.8014504,-6.9916509],[107.8012633,-6.9918059],[107.8012096,-6.9920294],[107.8010057,-6.9924926],[107.8008019,-6.9927162],[107.8005975,-6.9928645],[107.8003829,-6.9929657],[107.7998846,-6.9931316],[107.7995734,-6.9932321],[107.7981728,-6.9936845],[107.7970301,-6.9940625],[107.7962416,-6.9943181],[107.7956032,-6.9945204],[107.7952813,-6.9946163],[107.7949815,-6.9947396],[107.7947454,-6.994878],[107.7945684,-6.9950324],[107.7940856,-6.99565],[107.7936618,-6.9961772],[107.7931522,-6.9966936],[107.7925079,-6.9973158],[107.7922993,-6.9975456],[107.7921866,-6.9978277],[107.7920656,-6.9982637],[107.7919345,-6.998472],[107.7917086,-6.9986576],[107.7913921,-6.9987481],[107.7911298,-6.9987595],[107.7908503,-6.9987641],[107.7904373,-6.9988865],[107.7900248,-6.9991216],[107.7897399,-6.9992007],[107.7895259,-6.9992494],[107.7887105,-6.9992866],[107.7877926,-6.9993178],[107.7870416,-6.9993604],[107.7865052,-6.9993657],[107.7860706,-6.9993923],[107.7857273,-6.9994616],[107.7854645,-6.9995734],[107.7852558,-6.9997073],[107.7850514,-6.9998662],[107.7845691,-7.0002983],[107.78414,-7.0006763],[107.7835392,-7.0012141],[107.7831739,-7.0015381],[107.7826058,-7.002034],[107.782123,-7.0024547],[107.7814036,-7.0030822],[107.7812056,-7.0032587],[107.7809315,-7.0033803],[107.7807014,-7.003445],[107.7804117,-7.0035036],[107.780181,-7.0035196],[107.7800094,-7.0034983],[107.7793281,-7.0034077],[107.7783357,-7.00328],[107.7777612,-7.0032099],[107.7774345,-7.0032161],[107.7771872,-7.0032685],[107.776957,-7.0033492],[107.7767639,-7.0034876],[107.7758836,-7.0040831],[107.7755135,-7.004344],[107.7753209,-7.004462],[107.7751009,-7.0045312],[107.7746289,-7.0046483],[107.7743655,-7.0047061],[107.7741563,-7.0047593],[107.7735125,-7.0049617],[107.7723758,-7.0053618],[107.7719735,-7.0055109],[107.7716082,-7.0056219],[107.770782,-7.0059254],[107.7702081,-7.0061171],[107.7696668,-7.006448],[107.7688669,-7.0069796],[107.768293,-7.0073363],[107.7679877,-7.0075022],[107.7676927,-7.0075554],[107.7673542,-7.0075759],[107.7670055,-7.0075493],[107.7667587,-7.0074748],[107.7663033,-7.0072147],[107.7658736,-7.0067986],[107.7656751,-7.0065909],[107.7654498,-7.0063833],[107.765268,-7.0062563],[107.7650319,-7.0061498],[107.7645706,-7.0059847],[107.7638673,-7.005739],[107.7629822,-7.0054462],[107.7627252,-7.0053192],[107.7625369,-7.005148],[107.762376,-7.0049191],[107.7621834,-7.0045152],[107.7619796,-7.0041425],[107.7618181,-7.0039767],[107.7616148,-7.0038976],[107.761368,-7.003855],[107.7611535,-7.0038603],[107.7609121,-7.0039295],[107.7606916,-7.0040991],[107.760161,-7.0044779],[107.7599298,-7.0046635],[107.7596568,-7.0047921],[107.7591252,-7.0048499],[107.7582883,-7.004967],[107.7572857,-7.0050849],[107.7560948,-7.0052287],[107.7552901,-7.0053458],[107.7548873,-7.0053503],[107.7546298,-7.0053184],[107.7543567,-7.0052287],[107.7540778,-7.0050796],[107.7537023,-7.0048027],[107.7526664,-7.0039713],[107.7515828,-7.0031514],[107.7509128,-7.0026464],[107.7506553,-7.0024547],[107.75043,-7.0022577],[107.7502631,-7.0020386],[107.7501403,-7.0018317],[107.7500813,-7.0015868],[107.7500223,-7.0011289],[107.7497755,-6.9995103],[107.7495282,-6.9977684],[107.7494692,-6.9973797],[107.7493673,-6.9971348],[107.7492385,-6.9969537],[107.7490132,-6.9967514],[107.748708,-6.9965818],[107.7484661,-6.9965065]]}},{"type":"Feature","properties":{"name":"Ci Kijing"},"geometry":{"type":"LineString","coordinates":[[107.7847438,-6.9677006],[107.7847931,-6.9680893]]}},{"type":"Feature","properties":{"name":null},"geometry":{"type":"LineString","coordinates":[[107.7635566,-6.9801064],[107.7636587,-6.9801444]]}},{"type":"Feature","properties":{"name":null},"geometry":{"type":"LineString","coordinates":[[107.7636587,-6.9801444],[107.7637208,-6.9801674]]}},{"type":"Feature","properties":{"name":null},"geometry":{"type":"LineString","coordinates":[[107.7556239,-6.9899334],[107.7556507,-6.9899946],[107.7558065,-6.9901979],[107.755781,-6.9905706],[107.7555102,-6.991135],[107.7552286,-6.9914119],[107.7551722,-6.9918857],[107.7551412,-6.9919573],[107.7550308,-6.9920217],[107.7548262,-6.99216],[107.7546581,-6.992338],[107.7544754,-6.9924359],[107.7542603,-6.9925209],[107.7540614,-6.9925707],[107.7538609,-6.9926589],[107.7537291,-6.9927408],[107.7535998,-6.99287],[107.7535076,-6.9929992],[107.7534553,-6.9930802],[107.7534553,-6.9931897],[107.7534903,-6.9933007],[107.7536628,-6.9936887],[107.7537493,-6.9938645],[107.7538209,-6.9939728],[107.7539549,-6.9940837],[107.7541389,-6.9942401],[107.7542137,-6.9942828],[107.7542741,-6.9943871],[107.7543061,-6.9944979],[107.7543414,-6.9947374],[107.7543238,-6.9948748],[107.7537399,-6.9947821],[107.753176,-6.994703],[107.7528173,-6.9946277],[107.7523368,-6.9945221],[107.7518805,-6.9944579],[107.7514661,-6.9944156],[107.7510339,-6.9944514],[107.7506612,-6.9946806],[107.7501614,-6.9949745],[107.7499533,-6.9953209],[107.7497381,-6.9956873],[107.7494438,-6.9959277],[107.7490574,-6.9961325],[107.7486524,-6.9962646],[107.7484661,-6.9965065]]}},{"type":"Feature","properties":{"name":null},"geometry":{"type":"LineString","coordinates":[[107.632384,-6.9934187],[107.6332492,-6.9934484],[107.6338633,-6.993409],[107.6342486,-6.9932723],[107.6343887,-6.9930405],[107.6344237,-6.9927439],[107.6343327,-6.9923731],[107.6341225,-6.9919211],[107.6338242,-6.9915346]]}},{"type":"Feature","properties":{"name":null},"geometry":{"type":"LineString","coordinates":[[107.6400811,-6.9837631],[107.6398954,-6.983967],[107.6397372,-6.9841068],[107.6396124,-6.9842945],[107.6395575,-6.9844848],[107.6395145,-6.9846392],[107.6393308,-6.9849254],[107.639139,-6.9852822],[107.6391109,-6.9854166],[107.638962,-6.9856775],[107.6388628,-6.985784],[107.6386844,-6.9858386],[107.6382619,-6.9859398],[107.6381627,-6.985985],[107.638097,-6.986017],[107.6380836,-6.9860676],[107.6381439,-6.9862952],[107.6381721,-6.986403],[107.6381225,-6.9864789],[107.6380729,-6.9865521],[107.6380661,-6.9866732],[107.638046,-6.9867717],[107.6380138,-6.986845],[107.6379629,-6.9869408],[107.6379522,-6.98705],[107.6379629,-6.9872643],[107.6379562,-6.9873175],[107.6378945,-6.9873894],[107.6379025,-6.9874613],[107.6379374,-6.9876423],[107.6380085,-6.9879139],[107.6380206,-6.9879831],[107.6379951,-6.9880643],[107.6379307,-6.9881468],[107.6379133,-6.988212],[107.6379361,-6.9883092],[107.6379615,-6.9884237],[107.6379025,-6.9884969],[107.6378234,-6.9885714],[107.6377617,-6.9886606],[107.6377188,-6.9887458],[107.6377376,-6.9888483],[107.6378046,-6.9889535],[107.6378046,-6.9890387],[107.6377845,-6.9891518],[107.6375659,-6.9892477],[107.637515,-6.9893169],[107.6374399,-6.9894713],[107.63735,-6.9896217],[107.637346,-6.9896683],[107.6373916,-6.9897069],[107.6376558,-6.9897828],[107.637688,-6.9897974],[107.6376853,-6.9898347],[107.6376357,-6.9900676],[107.6376035,-6.9901102],[107.6375404,-6.9901262],[107.6373849,-6.9901355],[107.6373044,-6.9901382],[107.6372749,-6.9901182],[107.6372306,-6.9900663],[107.6371676,-6.9900463],[107.6369691,-6.9900637],[107.636839,-6.9901262],[107.63678,-6.9901741],[107.6367264,-6.9901675],[107.6365963,-6.9900956],[107.6361551,-6.9898493],[107.6361081,-6.9898453],[107.6360491,-6.9899026],[107.6359982,-6.9899891],[107.6359097,-6.9899758],[107.635805,-6.9899651],[107.6357527,-6.9899199],[107.6356562,-6.9898187],[107.6355355,-6.9897069],[107.6354403,-6.9896417],[107.6353357,-6.989639],[107.6352458,-6.9896683],[107.63516,-6.9897708],[107.6350983,-6.989872],[107.6350674,-6.9899665],[107.6350782,-6.9900716],[107.6351117,-6.9903126],[107.6351063,-6.9903738],[107.6350567,-6.9904217],[107.6346691,-6.9905269],[107.6346249,-6.9905628],[107.6345846,-6.990644],[107.6344733,-6.9908264],[107.6344237,-6.990857],[107.6341649,-6.9909355],[107.6341045,-6.9909861],[107.6340777,-6.9910926],[107.6340455,-6.9912803],[107.6339946,-6.9914241],[107.6338242,-6.9915346]]}},{"type":"Feature","properties":{"name":null},"geometry":{"type":"LineString","coordinates":[[107.6374147,-6.9764104],[107.6375492,-6.9767915]]}},{"type":"Feature","properties":{"name":"Ci Kapundung"},"geometry":{"type":"LineString","coordinates":[[107.629747,-6.9835814],[107.6297991,-6.9836169],[107.6298492,-6.9836468],[107.6299025,-6.9836767],[107.6299671,-6.9837815],[107.63002,-6.9838965],[107.6300216,-6.9840752],[107.630059,-6.9842548],[107.6301411,-6.9843579],[107.6302784,-6.9844345],[107.6306561,-6.9845368],[107.630802,-6.9847327],[107.6315744,-6.9873226],[107.6315144,-6.9876548],[107.631171,-6.9881575],[107.6310595,-6.9885579],[107.6310595,-6.9892229],[107.6310595,-6.9897526],[107.6310541,-6.9899984]]}},{"type":"Feature","properties":{"name":null},"geometry":{"type":"LineString","coordinates":[[107.6401064,-6.9837347],[107.6400811,-6.9837631]]}},{"type":"Feature","properties":{"name":null},"geometry":{"type":"LineString","coordinates":[[107.6375492,-6.9767915],[107.6375145,-6.9769841],[107.6374344,-6.977085],[107.6373142,-6.9771523],[107.6371817,-6.9771798],[107.6371347,-6.9772207],[107.6371019,-6.9772912],[107.6371201,-6.9773511],[107.6371879,-6.9774428],[107.6372279,-6.9775254],[107.6372049,-6.9775927],[107.6371554,-6.9776653],[107.6371594,-6.9777465],[107.6371943,-6.9778343],[107.6371956,-6.9778929],[107.6371675,-6.9779794],[107.6371286,-6.9781525],[107.6370342,-6.9785456],[107.6370604,-6.9786175],[107.6371837,-6.9787673],[107.6372006,-6.9788178],[107.6371898,-6.9789019],[107.6370604,-6.9792567],[107.6369927,-6.9794295],[107.6369957,-6.9794784],[107.6370389,-6.9795365],[107.6370912,-6.9795885],[107.6371405,-6.9796022],[107.6372761,-6.979616],[107.6373454,-6.9796175],[107.6373886,-6.9796466],[107.6374071,-6.979694],[107.6374055,-6.9797873],[107.6373593,-6.9800166],[107.6373639,-6.9801451],[107.6374178,-6.9802796],[107.6375288,-6.9804264],[107.6375611,-6.9805381],[107.6375827,-6.980717],[107.6375257,-6.9809203],[107.6375209,-6.9810802],[107.6376297,-6.9813031],[107.6376673,-6.9814548],[107.6379784,-6.982131],[107.6383861,-6.9824026],[107.6389762,-6.9827593],[107.639164,-6.9828073],[107.6393169,-6.9830096],[107.6393785,-6.9831853],[107.6401322,-6.9836632],[107.640128,-6.9836869],[107.6401064,-6.9837347]]}},{"type":"Feature","properties":{"name":null},"geometry":{"type":"LineString","coordinates":[[107.6997429,-7.0656665],[107.699934,-7.0655748],[107.7003006,-7.065746],[107.7009938,-7.066061],[107.7013851,-7.0660273],[107.7015238,-7.0660518],[107.7017364,-7.0661588],[107.7019983,-7.0661986],[107.7021677,-7.0662964],[107.7023896,-7.0663576],[107.7027069,-7.0661955],[107.7030027,-7.0662781],[107.7031752,-7.0668193],[107.7032738,-7.0671648],[107.7034464,-7.0673544],[107.7036251,-7.0673819],[107.703813,-7.0673054],[107.7040441,-7.067174],[107.7043245,-7.0668468],[107.7045863,-7.0663086],[107.7047157,-7.0659142],[107.7046418,-7.0657032],[107.7044354,-7.0654892],[107.7043553,-7.0652507],[107.7044107,-7.0648715],[107.7044046,-7.0644985],[107.7045062,-7.0643303],[107.7046449,-7.0642998],[107.7047835,-7.0643579],[107.7049776,-7.0644618],[107.7051748,-7.0644955],[107.7053597,-7.0643395],[107.7054306,-7.0642233],[107.7054552,-7.0640551],[107.7054706,-7.0637494],[107.7058218,-7.0629605],[107.7061484,-7.0621441],[107.7063795,-7.0616518],[107.7064134,-7.0610892],[107.7061484,-7.0606275],[107.7061546,-7.060282],[107.7064134,-7.0600098],[107.7066568,-7.0598478],[107.7070512,-7.0594411],[107.7072484,-7.0590834],[107.7072391,-7.0588571],[107.7068848,-7.058744],[107.7067369,-7.0585146],[107.7068386,-7.0581691],[107.7072607,-7.0578725],[107.7077444,-7.0577257],[107.7080125,-7.0574597],[107.7081727,-7.0570775],[107.7082528,-7.0565608],[107.7080803,-7.0564079],[107.7079293,-7.0562214],[107.7079724,-7.0558881],[107.7079447,-7.0554202],[107.7078769,-7.0552551],[107.7076643,-7.0551022],[107.7072083,-7.055038],[107.7067831,-7.0549769],[107.7066815,-7.0548301],[107.7066322,-7.0546864],[107.7064473,-7.0544509],[107.7061638,-7.0541146],[107.7060899,-7.05387],[107.7061207,-7.0535856],[107.706284,-7.0534694],[107.7066229,-7.0534266],[107.7067739,-7.0534113],[107.7069156,-7.053396],[107.7069834,-7.0533318],[107.707005,-7.0532156],[107.7069988,-7.0531055],[107.7067677,-7.052705],[107.7066815,-7.0524726],[107.7067554,-7.0521576],[107.7067369,-7.0518366],[107.7066537,-7.0515186],[107.706626,-7.0512495],[107.7066815,-7.0509254],[107.7067585,-7.0506074],[107.7068764,-7.0504652],[107.7070265,-7.0503566],[107.7072948,-7.0500286],[107.7075647,-7.0497001],[107.7075899,-7.0495202],[107.7075448,-7.0494067],[107.707461,-7.0490479],[107.7074271,-7.0486871],[107.7074425,-7.048577],[107.7073316,-7.0483599],[107.7072408,-7.048012],[107.7071473,-7.0478272],[107.7070621,-7.0476268],[107.7065779,-7.0468526],[107.7064848,-7.0466799],[107.7064288,-7.0464947],[107.7063734,-7.0463234],[107.7063292,-7.0461875],[107.7063145,-7.0460452],[107.7062717,-7.0457149],[107.7060499,-7.0451277],[107.7060129,-7.0449933],[107.7060086,-7.0449678],[107.7059939,-7.0448804],[107.7060411,-7.0447461],[107.7061173,-7.0446595],[107.7062213,-7.0445688],[107.70634,-7.0444945],[107.7064689,-7.0444674],[107.7066243,-7.0444865],[107.7068019,-7.0445256],[107.7071775,-7.0445988],[107.707268,-7.0446222],[107.7073796,-7.0446033],[107.7075996,-7.0444674],[107.7078091,-7.044183],[107.7080279,-7.043972],[107.7081122,-7.043899],[107.7083668,-7.0436784],[107.708601,-7.043388],[107.7087642,-7.0432014],[107.70902,-7.0430699],[107.7092819,-7.0429721],[107.7096485,-7.0428284],[107.7100059,-7.0425318],[107.7100799,-7.0424033],[107.7100152,-7.0422933],[107.7098457,-7.0421159],[107.7097687,-7.0418682],[107.7097625,-7.0414982],[107.7097995,-7.0412689],[107.7099535,-7.0410487],[107.7100922,-7.0409081],[107.7101415,-7.0404586],[107.7101538,-7.0400886],[107.7101415,-7.0396666],[107.7101846,-7.0392935],[107.7103325,-7.0389908],[107.7104804,-7.0388135],[107.710847,-7.0386422],[107.711189,-7.0385658],[107.7114848,-7.0385841],[107.7118792,-7.0386208],[107.712138,-7.0386147],[107.7123013,-7.0384435],[107.7123259,-7.0381774],[107.7123229,-7.0378839],[107.7123259,-7.0377585],[107.7124091,-7.0376882],[107.7125878,-7.0376393],[107.7127049,-7.0376148],[107.7130377,-7.0375628],[107.7140298,-7.0379298],[107.7141499,-7.0379542],[107.7142578,-7.0378441],[107.714381,-7.0376882],[107.7146675,-7.0371745],[107.7148647,-7.036991],[107.715105,-7.0369329],[107.715256,-7.0370185],[107.7153423,-7.03715],[107.715444,-7.0371806],[107.7156227,-7.0371225],[107.7158907,-7.0369451],[107.7164361,-7.0364987],[107.7166527,-7.0360836],[107.716982,-7.0358294],[107.7171731,-7.0356882],[107.7175024,-7.0353452],[107.7175999,-7.0351556],[107.7177097,-7.0348852],[107.7177788,-7.0346996],[107.7178601,-7.0345786],[107.7179536,-7.0345019],[107.7181488,-7.034393],[107.718222,-7.0343446],[107.7183399,-7.0342396],[107.7184984,-7.0341912],[107.7189456,-7.03405],[107.7191936,-7.0338684],[107.7199457,-7.0334044],[107.7205799,-7.0340823],[107.7209011,-7.0343042],[107.7212792,-7.0344535],[107.7216857,-7.0346149],[107.7219419,-7.0346431],[107.7227819,-7.0346241],[107.7234847,-7.0343419],[107.7237475,-7.0341076],[107.7237582,-7.0339852],[107.7236027,-7.0335806],[107.723608,-7.0334155],[107.723769,-7.0331174],[107.7240372,-7.0327713],[107.724064,-7.032553],[107.7239943,-7.0322975],[107.7241498,-7.0320259],[107.7243537,-7.0319195],[107.7246916,-7.0318449],[107.7248579,-7.0317065],[107.7249652,-7.031403],[107.7249438,-7.0312326],[107.7250672,-7.0310889],[107.7254856,-7.0307588],[107.7256036,-7.0307056],[107.7257484,-7.0307269],[107.7258557,-7.0308493],[107.7259523,-7.0311102],[107.7261347,-7.031387],[107.7263171,-7.0314722],[107.726993,-7.0314083],[107.728039,-7.0310676],[107.7284253,-7.0311475],[107.7285594,-7.0314083],[107.7286452,-7.0316373],[107.7288866,-7.0317917],[107.7292138,-7.0318236],[107.729584,-7.0318076],[107.7297503,-7.0316053],[107.729922,-7.0312752],[107.7300614,-7.0311741],[107.7302545,-7.0311102],[107.7304852,-7.0311634],[107.7308393,-7.0311954],[107.7310109,-7.0311049],[107.7312631,-7.0308813],[107.7314562,-7.0305725],[107.7315527,-7.0302157],[107.7316922,-7.0300933],[107.732057,-7.0300028],[107.7322394,-7.0298963],[107.7322907,-7.029839],[107.7322674,-7.0297093],[107.73216,-7.0295424],[107.7319405,-7.0294636],[107.731693,-7.0294497],[107.7314501,-7.0296258],[107.731226,-7.0297185],[107.7310345,-7.0296768],[107.730801,-7.0295841],[107.7307356,-7.0294451],[107.730759,-7.0292643],[107.7310018,-7.0290882],[107.7313007,-7.0288194],[107.7314221,-7.0285505],[107.7313614,-7.0281612],[107.7313567,-7.0279202],[107.7313988,-7.0275262],[107.7315435,-7.0270905],[107.7315856,-7.0268588],[107.7314875,-7.0266271],[107.7312904,-7.0263644],[107.7311826,-7.0261665],[107.731255,-7.0259216],[107.731314,-7.0257406],[107.7312812,-7.0254449],[107.7313006,-7.0251629],[107.7311155,-7.0249739],[107.7310324,-7.0247689],[107.7308258,-7.0244654],[107.7306671,-7.0241412]]}},{"type":"Feature","properties":{"name":"Ci Tarum"},"geometry":{"type":"LineString","coordinates":[[107.7013352,-6.9884083],[107.70067,-6.9881314],[107.6996937,-6.9877693],[107.6988461,-6.9875457],[107.6981809,-6.9874925],[107.6976268,-6.9875451],[107.6968137,-6.9876674],[107.6956382,-6.9879423],[107.6915577,-6.9892843]]}},{"type":"Feature","properties":{"name":"Ci Tarum"},"geometry":{"type":"LineString","coordinates":[[107.7013352,-6.9884083],[107.70067,-6.9881314],[107.6996937,-6.9877693],[107.6988461,-6.9875457],[107.6981809,-6.9874925],[107.6976268,-6.9875451],[107.6968137,-6.9876674],[107.6956382,-6.9879423],[107.6915577,-6.9892843]]}},{"type":"Feature","properties":{"name":"Ci Tarum"},"geometry":{"type":"LineString","coordinates":[[107.7013352,-6.9884083],[107.70067,-6.9881314],[107.6996937,-6.9877693],[107.6988461,-6.9875457],[107.6981809,-6.9874925],[107.6976268,-6.9875451],[107.6968137,-6.9876674],[107.6956382,-6.9879423],[107.6915577,-6.9892843]]}},{"type":"Feature","properties":{"name":"Ci Tarum"},"geometry":{"type":"LineString","coordinates":[[107.7013352,-6.9884083],[107.70067,-6.9881314],[107.6996937,-6.9877693],[107.6988461,-6.9875457],[107.6981809,-6.9874925],[107.6976268,-6.9875451],[107.6968137,-6.9876674],[107.6956382,-6.9879423],[107.6915577,-6.9892843]]}},{"type":"Feature","properties":{"name":"Ci Tarum"},"geometry":{"type":"LineString","coordinates":[[107.7013352,-6.9884083],[107.70067,-6.9881314],[107.6996937,-6.9877693],[107.6988461,-6.9875457],[107.6981809,-6.9874925],[107.6976268,-6.9875451],[107.6968137,-6.9876674],[107.6956382,-6.9879423],[107.6915577,-6.9892843]]}},{"type":"Feature","properties":{"name":"Ci Tarum"},"geometry":{"type":"LineString","coordinates":[[107.7013352,-6.9884083],[107.70067,-6.9881314],[107.6996937,-6.9877693],[107.6988461,-6.9875457],[107.6981809,-6.9874925],[107.6976268,-6.9875451],[107.6968137,-6.9876674],[107.6956382,-6.9879423],[107.6915577,-6.9892843]]}},{"type":"Feature","properties":{"name":"Ci Tarum"},"geometry":{"type":"LineString","coordinates":[[107.6268581,-6.9913682],[107.6268005,-6.9913425],[107.626252,-6.9910208],[107.6259994,-6.9908603],[107.6257371,-6.9906021],[107.6249955,-6.9897208],[107.6246773,-6.9892565],[107.6243803,-6.9888234],[107.6240139,-6.9883379],[107.6237289,-6.9880444],[107.6233601,-6.9878146],[107.6228373,-6.9876979],[107.6218977,-6.9877592],[107.6210135,-6.9878817],[107.6201981,-6.987951],[107.6197261,-6.9878924],[107.6193774,-6.9876954],[107.6192253,-6.987568],[107.6191204,-6.9873808],[107.6188645,-6.9866141],[107.6185995,-6.9863376],[107.6183246,-6.9861892],[107.6178729,-6.986055],[107.6171902,-6.9858076],[107.6168132,-6.9855176],[107.6166753,-6.9853413],[107.6165932,-6.9850384],[107.6165696,-6.984789],[107.6166156,-6.9844147],[107.6167793,-6.9839674],[107.6169284,-6.9837678],[107.617017,-6.9836167],[107.6171513,-6.9834588],[107.6176412,-6.9831063],[107.6182011,-6.9828056],[107.6186526,-6.9824656],[107.6189673,-6.9820832],[107.6190305,-6.9817165],[107.6190234,-6.9815135],[107.6189394,-6.9813317],[107.6186,-6.9809873],[107.6181677,-6.9805844],[107.6178882,-6.980214],[107.6177066,-6.9798651],[107.6176283,-6.9796355],[107.6175491,-6.979285],[107.6175382,-6.9784938],[107.6175276,-6.9780218],[107.6175126,-6.9777118],[107.6173889,-6.9772647],[107.6171858,-6.9768273],[107.6169495,-6.976477],[107.6167834,-6.9763032]]}},{"type":"Feature","properties":{"name":"Ci Tarum"},"geometry":{"type":"LineString","coordinates":[[107.6268581,-6.9913682],[107.6268005,-6.9913425],[107.626252,-6.9910208],[107.6259994,-6.9908603],[107.6257371,-6.9906021],[107.6249955,-6.9897208],[107.6246773,-6.9892565],[107.6243803,-6.9888234],[107.6240139,-6.9883379],[107.6237289,-6.9880444],[107.6233601,-6.9878146],[107.6228373,-6.9876979],[107.6218977,-6.9877592],[107.6210135,-6.9878817],[107.6201981,-6.987951],[107.6197261,-6.9878924],[107.6193774,-6.9876954],[107.6192253,-6.987568],[107.6191204,-6.9873808],[107.6188645,-6.9866141],[107.6185995,-6.9863376],[107.6183246,-6.9861892],[107.6178729,-6.986055],[107.6171902,-6.9858076],[107.6168132,-6.9855176],[107.6166753,-6.9853413],[107.6165932,-6.9850384],[107.6165696,-6.984789],[107.6166156,-6.9844147],[107.6167793,-6.9839674],[107.6169284,-6.9837678],[107.617017,-6.9836167],[107.6171513,-6.9834588],[107.6176412,-6.9831063],[107.6182011,-6.9828056],[107.6186526,-6.9824656],[107.6189673,-6.9820832],[107.6190305,-6.9817165],[107.6190234,-6.9815135],[107.6189394,-6.9813317],[107.6186,-6.9809873],[107.6181677,-6.9805844],[107.6178882,-6.980214],[107.6177066,-6.9798651],[107.6176283,-6.9796355],[107.6175491,-6.979285],[107.6175382,-6.9784938],[107.6175276,-6.9780218],[107.6175126,-6.9777118],[107.6173889,-6.9772647],[107.6171858,-6.9768273],[107.6169495,-6.976477],[107.6167834,-6.9763032]]}},{"type":"Feature","properties":{"name":"Ci Tarum"},"geometry":{"type":"LineString","coordinates":[[107.6268581,-6.9913682],[107.6268005,-6.9913425],[107.626252,-6.9910208],[107.6259994,-6.9908603],[107.6257371,-6.9906021],[107.6249955,-6.9897208],[107.6246773,-6.9892565],[107.6243803,-6.9888234],[107.6240139,-6.9883379],[107.6237289,-6.9880444],[107.6233601,-6.9878146],[107.6228373,-6.9876979],[107.6218977,-6.9877592],[107.6210135,-6.9878817],[107.6201981,-6.987951],[107.6197261,-6.9878924],[107.6193774,-6.9876954],[107.6192253,-6.987568],[107.6191204,-6.9873808],[107.6188645,-6.9866141],[107.6185995,-6.9863376],[107.6183246,-6.9861892],[107.6178729,-6.986055],[107.6171902,-6.9858076],[107.6168132,-6.9855176],[107.6166753,-6.9853413],[107.6165932,-6.9850384],[107.6165696,-6.984789],[107.6166156,-6.9844147],[107.6167793,-6.9839674],[107.6169284,-6.9837678],[107.617017,-6.9836167],[107.6171513,-6.9834588],[107.6176412,-6.9831063],[107.6182011,-6.9828056],[107.6186526,-6.9824656],[107.6189673,-6.9820832],[107.6190305,-6.9817165],[107.6190234,-6.9815135],[107.6189394,-6.9813317],[107.6186,-6.9809873],[107.6181677,-6.9805844],[107.6178882,-6.980214],[107.6177066,-6.9798651],[107.6176283,-6.9796355],[107.6175491,-6.979285],[107.6175382,-6.9784938],[107.6175276,-6.9780218],[107.6175126,-6.9777118],[107.6173889,-6.9772647],[107.6171858,-6.9768273],[107.6169495,-6.976477],[107.6167834,-6.9763032]]}},{"type":"Feature","properties":{"name":"Ci Tarum"},"geometry":{"type":"LineString","coordinates":[[107.6268581,-6.9913682],[107.6268005,-6.9913425],[107.626252,-6.9910208],[107.6259994,-6.9908603],[107.6257371,-6.9906021],[107.6249955,-6.9897208],[107.6246773,-6.9892565],[107.6243803,-6.9888234],[107.6240139,-6.9883379],[107.6237289,-6.9880444],[107.6233601,-6.9878146],[107.6228373,-6.9876979],[107.6218977,-6.9877592],[107.6210135,-6.9878817],[107.6201981,-6.987951],[107.6197261,-6.9878924],[107.6193774,-6.9876954],[107.6192253,-6.987568],[107.6191204,-6.9873808],[107.6188645,-6.9866141],[107.6185995,-6.9863376],[107.6183246,-6.9861892],[107.6178729,-6.986055],[107.6171902,-6.9858076],[107.6168132,-6.9855176],[107.6166753,-6.9853413],[107.6165932,-6.9850384],[107.6165696,-6.984789],[107.6166156,-6.9844147],[107.6167793,-6.9839674],[107.6169284,-6.9837678],[107.617017,-6.9836167],[107.6171513,-6.9834588],[107.6176412,-6.9831063],[107.6182011,-6.9828056],[107.6186526,-6.9824656],[107.6189673,-6.9820832],[107.6190305,-6.9817165],[107.6190234,-6.9815135],[107.6189394,-6.9813317],[107.6186,-6.9809873],[107.6181677,-6.9805844],[107.6178882,-6.980214],[107.6177066,-6.9798651],[107.6176283,-6.9796355],[107.6175491,-6.979285],[107.6175382,-6.9784938],[107.6175276,-6.9780218],[107.6175126,-6.9777118],[107.6173889,-6.9772647],[107.6171858,-6.9768273],[107.6169495,-6.976477],[107.6167834,-6.9763032]]}},{"type":"Feature","properties":{"name":"Ci Tarum"},"geometry":{"type":"LineString","coordinates":[[107.6268581,-6.9913682],[107.6268005,-6.9913425],[107.626252,-6.9910208],[107.6259994,-6.9908603],[107.6257371,-6.9906021],[107.6249955,-6.9897208],[107.6246773,-6.9892565],[107.6243803,-6.9888234],[107.6240139,-6.9883379],[107.6237289,-6.9880444],[107.6233601,-6.9878146],[107.6228373,-6.9876979],[107.6218977,-6.9877592],[107.6210135,-6.9878817],[107.6201981,-6.987951],[107.6197261,-6.9878924],[107.6193774,-6.9876954],[107.6192253,-6.987568],[107.6191204,-6.9873808],[107.6188645,-6.9866141],[107.6185995,-6.9863376],[107.6183246,-6.9861892],[107.6178729,-6.986055],[107.6171902,-6.9858076],[107.6168132,-6.9855176],[107.6166753,-6.9853413],[107.6165932,-6.9850384],[107.6165696,-6.984789],[107.6166156,-6.9844147],[107.6167793,-6.9839674],[107.6169284,-6.9837678],[107.617017,-6.9836167],[107.6171513,-6.9834588],[107.6176412,-6.9831063],[107.6182011,-6.9828056],[107.6186526,-6.9824656],[107.6189673,-6.9820832],[107.6190305,-6.9817165],[107.6190234,-6.9815135],[107.6189394,-6.9813317],[107.6186,-6.9809873],[107.6181677,-6.9805844],[107.6178882,-6.980214],[107.6177066,-6.9798651],[107.6176283,-6.9796355],[107.6175491,-6.979285],[107.6175382,-6.9784938],[107.6175276,-6.9780218],[107.6175126,-6.9777118],[107.6173889,-6.9772647],[107.6171858,-6.9768273],[107.6169495,-6.976477],[107.6167834,-6.9763032]]}},{"type":"Feature","properties":{"name":"Ci Tarum"},"geometry":{"type":"LineString","coordinates":[[107.6268581,-6.9913682],[107.6268005,-6.9913425],[107.626252,-6.9910208],[107.6259994,-6.9908603],[107.6257371,-6.9906021],[107.6249955,-6.9897208],[107.6246773,-6.9892565],[107.6243803,-6.9888234],[107.6240139,-6.9883379],[107.6237289,-6.9880444],[107.6233601,-6.9878146],[107.6228373,-6.9876979],[107.6218977,-6.9877592],[107.6210135,-6.9878817],[107.6201981,-6.987951],[107.6197261,-6.9878924],[107.6193774,-6.9876954],[107.6192253,-6.987568],[107.6191204,-6.9873808],[107.6188645,-6.9866141],[107.6185995,-6.9863376],[107.6183246,-6.9861892],[107.6178729,-6.986055],[107.6171902,-6.9858076],[107.6168132,-6.9855176],[107.6166753,-6.9853413],[107.6165932,-6.9850384],[107.6165696,-6.984789],[107.6166156,-6.9844147],[107.6167793,-6.9839674],[107.6169284,-6.9837678],[107.617017,-6.9836167],[107.6171513,-6.9834588],[107.6176412,-6.9831063],[107.6182011,-6.9828056],[107.6186526,-6.9824656],[107.6189673,-6.9820832],[107.6190305,-6.9817165],[107.6190234,-6.9815135],[107.6189394,-6.9813317],[107.6186,-6.9809873],[107.6181677,-6.9805844],[107.6178882,-6.980214],[107.6177066,-6.9798651],[107.6176283,-6.9796355],[107.6175491,-6.979285],[107.6175382,-6.9784938],[107.6175276,-6.9780218],[107.6175126,-6.9777118],[107.6173889,-6.9772647],[107.6171858,-6.9768273],[107.6169495,-6.976477],[107.6167834,-6.9763032]]}},{"type":"Feature","properties":{"name":"Ci Kapundung Kolot"},"geometry":{"type":"LineString","coordinates":[[107.636595,-6.9655822],[107.6366495,-6.965759]]}},{"type":"Feature","properties":{"name":"Ci Kapundung Kolot"},"geometry":{"type":"LineString","coordinates":[[107.6377953,-6.9585812],[107.637795,-6.958666],[107.6378727,-6.9589036],[107.6379316,-6.9591055],[107.6379117,-6.9592221],[107.6378281,-6.9594158],[107.6376721,-6.9598029],[107.6376591,-6.9600405],[107.6376915,-6.9604773],[107.6376008,-6.9609437],[107.6374318,-6.9613521],[107.6373602,-6.961474],[107.6371093,-6.961814],[107.6369852,-6.9622761],[107.6369154,-6.962466],[107.6365784,-6.963306],[107.6363895,-6.963732],[107.636278,-6.9640557],[107.6362577,-6.9643071],[107.636278,-6.9645584],[107.636441,-6.965044],[107.6365334,-6.9653633]]}},{"type":"Feature","properties":{"name":"Ci Kapundung"},"geometry":{"type":"LineString","coordinates":[[107.6225668,-6.9549076],[107.6226143,-6.955103],[107.6226845,-6.955428],[107.6226904,-6.9555403],[107.6226625,-6.9556389],[107.6226144,-6.9557449],[107.6225709,-6.9558569],[107.6225667,-6.955983],[107.6225821,-6.9560916],[107.6226378,-6.9561683],[107.622764,-6.956285],[107.6227994,-6.9563428],[107.6228411,-6.9564294],[107.6228661,-6.9565296],[107.6228758,-6.95666],[107.6229498,-6.956769],[107.6230023,-6.9569325],[107.6229926,-6.9571018],[107.6229615,-6.9572847],[107.6229128,-6.9575125],[107.6228622,-6.9576759],[107.6228388,-6.9577733],[107.6228486,-6.9578316],[107.6228875,-6.9579367],[107.6229264,-6.958001],[107.6230159,-6.9581022],[107.6230841,-6.9582014],[107.6231678,-6.9583104],[107.623195,-6.9584505],[107.6231853,-6.9586316],[107.6232261,-6.9588943],[107.6232787,-6.9591551],[107.6232943,-6.9594198],[107.6232911,-6.9594512],[107.6232767,-6.9595949],[107.6232904,-6.9597429],[107.6233643,-6.9598655],[107.6234869,-6.9599764],[107.6236504,-6.9601068],[107.6237808,-6.96021],[107.623812,-6.9602761],[107.6238275,-6.960352],[107.6238451,-6.9604202],[107.6238704,-6.9605214],[107.6238995,-6.9606206],[107.6239229,-6.9606985],[107.6239365,-6.96086],[107.6239248,-6.9610118],[107.6238995,-6.9611228],[107.623884,-6.9612045],[107.6238548,-6.9613466],[107.6238275,-6.9614614],[107.62381,-6.9615451],[107.6238236,-6.9617066],[107.6238528,-6.9619149],[107.6239132,-6.9623197],[107.6240494,-6.9632889],[107.6241603,-6.9638281],[107.6242304,-6.9641414],[107.6243705,-6.9647175],[107.6244679,-6.9650231],[107.6247189,-6.96557],[107.6248403,-6.9658656],[107.6249408,-6.9662181],[107.6251257,-6.9666365],[107.6252619,-6.9669479],[107.6253631,-6.9670744],[107.6255772,-6.9672799],[107.6256406,-6.9673793],[107.625669,-6.967534],[107.6256671,-6.9675711],[107.625657,-6.9675995],[107.6256394,-6.9676346],[107.6255961,-6.9677074],[107.6254191,-6.9679066],[107.6253798,-6.9680805],[107.6254006,-6.9681932],[107.6254676,-6.9683137],[107.6255461,-6.9683804],[107.6256921,-6.9684835],[107.6257621,-6.9685691],[107.6258088,-6.9686898],[107.6258244,-6.9687618],[107.6258341,-6.9690109],[107.62591,-6.969225],[107.6259645,-6.969445],[107.6260015,-6.9695987],[107.6260054,-6.9696941],[107.6259762,-6.9697778],[107.6259275,-6.9698303],[107.6258458,-6.9699121],[107.6257427,-6.9700152],[107.6255539,-6.9701768],[107.6254507,-6.9702857],[107.6253771,-6.9703465],[107.62533,-6.9704074],[107.6253005,-6.9704796],[107.6252961,-6.9705543],[107.6253138,-6.9706242],[107.6253689,-6.9708042],[107.6253943,-6.9709767],[107.6254001,-6.9711577],[107.6253845,-6.9713387],[107.6253114,-6.9715958],[107.6252875,-6.9717281],[107.6252775,-6.9718739],[107.6252756,-6.9720199],[107.6252687,-6.972817],[107.6252503,-6.9729755],[107.6251977,-6.9732324],[107.625149,-6.9735165],[107.6251354,-6.9737501],[107.6251627,-6.9739739],[107.6252619,-6.9745539],[107.6252775,-6.974768],[107.6252673,-6.9750813],[107.6252859,-6.975245],[107.6253178,-6.9753622],[107.6253861,-6.9754868],[107.625739,-6.9759711],[107.6258443,-6.9762143],[107.6259178,-6.9764943],[107.6259879,-6.9767785],[107.6260073,-6.977036],[107.6259957,-6.977302],[107.6259548,-6.9775609],[107.6258711,-6.9778353],[107.6258205,-6.9781],[107.625587,-6.9794585],[107.6255141,-6.9799081],[107.6254769,-6.9800609],[107.6254293,-6.9801727],[107.625323,-6.9803443],[107.6252685,-6.9804427],[107.6252394,-6.9805497],[107.6252317,-6.9806817],[107.6252754,-6.9815171],[107.6252611,-6.9816744],[107.6252356,-6.9818169],[107.6250808,-6.982332],[107.6250564,-6.9824633],[107.6250371,-6.9826156],[107.6250243,-6.9827388],[107.6250245,-6.9830006],[107.6250342,-6.9831116],[107.6250517,-6.9832906],[107.6250464,-6.9834845],[107.6250323,-6.9835826],[107.6249984,-6.9836949],[107.6249332,-6.9838576],[107.6248049,-6.984652],[107.6248056,-6.9847162]]}},{"type":"Feature","properties":{"name":"Ci Tarik"},"geometry":{"type":"LineString","coordinates":[[107.8392616,-6.9685869],[107.8391614,-6.9685313],[107.8387403,-6.9682278],[107.8384023,-6.9679695],[107.8381046,-6.9678604],[107.837721,-6.9677086],[107.8372436,-6.9675116],[107.8369325,-6.9674743],[107.8366911,-6.9675462],[107.8364604,-6.9675036],[107.8363397,-6.9674238],[107.8362914,-6.9673173],[107.8362592,-6.9669472],[107.8362056,-6.9667715],[107.8360661,-6.9667022],[107.8360017,-6.9666304],[107.8360232,-6.9665345],[107.8360983,-6.9664413],[107.8360795,-6.9663588],[107.8359025,-6.9662443],[107.8356772,-6.9661591],[107.8354894,-6.9662416],[107.8353714,-6.9663295],[107.8351676,-6.9663109],[107.8350522,-6.9662763],[107.8350093,-6.9661351],[107.8349101,-6.966034],[107.8347626,-6.9658689],[107.8345989,-6.965379],[107.8344729,-6.9651554],[107.8343549,-6.9649903],[107.8341296,-6.9648758],[107.8338774,-6.9648732],[107.8338024,-6.9649242],[107.8336468,-6.9649082],[107.8333974,-6.9647831],[107.8332176,-6.9646872],[107.8330406,-6.9647005],[107.8328797,-6.9647777],[107.8328073,-6.9647192],[107.8327992,-6.964602],[107.8326785,-6.9645328],[107.8324988,-6.9645834],[107.8322547,-6.9645994],[107.8320616,-6.9644662],[107.8318444,-6.9643517],[107.8314608,-6.9641973],[107.831214,-6.9641734],[107.8310156,-6.9642479],[107.8309029,-6.9643517],[107.8306991,-6.9644689],[107.8306079,-6.9644449],[107.8304416,-6.9642399],[107.8302914,-6.9641787],[107.8302216,-6.9642186],[107.8302041,-6.964304],[107.8300892,-6.9645808],[107.8300684,-6.9649096],[107.8300974,-6.9650511],[107.8301133,-6.965168],[107.8300369,-6.9652587],[107.8300448,-6.9653553],[107.8300031,-6.9654548],[107.8299292,-6.9655387],[107.8298169,-6.9656499],[107.8297059,-6.9657667],[107.8296476,-6.9659214],[107.8296248,-6.9659941]]}},{"type":"Feature","properties":{"name":"Ci Tarik"},"geometry":{"type":"LineString","coordinates":[[107.8459382,-6.9694328],[107.8458736,-6.9697073],[107.8457503,-6.9700801],[107.8455357,-6.9702504],[107.8451334,-6.9703569],[107.8447847,-6.9702451],[107.8445272,-6.9702132],[107.8443931,-6.9703516],[107.8442321,-6.9705433],[107.8439478,-6.9706232],[107.8431753,-6.9705167],[107.8427623,-6.9702185],[107.842321,-6.9699158],[107.8422218,-6.9697267],[107.8420769,-6.9694179],[107.8420639,-6.9693162]]}},{"type":"Feature","properties":{"name":"Ci Tarik"},"geometry":{"type":"LineString","coordinates":[[107.8420639,-6.9693162],[107.8420448,-6.9691676],[107.8419482,-6.9689866],[107.8416317,-6.968715],[107.8410228,-6.9685286],[107.8408056,-6.9684355],[107.8405776,-6.9684035],[107.8402209,-6.9684834],[107.8400251,-6.9685553]]}},{"type":"Feature","properties":{"name":"Ci Tarik"},"geometry":{"type":"LineString","coordinates":[[107.8400251,-6.9685553],[107.8395771,-6.9686964],[107.8393679,-6.9686458],[107.8392616,-6.9685869]]}},{"type":"Feature","properties":{"name":"Ci Tarik"},"geometry":{"type":"LineString","coordinates":[[107.8296248,-6.9659941],[107.8296722,-6.9660658],[107.8297513,-6.9661459],[107.8298429,-6.9662161],[107.8299664,-6.9663072],[107.8300023,-6.9664221],[107.8299658,-6.9665283],[107.8299119,-6.9666582],[107.8299493,-6.9667774],[107.8300276,-6.9671163],[107.8300897,-6.9672917]]}},{"type":"Feature","properties":{"name":"Ci Lameta"},"geometry":{"type":"LineString","coordinates":[[107.7046321,-6.9675614],[107.7046314,-6.9680917],[107.7046197,-6.969213],[107.7046321,-6.9694021],[107.7046628,-6.9695595],[107.7047592,-6.969755],[107.704895,-6.9698968],[107.7051292,-6.9700099],[107.7061253,-6.970324],[107.7072282,-6.9706421],[107.7074658,-6.9707022],[107.7087933,-6.9710855],[107.7089218,-6.9711391],[107.7090379,-6.9712067],[107.7091078,-6.9712851],[107.7091632,-6.9714253],[107.7092561,-6.9717094],[107.7094508,-6.9722844],[107.7096818,-6.9730099],[107.709762,-6.9732855],[107.7097834,-6.9734133],[107.7097837,-6.9736862],[107.7097461,-6.9741654],[107.7097193,-6.9744316],[107.7096653,-6.9746586]]}},{"type":"Feature","properties":{"name":"Ci Lameta"},"geometry":{"type":"LineString","coordinates":[[107.7046615,-6.9657459],[107.7046833,-6.9671733],[107.7046831,-6.9672358],[107.7046775,-6.9673713],[107.7046321,-6.9675614]]}},{"type":"Feature","properties":{"name":"Ci Lameta"},"geometry":{"type":"LineString","coordinates":[[107.7046607,-6.9650473],[107.7046615,-6.9657459]]}},{"type":"Feature","properties":{"name":"Ci Keruh"},"geometry":{"type":"LineString","coordinates":[[107.7062863,-6.9806135],[107.7062434,-6.9807573],[107.7061468,-6.9809915],[107.7059805,-6.9812951],[107.7057927,-6.9815453],[107.7055138,-6.9818169],[107.7049666,-6.982163],[107.7041888,-6.982541],[107.7037006,-6.9827221],[107.7031481,-6.9828445],[107.7027565,-6.9829191],[107.7025526,-6.9829776],[107.7023531,-6.9830743],[107.7021825,-6.9832066],[107.7020377,-6.983361],[107.701925,-6.9835687],[107.7017426,-6.9839946],[107.7012384,-6.9850489],[107.7008467,-6.9858583],[107.7004069,-6.9867421],[107.6999858,-6.9875302],[107.6998651,-6.987642],[107.6996937,-6.9877693]]}},{"type":"Feature","properties":{"name":"Ci Keruh"},"geometry":{"type":"LineString","coordinates":[[107.7184616,-6.9715196],[107.7182698,-6.9716219],[107.7180568,-6.9716635],[107.7178261,-6.9716369],[107.7175261,-6.9716121],[107.7172236,-6.9715717],[107.7165812,-6.97146],[107.7158862,-6.9712989],[107.7153283,-6.9711828]]}},{"type":"Feature","properties":{"name":"Ci Keruh"},"geometry":{"type":"LineString","coordinates":[[107.7189801,-6.9710631],[107.7188265,-6.971242],[107.7186683,-6.9713948],[107.7184616,-6.9715196]]}},{"type":"Feature","properties":{"name":"Ci Keruh"},"geometry":{"type":"LineString","coordinates":[[107.7196665,-6.9689352],[107.7195083,-6.9690856],[107.719342,-6.9692773],[107.7191931,-6.9695249],[107.7190523,-6.9698165],[107.7190281,-6.9701599],[107.7190563,-6.9704048],[107.7190626,-6.9705641],[107.7190398,-6.970839],[107.7189801,-6.9710631]]}},{"type":"Feature","properties":{"name":"Ci Keruh"},"geometry":{"type":"LineString","coordinates":[[107.7225301,-6.9688683],[107.7218018,-6.9688626],[107.7215845,-6.9688547],[107.7212519,-6.9688334],[107.7207917,-6.9687928],[107.7205009,-6.9687801],[107.7202432,-6.9687968],[107.7199978,-6.9688021],[107.7196665,-6.9689352]]}},{"type":"Feature","properties":{"name":"Ci Keruh"},"geometry":{"type":"LineString","coordinates":[[107.7233537,-6.9691054],[107.7231109,-6.9690071],[107.7228354,-6.9689098],[107.7226281,-6.968883],[107.7225301,-6.9688683]]}},{"type":"Feature","properties":{"name":"Ci Keruh"},"geometry":{"type":"LineString","coordinates":[[107.7244368,-6.969503],[107.7238807,-6.9692904],[107.7235721,-6.9692041],[107.7233537,-6.9691054]]}},{"type":"Feature","properties":{"name":"Ci Keruh"},"geometry":{"type":"LineString","coordinates":[[107.7480821,-6.9618019],[107.7480036,-6.9618605],[107.7479399,-6.9620176],[107.7478165,-6.9622119],[107.7477595,-6.9622701],[107.7477076,-6.9623231],[107.7476784,-6.9623444],[107.7475349,-6.9624489],[107.7474367,-6.9625521],[107.7473043,-6.9625862],[107.7471379,-6.9626099],[107.7468882,-6.9625761],[107.7467127,-6.9625221],[107.746616,-6.962518],[107.7464888,-6.9625434],[107.7463022,-6.9626612],[107.7461589,-6.9627125],[107.7460756,-6.9627374],[107.7460138,-6.9627411],[107.7457974,-6.9627369],[107.7456222,-6.9627358],[107.7454694,-6.9627278],[107.7454307,-6.9627257],[107.7453301,-6.9627258],[107.7452373,-6.9627624],[107.745189,-6.9628476],[107.7451837,-6.9629328],[107.7451863,-6.9630792],[107.7451649,-6.963191],[107.7451193,-6.963223],[107.7450254,-6.9631964],[107.7449476,-6.9631538],[107.7448779,-6.9630632],[107.744784,-6.9630047],[107.7446821,-6.9629887],[107.7446032,-6.963024],[107.744548,-6.9631058],[107.7445165,-6.9632136],[107.7444557,-6.963259],[107.7443763,-6.9632762],[107.7442009,-6.9632796],[107.7440185,-6.9632556],[107.7439338,-6.9632789],[107.7438989,-6.9633694],[107.743871,-6.9634367],[107.743805,-6.9634626],[107.7436655,-6.9634626],[107.7435277,-6.9634819],[107.743415,-6.9635218],[107.7432766,-6.963625],[107.7432042,-6.9636729],[107.7431398,-6.9636729],[107.7430583,-6.9636443],[107.742959,-6.9636417],[107.7428866,-6.9636736],[107.7428528,-6.9637555],[107.742834,-6.9638593],[107.7427965,-6.9639978],[107.7427724,-6.9641788],[107.7427509,-6.9643199],[107.7426973,-6.9644344],[107.7426195,-6.9644903],[107.7425256,-6.9644983],[107.7424451,-6.9644637],[107.7423781,-6.9643945],[107.7422761,-6.9643359],[107.7421528,-6.9642959],[107.7420401,-6.964264],[107.7418819,-6.9641974],[107.7417558,-6.9641069],[107.7416539,-6.9640244],[107.7416083,-6.9639924],[107.7415482,-6.9640091],[107.741457,-6.9640517],[107.7413631,-6.9641102],[107.7413079,-6.9641921],[107.7412811,-6.9643279],[107.7412317,-6.9644883],[107.7411764,-6.9645968],[107.7411083,-6.9646507],[107.7410225,-6.9646587],[107.7408948,-6.9646367],[107.7407848,-6.9645968],[107.7406427,-6.9645196],[107.7405729,-6.964453],[107.7404791,-6.9643678],[107.740419,-6.9643419],[107.7403519,-6.9643818],[107.7402634,-6.9644697],[107.7401787,-6.9645223],[107.7400848,-6.9645223],[107.740007,-6.9644956],[107.7399265,-6.9644344],[107.7398461,-6.9643625],[107.7397951,-6.9642746],[107.7397334,-6.9642347],[107.7396572,-6.9642354],[107.7395698,-6.96428],[107.7394534,-6.9643365],[107.7393686,-6.9643625],[107.7392989,-6.9643385],[107.7392023,-6.9642853],[107.7391138,-6.9642214],[107.7390065,-6.9641974],[107.7389196,-6.9641981],[107.7388445,-6.9642194],[107.7386621,-6.9642966],[107.7384781,-6.9643732],[107.7382223,-6.9645069],[107.7380801,-6.9645629],[107.7379149,-6.9645888],[107.7377218,-6.9645782],[107.7376198,-6.9645702],[107.7375045,-6.9645329],[107.7373838,-6.9644823],[107.7372014,-6.9644158],[107.7368259,-6.964268],[107.7367334,-6.9642387],[107.7365684,-6.964244],[107.7364746,-6.96426],[107.7363197,-6.9642846],[107.7362721,-6.9642973],[107.7362184,-6.9643079],[107.7361608,-6.9643219],[107.7361071,-6.9643372],[107.7360548,-6.9643665],[107.7359757,-6.9644371],[107.7359033,-6.964485],[107.7357504,-6.9645755],[107.7356324,-6.9646634],[107.7355599,-6.9647246],[107.7354915,-6.9648218],[107.7354245,-6.9648923],[107.7353829,-6.9649469],[107.7353682,-6.9649735],[107.7353413,-6.9650215],[107.7353279,-6.9650508],[107.7352394,-6.9651958],[107.7351911,-6.965269],[107.7351414,-6.9653716],[107.735104,-6.9654554],[107.7350543,-6.9655433],[107.7349859,-6.9656525],[107.7348974,-6.9657869],[107.7348009,-6.9659187],[107.7347445,-6.9660172],[107.7346976,-6.9661024],[107.7346373,-6.966173],[107.7345622,-6.9662608],[107.7344978,-6.9663607],[107.7344012,-6.9665151],[107.7343154,-6.9666628],[107.7342349,-6.9667773],[107.7341651,-6.9668732],[107.7340968,-6.9669717],[107.734019,-6.9670862],[107.7339452,-6.9672046],[107.7338594,-6.9673245],[107.7337347,-6.9675188],[107.7336301,-6.9676639],[107.7335764,-6.9678263],[107.7335282,-6.9679994],[107.7334933,-6.9681418],[107.7334584,-6.9682363],[107.7334142,-6.9683016],[107.7333713,-6.9683588],[107.7332975,-6.968424],[107.7331419,-6.9685465],[107.73293,-6.968673],[107.7327436,-6.9687715],[107.7326739,-6.9688154],[107.7326135,-6.9688726],[107.7324969,-6.9689751],[107.732407,-6.9690976],[107.7322233,-6.9693865],[107.7320382,-6.969686],[107.7319323,-6.9698244],[107.7318665,-6.9699176],[107.7317686,-6.970052],[107.7316988,-6.9701213],[107.7315557,-6.9702285],[107.7314159,-6.9703063],[107.7313153,-6.9703449],[107.7312335,-6.9703609],[107.7309776,-6.9703669],[107.7307909,-6.9703582],[107.7306354,-6.9703476],[107.7304717,-6.9703236],[107.7303122,-6.9703001],[107.7301338,-6.9703156],[107.7298468,-6.9703609],[107.7295357,-6.9704301],[107.7292808,-6.9705047],[107.7289874,-6.9705639],[107.7288571,-6.9705845],[107.7286452,-6.9705899],[107.7285111,-6.9705766],[107.7283126,-6.9705473],[107.7279467,-6.970492],[107.7277842,-6.9704807],[107.7274301,-6.9703849],[107.7270643,-6.9702977],[107.7269167,-6.9702604],[107.7267746,-6.9702577],[107.7266657,-6.9702571],[107.7264323,-6.9702943],[107.7262312,-6.9703077],[107.7259844,-6.970297],[107.7257055,-6.9702571],[107.7255204,-6.9701692],[107.72533,-6.9700787],[107.7251368,-6.9699536],[107.7248681,-6.9697807],[107.724604,-6.9695946],[107.7244368,-6.969503]]}},{"type":"Feature","properties":{"name":"Ci Keruh"},"geometry":{"type":"LineString","coordinates":[[107.7538496,-6.9584013],[107.7538166,-6.9584872],[107.7537828,-6.9585664],[107.7536852,-6.9586948],[107.7535978,-6.9587634],[107.7535227,-6.9588539],[107.7534384,-6.9589185],[107.7533012,-6.9589323],[107.7531911,-6.9589104],[107.7531009,-6.9588775],[107.7529991,-6.9589353],[107.7528152,-6.9590247],[107.7527474,-6.9590473],[107.7526291,-6.9590868],[107.7524748,-6.9590766],[107.7523571,-6.959029],[107.7522754,-6.9590101],[107.7521976,-6.9590403],[107.7521054,-6.9591155],[107.751813,-6.9592566],[107.7515834,-6.9593625],[107.7514697,-6.9594403],[107.7513635,-6.9595542],[107.7512042,-6.9596826],[107.7509665,-6.9598177],[107.7508297,-6.9599242],[107.7507224,-6.9600148],[107.7506795,-6.9601213],[107.7506849,-6.9602251],[107.750709,-6.9603476],[107.7507546,-6.9604727],[107.7508002,-6.9605872],[107.7508136,-6.9607123],[107.7507975,-6.9609706],[107.7507761,-6.9612528],[107.7507412,-6.9615989],[107.7506822,-6.9619637],[107.7506715,-6.9620781],[107.7506178,-6.9621154],[107.7505427,-6.9620941],[107.7504649,-6.9620382],[107.7503711,-6.961977],[107.7502611,-6.9619637],[107.7501216,-6.9620196],[107.7500224,-6.9621021],[107.7499285,-6.9621527],[107.749848,-6.9621394],[107.7497273,-6.9620915],[107.7495583,-6.9620169],[107.7494162,-6.961969],[107.749266,-6.9619583],[107.7491372,-6.9619583],[107.7490112,-6.9619663],[107.7488529,-6.961953],[107.7486008,-6.9619184],[107.7483487,-6.9618492],[107.748184,-6.9618072],[107.7480821,-6.9618019]]}},{"type":"Feature","properties":{"name":"Ci Kapundung Kolot"},"geometry":{"type":"LineString","coordinates":[[107.6365437,-6.9672222],[107.636309,-6.9683613],[107.6360429,-6.9687106],[107.6358145,-6.9690312],[107.6355313,-6.9697414]]}},{"type":"Feature","properties":{"name":"Ci Kapundung Kolot"},"geometry":{"type":"LineString","coordinates":[[107.6355313,-6.9697414],[107.6354883,-6.9698491],[107.6354111,-6.9705818],[107.6348274,-6.9723624],[107.6346847,-6.972568],[107.6345605,-6.9726676]]}},{"type":"Feature","properties":{"name":"Ci Kapundung"},"geometry":{"type":"LineString","coordinates":[[107.6310541,-6.9899984],[107.6309775,-6.9903459],[107.6308341,-6.9906259],[107.6304923,-6.9909268],[107.6299488,-6.9912861],[107.6295174,-6.9914616]]}},{"type":"Feature","properties":{"name":"Ci Tarum"},"geometry":{"type":"LineString","coordinates":[[107.6314837,-6.9937769],[107.631477,-6.993726],[107.6313669,-6.9932924],[107.6310802,-6.9925198],[107.6306464,-6.9919448],[107.6302228,-6.9916693],[107.6295174,-6.9914616]]}},{"type":"Feature","properties":{"name":"Ci Tarum"},"geometry":{"type":"LineString","coordinates":[[107.6314837,-6.9937769],[107.631477,-6.993726],[107.6313669,-6.9932924],[107.6310802,-6.9925198],[107.6306464,-6.9919448],[107.6302228,-6.9916693],[107.6295174,-6.9914616]]}},{"type":"Feature","properties":{"name":"Ci Tarum"},"geometry":{"type":"LineString","coordinates":[[107.6314837,-6.9937769],[107.631477,-6.993726],[107.6313669,-6.9932924],[107.6310802,-6.9925198],[107.6306464,-6.9919448],[107.6302228,-6.9916693],[107.6295174,-6.9914616]]}},{"type":"Feature","properties":{"name":"Ci Tarum"},"geometry":{"type":"LineString","coordinates":[[107.6314837,-6.9937769],[107.631477,-6.993726],[107.6313669,-6.9932924],[107.6310802,-6.9925198],[107.6306464,-6.9919448],[107.6302228,-6.9916693],[107.6295174,-6.9914616]]}},{"type":"Feature","properties":{"name":"Ci Tarum"},"geometry":{"type":"LineString","coordinates":[[107.6314837,-6.9937769],[107.631477,-6.993726],[107.6313669,-6.9932924],[107.6310802,-6.9925198],[107.6306464,-6.9919448],[107.6302228,-6.9916693],[107.6295174,-6.9914616]]}},{"type":"Feature","properties":{"name":"Ci Tarum"},"geometry":{"type":"LineString","coordinates":[[107.6314837,-6.9937769],[107.631477,-6.993726],[107.6313669,-6.9932924],[107.6310802,-6.9925198],[107.6306464,-6.9919448],[107.6302228,-6.9916693],[107.6295174,-6.9914616]]}},{"type":"Feature","properties":{"name":"Ci Tarum"},"geometry":{"type":"LineString","coordinates":[[107.6411945,-7.0057887],[107.6405242,-7.0050226],[107.6381218,-7.0028093],[107.6364354,-7.0016499],[107.6355372,-7.0008001],[107.6351105,-7.0004183],[107.6346357,-7.0002313],[107.6342507,-7.0001676],[107.6335966,-7.0000918],[107.6332823,-6.9998851],[107.6332316,-6.9996041],[107.6336176,-6.9984143],[107.6336747,-6.9980685],[107.633617,-6.9975601],[107.6333471,-6.9972138],[107.6321654,-6.9965098],[107.6319524,-6.9963917],[107.6317953,-6.9961694],[107.6316469,-6.9955325],[107.6315864,-6.9945608],[107.6314837,-6.9937769]]}},{"type":"Feature","properties":{"name":"Ci Tarum"},"geometry":{"type":"LineString","coordinates":[[107.6411945,-7.0057887],[107.6405242,-7.0050226],[107.6381218,-7.0028093],[107.6364354,-7.0016499],[107.6355372,-7.0008001],[107.6351105,-7.0004183],[107.6346357,-7.0002313],[107.6342507,-7.0001676],[107.6335966,-7.0000918],[107.6332823,-6.9998851],[107.6332316,-6.9996041],[107.6336176,-6.9984143],[107.6336747,-6.9980685],[107.633617,-6.9975601],[107.6333471,-6.9972138],[107.6321654,-6.9965098],[107.6319524,-6.9963917],[107.6317953,-6.9961694],[107.6316469,-6.9955325],[107.6315864,-6.9945608],[107.6314837,-6.9937769]]}},{"type":"Feature","properties":{"name":"Ci Tarum"},"geometry":{"type":"LineString","coordinates":[[107.6411945,-7.0057887],[107.6405242,-7.0050226],[107.6381218,-7.0028093],[107.6364354,-7.0016499],[107.6355372,-7.0008001],[107.6351105,-7.0004183],[107.6346357,-7.0002313],[107.6342507,-7.0001676],[107.6335966,-7.0000918],[107.6332823,-6.9998851],[107.6332316,-6.9996041],[107.6336176,-6.9984143],[107.6336747,-6.9980685],[107.633617,-6.9975601],[107.6333471,-6.9972138],[107.6321654,-6.9965098],[107.6319524,-6.9963917],[107.6317953,-6.9961694],[107.6316469,-6.9955325],[107.6315864,-6.9945608],[107.6314837,-6.9937769]]}},{"type":"Feature","properties":{"name":"Ci Tarum"},"geometry":{"type":"LineString","coordinates":[[107.6411945,-7.0057887],[107.6405242,-7.0050226],[107.6381218,-7.0028093],[107.6364354,-7.0016499],[107.6355372,-7.0008001],[107.6351105,-7.0004183],[107.6346357,-7.0002313],[107.6342507,-7.0001676],[107.6335966,-7.0000918],[107.6332823,-6.9998851],[107.6332316,-6.9996041],[107.6336176,-6.9984143],[107.6336747,-6.9980685],[107.633617,-6.9975601],[107.6333471,-6.9972138],[107.6321654,-6.9965098],[107.6319524,-6.9963917],[107.6317953,-6.9961694],[107.6316469,-6.9955325],[107.6315864,-6.9945608],[107.6314837,-6.9937769]]}},{"type":"Feature","properties":{"name":"Ci Tarum"},"geometry":{"type":"LineString","coordinates":[[107.6411945,-7.0057887],[107.6405242,-7.0050226],[107.6381218,-7.0028093],[107.6364354,-7.0016499],[107.6355372,-7.0008001],[107.6351105,-7.0004183],[107.6346357,-7.0002313],[107.6342507,-7.0001676],[107.6335966,-7.0000918],[107.6332823,-6.9998851],[107.6332316,-6.9996041],[107.6336176,-6.9984143],[107.6336747,-6.9980685],[107.633617,-6.9975601],[107.6333471,-6.9972138],[107.6321654,-6.9965098],[107.6319524,-6.9963917],[107.6317953,-6.9961694],[107.6316469,-6.9955325],[107.6315864,-6.9945608],[107.6314837,-6.9937769]]}},{"type":"Feature","properties":{"name":"Ci Tarum"},"geometry":{"type":"LineString","coordinates":[[107.6411945,-7.0057887],[107.6405242,-7.0050226],[107.6381218,-7.0028093],[107.6364354,-7.0016499],[107.6355372,-7.0008001],[107.6351105,-7.0004183],[107.6346357,-7.0002313],[107.6342507,-7.0001676],[107.6335966,-7.0000918],[107.6332823,-6.9998851],[107.6332316,-6.9996041],[107.6336176,-6.9984143],[107.6336747,-6.9980685],[107.633617,-6.9975601],[107.6333471,-6.9972138],[107.6321654,-6.9965098],[107.6319524,-6.9963917],[107.6317953,-6.9961694],[107.6316469,-6.9955325],[107.6315864,-6.9945608],[107.6314837,-6.9937769]]}},{"type":"Feature","properties":{"name":"Ci Tarum"},"geometry":{"type":"LineString","coordinates":[[107.6420874,-7.0065505],[107.6415365,-7.0061795],[107.6411945,-7.0057887]]}},{"type":"Feature","properties":{"name":"Ci Tarum"},"geometry":{"type":"LineString","coordinates":[[107.6420874,-7.0065505],[107.6415365,-7.0061795],[107.6411945,-7.0057887]]}},{"type":"Feature","properties":{"name":"Ci Tarum"},"geometry":{"type":"LineString","coordinates":[[107.6420874,-7.0065505],[107.6415365,-7.0061795],[107.6411945,-7.0057887]]}},{"type":"Feature","properties":{"name":"Ci Tarum"},"geometry":{"type":"LineString","coordinates":[[107.6420874,-7.0065505],[107.6415365,-7.0061795],[107.6411945,-7.0057887]]}},{"type":"Feature","properties":{"name":"Ci Tarum"},"geometry":{"type":"LineString","coordinates":[[107.6420874,-7.0065505],[107.6415365,-7.0061795],[107.6411945,-7.0057887]]}},{"type":"Feature","properties":{"name":"Ci Tarum"},"geometry":{"type":"LineString","coordinates":[[107.6420874,-7.0065505],[107.6415365,-7.0061795],[107.6411945,-7.0057887]]}},{"type":"Feature","properties":{"name":"Ci Tarum"},"geometry":{"type":"LineString","coordinates":[[107.6443459,-7.0070201],[107.6437045,-7.0068002],[107.6433159,-7.0067026],[107.6427213,-7.0067031],[107.6424625,-7.0066834],[107.6420874,-7.0065505]]}},{"type":"Feature","properties":{"name":"Ci Tarum"},"geometry":{"type":"LineString","coordinates":[[107.6443459,-7.0070201],[107.6437045,-7.0068002],[107.6433159,-7.0067026],[107.6427213,-7.0067031],[107.6424625,-7.0066834],[107.6420874,-7.0065505]]}},{"type":"Feature","properties":{"name":"Ci Tarum"},"geometry":{"type":"LineString","coordinates":[[107.6443459,-7.0070201],[107.6437045,-7.0068002],[107.6433159,-7.0067026],[107.6427213,-7.0067031],[107.6424625,-7.0066834],[107.6420874,-7.0065505]]}},{"type":"Feature","properties":{"name":"Ci Tarum"},"geometry":{"type":"LineString","coordinates":[[107.6443459,-7.0070201],[107.6437045,-7.0068002],[107.6433159,-7.0067026],[107.6427213,-7.0067031],[107.6424625,-7.0066834],[107.6420874,-7.0065505]]}},{"type":"Feature","properties":{"name":"Ci Tarum"},"geometry":{"type":"LineString","coordinates":[[107.6443459,-7.0070201],[107.6437045,-7.0068002],[107.6433159,-7.0067026],[107.6427213,-7.0067031],[107.6424625,-7.0066834],[107.6420874,-7.0065505]]}},{"type":"Feature","properties":{"name":"Ci Tarum"},"geometry":{"type":"LineString","coordinates":[[107.6443459,-7.0070201],[107.6437045,-7.0068002],[107.6433159,-7.0067026],[107.6427213,-7.0067031],[107.6424625,-7.0066834],[107.6420874,-7.0065505]]}},{"type":"Feature","properties":{"name":"Ci Tarum"},"geometry":{"type":"LineString","coordinates":[[107.6474738,-7.0084407],[107.6466872,-7.0083113],[107.6460663,-7.0080774],[107.6454425,-7.0077246],[107.6443459,-7.0070201]]}},{"type":"Feature","properties":{"name":"Ci Tarum"},"geometry":{"type":"LineString","coordinates":[[107.6474738,-7.0084407],[107.6466872,-7.0083113],[107.6460663,-7.0080774],[107.6454425,-7.0077246],[107.6443459,-7.0070201]]}},{"type":"Feature","properties":{"name":"Ci Tarum"},"geometry":{"type":"LineString","coordinates":[[107.6474738,-7.0084407],[107.6466872,-7.0083113],[107.6460663,-7.0080774],[107.6454425,-7.0077246],[107.6443459,-7.0070201]]}},{"type":"Feature","properties":{"name":"Ci Tarum"},"geometry":{"type":"LineString","coordinates":[[107.6474738,-7.0084407],[107.6466872,-7.0083113],[107.6460663,-7.0080774],[107.6454425,-7.0077246],[107.6443459,-7.0070201]]}},{"type":"Feature","properties":{"name":"Ci Tarum"},"geometry":{"type":"LineString","coordinates":[[107.6474738,-7.0084407],[107.6466872,-7.0083113],[107.6460663,-7.0080774],[107.6454425,-7.0077246],[107.6443459,-7.0070201]]}},{"type":"Feature","properties":{"name":"Ci Tarum"},"geometry":{"type":"LineString","coordinates":[[107.6474738,-7.0084407],[107.6466872,-7.0083113],[107.6460663,-7.0080774],[107.6454425,-7.0077246],[107.6443459,-7.0070201]]}},{"type":"Feature","properties":{"name":"Ci Tarum"},"geometry":{"type":"LineString","coordinates":[[107.6490888,-7.0082556],[107.6481398,-7.00845],[107.6474738,-7.0084407]]}},{"type":"Feature","properties":{"name":"Ci Tarum"},"geometry":{"type":"LineString","coordinates":[[107.6490888,-7.0082556],[107.6481398,-7.00845],[107.6474738,-7.0084407]]}},{"type":"Feature","properties":{"name":"Ci Tarum"},"geometry":{"type":"LineString","coordinates":[[107.6490888,-7.0082556],[107.6481398,-7.00845],[107.6474738,-7.0084407]]}},{"type":"Feature","properties":{"name":"Ci Tarum"},"geometry":{"type":"LineString","coordinates":[[107.6490888,-7.0082556],[107.6481398,-7.00845],[107.6474738,-7.0084407]]}},{"type":"Feature","properties":{"name":"Ci Tarum"},"geometry":{"type":"LineString","coordinates":[[107.6490888,-7.0082556],[107.6481398,-7.00845],[107.6474738,-7.0084407]]}},{"type":"Feature","properties":{"name":"Ci Tarum"},"geometry":{"type":"LineString","coordinates":[[107.6490888,-7.0082556],[107.6481398,-7.00845],[107.6474738,-7.0084407]]}},{"type":"Feature","properties":{"name":"Ci Tarum"},"geometry":{"type":"LineString","coordinates":[[107.6537982,-7.0075065],[107.6534289,-7.0073425],[107.652789,-7.0073425],[107.6513412,-7.0077941],[107.6490888,-7.0082556]]}},{"type":"Feature","properties":{"name":"Ci Tarum"},"geometry":{"type":"LineString","coordinates":[[107.6537982,-7.0075065],[107.6534289,-7.0073425],[107.652789,-7.0073425],[107.6513412,-7.0077941],[107.6490888,-7.0082556]]}},{"type":"Feature","properties":{"name":"Ci Tarum"},"geometry":{"type":"LineString","coordinates":[[107.6537982,-7.0075065],[107.6534289,-7.0073425],[107.652789,-7.0073425],[107.6513412,-7.0077941],[107.6490888,-7.0082556]]}},{"type":"Feature","properties":{"name":"Ci Tarum"},"geometry":{"type":"LineString","coordinates":[[107.6537982,-7.0075065],[107.6534289,-7.0073425],[107.652789,-7.0073425],[107.6513412,-7.0077941],[107.6490888,-7.0082556]]}},{"type":"Feature","properties":{"name":"Ci Tarum"},"geometry":{"type":"LineString","coordinates":[[107.6537982,-7.0075065],[107.6534289,-7.0073425],[107.652789,-7.0073425],[107.6513412,-7.0077941],[107.6490888,-7.0082556]]}},{"type":"Feature","properties":{"name":"Ci Tarum"},"geometry":{"type":"LineString","coordinates":[[107.6537982,-7.0075065],[107.6534289,-7.0073425],[107.652789,-7.0073425],[107.6513412,-7.0077941],[107.6490888,-7.0082556]]}},{"type":"Feature","properties":{"name":"Ci Tarum"},"geometry":{"type":"LineString","coordinates":[[107.6675246,-7.0010893],[107.6668463,-7.0017333],[107.666207,-7.002494],[107.6658654,-7.0028995],[107.665666,-7.003087],[107.6653638,-7.0032282],[107.6648908,-7.0031177],[107.6642132,-7.0028377],[107.6631103,-7.0020684],[107.6620532,-7.0014333],[107.6615802,-7.001599],[107.6609149,-7.0020673],[107.6595949,-7.0023725],[107.6592178,-7.002564],[107.6590867,-7.0028869],[107.6590494,-7.0052964],[107.6588526,-7.0057689],[107.65852,-7.0061275],[107.6569064,-7.0067074],[107.6564011,-7.0069934],[107.6558121,-7.0075674],[107.6553594,-7.0079355],[107.6548915,-7.0079519],[107.654486,-7.0078119],[107.6537982,-7.0075065]]}},{"type":"Feature","properties":{"name":"Ci Tarum"},"geometry":{"type":"LineString","coordinates":[[107.6675246,-7.0010893],[107.6668463,-7.0017333],[107.666207,-7.002494],[107.6658654,-7.0028995],[107.665666,-7.003087],[107.6653638,-7.0032282],[107.6648908,-7.0031177],[107.6642132,-7.0028377],[107.6631103,-7.0020684],[107.6620532,-7.0014333],[107.6615802,-7.001599],[107.6609149,-7.0020673],[107.6595949,-7.0023725],[107.6592178,-7.002564],[107.6590867,-7.0028869],[107.6590494,-7.0052964],[107.6588526,-7.0057689],[107.65852,-7.0061275],[107.6569064,-7.0067074],[107.6564011,-7.0069934],[107.6558121,-7.0075674],[107.6553594,-7.0079355],[107.6548915,-7.0079519],[107.654486,-7.0078119],[107.6537982,-7.0075065]]}},{"type":"Feature","properties":{"name":"Ci Tarum"},"geometry":{"type":"LineString","coordinates":[[107.6675246,-7.0010893],[107.6668463,-7.0017333],[107.666207,-7.002494],[107.6658654,-7.0028995],[107.665666,-7.003087],[107.6653638,-7.0032282],[107.6648908,-7.0031177],[107.6642132,-7.0028377],[107.6631103,-7.0020684],[107.6620532,-7.0014333],[107.6615802,-7.001599],[107.6609149,-7.0020673],[107.6595949,-7.0023725],[107.6592178,-7.002564],[107.6590867,-7.0028869],[107.6590494,-7.0052964],[107.6588526,-7.0057689],[107.65852,-7.0061275],[107.6569064,-7.0067074],[107.6564011,-7.0069934],[107.6558121,-7.0075674],[107.6553594,-7.0079355],[107.6548915,-7.0079519],[107.654486,-7.0078119],[107.6537982,-7.0075065]]}},{"type":"Feature","properties":{"name":"Ci Tarum"},"geometry":{"type":"LineString","coordinates":[[107.6675246,-7.0010893],[107.6668463,-7.0017333],[107.666207,-7.002494],[107.6658654,-7.0028995],[107.665666,-7.003087],[107.6653638,-7.0032282],[107.6648908,-7.0031177],[107.6642132,-7.0028377],[107.6631103,-7.0020684],[107.6620532,-7.0014333],[107.6615802,-7.001599],[107.6609149,-7.0020673],[107.6595949,-7.0023725],[107.6592178,-7.002564],[107.6590867,-7.0028869],[107.6590494,-7.0052964],[107.6588526,-7.0057689],[107.65852,-7.0061275],[107.6569064,-7.0067074],[107.6564011,-7.0069934],[107.6558121,-7.0075674],[107.6553594,-7.0079355],[107.6548915,-7.0079519],[107.654486,-7.0078119],[107.6537982,-7.0075065]]}},{"type":"Feature","properties":{"name":"Ci Tarum"},"geometry":{"type":"LineString","coordinates":[[107.6675246,-7.0010893],[107.6668463,-7.0017333],[107.666207,-7.002494],[107.6658654,-7.0028995],[107.665666,-7.003087],[107.6653638,-7.0032282],[107.6648908,-7.0031177],[107.6642132,-7.0028377],[107.6631103,-7.0020684],[107.6620532,-7.0014333],[107.6615802,-7.001599],[107.6609149,-7.0020673],[107.6595949,-7.0023725],[107.6592178,-7.002564],[107.6590867,-7.0028869],[107.6590494,-7.0052964],[107.6588526,-7.0057689],[107.65852,-7.0061275],[107.6569064,-7.0067074],[107.6564011,-7.0069934],[107.6558121,-7.0075674],[107.6553594,-7.0079355],[107.6548915,-7.0079519],[107.654486,-7.0078119],[107.6537982,-7.0075065]]}},{"type":"Feature","properties":{"name":"Ci Tarum"},"geometry":{"type":"LineString","coordinates":[[107.6675246,-7.0010893],[107.6668463,-7.0017333],[107.666207,-7.002494],[107.6658654,-7.0028995],[107.665666,-7.003087],[107.6653638,-7.0032282],[107.6648908,-7.0031177],[107.6642132,-7.0028377],[107.6631103,-7.0020684],[107.6620532,-7.0014333],[107.6615802,-7.001599],[107.6609149,-7.0020673],[107.6595949,-7.0023725],[107.6592178,-7.002564],[107.6590867,-7.0028869],[107.6590494,-7.0052964],[107.6588526,-7.0057689],[107.65852,-7.0061275],[107.6569064,-7.0067074],[107.6564011,-7.0069934],[107.6558121,-7.0075674],[107.6553594,-7.0079355],[107.6548915,-7.0079519],[107.654486,-7.0078119],[107.6537982,-7.0075065]]}},{"type":"Feature","properties":{"name":"Ci Tarum"},"geometry":{"type":"LineString","coordinates":[[107.6691484,-6.9995158],[107.6688685,-6.9997307],[107.6679033,-7.0007297],[107.6675246,-7.0010893]]}},{"type":"Feature","properties":{"name":"Ci Tarum"},"geometry":{"type":"LineString","coordinates":[[107.6691484,-6.9995158],[107.6688685,-6.9997307],[107.6679033,-7.0007297],[107.6675246,-7.0010893]]}},{"type":"Feature","properties":{"name":"Ci Tarum"},"geometry":{"type":"LineString","coordinates":[[107.6691484,-6.9995158],[107.6688685,-6.9997307],[107.6679033,-7.0007297],[107.6675246,-7.0010893]]}},{"type":"Feature","properties":{"name":"Ci Tarum"},"geometry":{"type":"LineString","coordinates":[[107.6691484,-6.9995158],[107.6688685,-6.9997307],[107.6679033,-7.0007297],[107.6675246,-7.0010893]]}},{"type":"Feature","properties":{"name":"Ci Tarum"},"geometry":{"type":"LineString","coordinates":[[107.6691484,-6.9995158],[107.6688685,-6.9997307],[107.6679033,-7.0007297],[107.6675246,-7.0010893]]}},{"type":"Feature","properties":{"name":"Ci Tarum"},"geometry":{"type":"LineString","coordinates":[[107.6691484,-6.9995158],[107.6688685,-6.9997307],[107.6679033,-7.0007297],[107.6675246,-7.0010893]]}},{"type":"Feature","properties":{"name":"Ci Tarum"},"geometry":{"type":"LineString","coordinates":[[107.6770548,-6.9945134],[107.6762488,-6.9948036],[107.6751003,-6.9952235],[107.6735396,-6.9956748],[107.6732603,-6.995778],[107.6729081,-6.9959843],[107.6726782,-6.9962759],[107.6725174,-6.9965566],[107.6718099,-6.9984545],[107.6715973,-6.9988822],[107.6714127,-6.9991021],[107.6713098,-6.9992257],[107.6710781,-6.9993173],[107.6706632,-6.9993696],[107.6697299,-6.9993642],[107.6694328,-6.9994146],[107.6691484,-6.9995158]]}},{"type":"Feature","properties":{"name":"Ci Tarum"},"geometry":{"type":"LineString","coordinates":[[107.6770548,-6.9945134],[107.6762488,-6.9948036],[107.6751003,-6.9952235],[107.6735396,-6.9956748],[107.6732603,-6.995778],[107.6729081,-6.9959843],[107.6726782,-6.9962759],[107.6725174,-6.9965566],[107.6718099,-6.9984545],[107.6715973,-6.9988822],[107.6714127,-6.9991021],[107.6713098,-6.9992257],[107.6710781,-6.9993173],[107.6706632,-6.9993696],[107.6697299,-6.9993642],[107.6694328,-6.9994146],[107.6691484,-6.9995158]]}},{"type":"Feature","properties":{"name":"Ci Tarum"},"geometry":{"type":"LineString","coordinates":[[107.6770548,-6.9945134],[107.6762488,-6.9948036],[107.6751003,-6.9952235],[107.6735396,-6.9956748],[107.6732603,-6.995778],[107.6729081,-6.9959843],[107.6726782,-6.9962759],[107.6725174,-6.9965566],[107.6718099,-6.9984545],[107.6715973,-6.9988822],[107.6714127,-6.9991021],[107.6713098,-6.9992257],[107.6710781,-6.9993173],[107.6706632,-6.9993696],[107.6697299,-6.9993642],[107.6694328,-6.9994146],[107.6691484,-6.9995158]]}},{"type":"Feature","properties":{"name":"Ci Tarum"},"geometry":{"type":"LineString","coordinates":[[107.6770548,-6.9945134],[107.6762488,-6.9948036],[107.6751003,-6.9952235],[107.6735396,-6.9956748],[107.6732603,-6.995778],[107.6729081,-6.9959843],[107.6726782,-6.9962759],[107.6725174,-6.9965566],[107.6718099,-6.9984545],[107.6715973,-6.9988822],[107.6714127,-6.9991021],[107.6713098,-6.9992257],[107.6710781,-6.9993173],[107.6706632,-6.9993696],[107.6697299,-6.9993642],[107.6694328,-6.9994146],[107.6691484,-6.9995158]]}},{"type":"Feature","properties":{"name":"Ci Tarum"},"geometry":{"type":"LineString","coordinates":[[107.6770548,-6.9945134],[107.6762488,-6.9948036],[107.6751003,-6.9952235],[107.6735396,-6.9956748],[107.6732603,-6.995778],[107.6729081,-6.9959843],[107.6726782,-6.9962759],[107.6725174,-6.9965566],[107.6718099,-6.9984545],[107.6715973,-6.9988822],[107.6714127,-6.9991021],[107.6713098,-6.9992257],[107.6710781,-6.9993173],[107.6706632,-6.9993696],[107.6697299,-6.9993642],[107.6694328,-6.9994146],[107.6691484,-6.9995158]]}},{"type":"Feature","properties":{"name":"Ci Tarum"},"geometry":{"type":"LineString","coordinates":[[107.6770548,-6.9945134],[107.6762488,-6.9948036],[107.6751003,-6.9952235],[107.6735396,-6.9956748],[107.6732603,-6.995778],[107.6729081,-6.9959843],[107.6726782,-6.9962759],[107.6725174,-6.9965566],[107.6718099,-6.9984545],[107.6715973,-6.9988822],[107.6714127,-6.9991021],[107.6713098,-6.9992257],[107.6710781,-6.9993173],[107.6706632,-6.9993696],[107.6697299,-6.9993642],[107.6694328,-6.9994146],[107.6691484,-6.9995158]]}},{"type":"Feature","properties":{"name":"Ci Tarum"},"geometry":{"type":"LineString","coordinates":[[107.6806705,-6.9933001],[107.6802152,-6.9934246],[107.6791647,-6.993779],[107.6779085,-6.9942073],[107.6770548,-6.9945134]]}},{"type":"Feature","properties":{"name":"Ci Tarum"},"geometry":{"type":"LineString","coordinates":[[107.6806705,-6.9933001],[107.6802152,-6.9934246],[107.6791647,-6.993779],[107.6779085,-6.9942073],[107.6770548,-6.9945134]]}},{"type":"Feature","properties":{"name":"Ci Tarum"},"geometry":{"type":"LineString","coordinates":[[107.6806705,-6.9933001],[107.6802152,-6.9934246],[107.6791647,-6.993779],[107.6779085,-6.9942073],[107.6770548,-6.9945134]]}},{"type":"Feature","properties":{"name":"Ci Tarum"},"geometry":{"type":"LineString","coordinates":[[107.6806705,-6.9933001],[107.6802152,-6.9934246],[107.6791647,-6.993779],[107.6779085,-6.9942073],[107.6770548,-6.9945134]]}},{"type":"Feature","properties":{"name":"Ci Tarum"},"geometry":{"type":"LineString","coordinates":[[107.6806705,-6.9933001],[107.6802152,-6.9934246],[107.6791647,-6.993779],[107.6779085,-6.9942073],[107.6770548,-6.9945134]]}},{"type":"Feature","properties":{"name":"Ci Tarum"},"geometry":{"type":"LineString","coordinates":[[107.6806705,-6.9933001],[107.6802152,-6.9934246],[107.6791647,-6.993779],[107.6779085,-6.9942073],[107.6770548,-6.9945134]]}},{"type":"Feature","properties":{"name":"Ci Tarum"},"geometry":{"type":"LineString","coordinates":[[107.6873255,-6.9900482],[107.6865528,-6.9902812],[107.685737,-6.9904526],[107.6851352,-6.9905717],[107.684646,-6.9906959],[107.6840776,-6.9908741],[107.6836377,-6.9911617],[107.6833427,-6.9914492],[107.6830691,-6.9918112],[107.6827043,-6.9922638],[107.6824039,-6.9926845],[107.682184,-6.9928682],[107.6819104,-6.9929667],[107.6816851,-6.9930412],[107.6809556,-6.9932222],[107.6806705,-6.9933001]]}},{"type":"Feature","properties":{"name":"Ci Tarum"},"geometry":{"type":"LineString","coordinates":[[107.6873255,-6.9900482],[107.6865528,-6.9902812],[107.685737,-6.9904526],[107.6851352,-6.9905717],[107.684646,-6.9906959],[107.6840776,-6.9908741],[107.6836377,-6.9911617],[107.6833427,-6.9914492],[107.6830691,-6.9918112],[107.6827043,-6.9922638],[107.6824039,-6.9926845],[107.682184,-6.9928682],[107.6819104,-6.9929667],[107.6816851,-6.9930412],[107.6809556,-6.9932222],[107.6806705,-6.9933001]]}},{"type":"Feature","properties":{"name":"Ci Tarum"},"geometry":{"type":"LineString","coordinates":[[107.6873255,-6.9900482],[107.6865528,-6.9902812],[107.685737,-6.9904526],[107.6851352,-6.9905717],[107.684646,-6.9906959],[107.6840776,-6.9908741],[107.6836377,-6.9911617],[107.6833427,-6.9914492],[107.6830691,-6.9918112],[107.6827043,-6.9922638],[107.6824039,-6.9926845],[107.682184,-6.9928682],[107.6819104,-6.9929667],[107.6816851,-6.9930412],[107.6809556,-6.9932222],[107.6806705,-6.9933001]]}},{"type":"Feature","properties":{"name":"Ci Tarum"},"geometry":{"type":"LineString","coordinates":[[107.6873255,-6.9900482],[107.6865528,-6.9902812],[107.685737,-6.9904526],[107.6851352,-6.9905717],[107.684646,-6.9906959],[107.6840776,-6.9908741],[107.6836377,-6.9911617],[107.6833427,-6.9914492],[107.6830691,-6.9918112],[107.6827043,-6.9922638],[107.6824039,-6.9926845],[107.682184,-6.9928682],[107.6819104,-6.9929667],[107.6816851,-6.9930412],[107.6809556,-6.9932222],[107.6806705,-6.9933001]]}},{"type":"Feature","properties":{"name":"Ci Tarum"},"geometry":{"type":"LineString","coordinates":[[107.6873255,-6.9900482],[107.6865528,-6.9902812],[107.685737,-6.9904526],[107.6851352,-6.9905717],[107.684646,-6.9906959],[107.6840776,-6.9908741],[107.6836377,-6.9911617],[107.6833427,-6.9914492],[107.6830691,-6.9918112],[107.6827043,-6.9922638],[107.6824039,-6.9926845],[107.682184,-6.9928682],[107.6819104,-6.9929667],[107.6816851,-6.9930412],[107.6809556,-6.9932222],[107.6806705,-6.9933001]]}},{"type":"Feature","properties":{"name":"Ci Tarum"},"geometry":{"type":"LineString","coordinates":[[107.6873255,-6.9900482],[107.6865528,-6.9902812],[107.685737,-6.9904526],[107.6851352,-6.9905717],[107.684646,-6.9906959],[107.6840776,-6.9908741],[107.6836377,-6.9911617],[107.6833427,-6.9914492],[107.6830691,-6.9918112],[107.6827043,-6.9922638],[107.6824039,-6.9926845],[107.682184,-6.9928682],[107.6819104,-6.9929667],[107.6816851,-6.9930412],[107.6809556,-6.9932222],[107.6806705,-6.9933001]]}},{"type":"Feature","properties":{"name":"Ci Tarum"},"geometry":{"type":"LineString","coordinates":[[107.6915577,-6.9892843],[107.6902274,-6.9897915],[107.6895234,-6.989931],[107.6891543,-6.9899346],[107.6885644,-6.9898764],[107.6879687,-6.9898818],[107.687559,-6.989963],[107.6873255,-6.9900482]]}},{"type":"Feature","properties":{"name":"Ci Tarum"},"geometry":{"type":"LineString","coordinates":[[107.6915577,-6.9892843],[107.6902274,-6.9897915],[107.6895234,-6.989931],[107.6891543,-6.9899346],[107.6885644,-6.9898764],[107.6879687,-6.9898818],[107.687559,-6.989963],[107.6873255,-6.9900482]]}},{"type":"Feature","properties":{"name":"Ci Tarum"},"geometry":{"type":"LineString","coordinates":[[107.6915577,-6.9892843],[107.6902274,-6.9897915],[107.6895234,-6.989931],[107.6891543,-6.9899346],[107.6885644,-6.9898764],[107.6879687,-6.9898818],[107.687559,-6.989963],[107.6873255,-6.9900482]]}},{"type":"Feature","properties":{"name":"Ci Tarum"},"geometry":{"type":"LineString","coordinates":[[107.6915577,-6.9892843],[107.6902274,-6.9897915],[107.6895234,-6.989931],[107.6891543,-6.9899346],[107.6885644,-6.9898764],[107.6879687,-6.9898818],[107.687559,-6.989963],[107.6873255,-6.9900482]]}},{"type":"Feature","properties":{"name":"Ci Tarum"},"geometry":{"type":"LineString","coordinates":[[107.6915577,-6.9892843],[107.6902274,-6.9897915],[107.6895234,-6.989931],[107.6891543,-6.9899346],[107.6885644,-6.9898764],[107.6879687,-6.9898818],[107.687559,-6.989963],[107.6873255,-6.9900482]]}},{"type":"Feature","properties":{"name":"Ci Tarum"},"geometry":{"type":"LineString","coordinates":[[107.6915577,-6.9892843],[107.6902274,-6.9897915],[107.6895234,-6.989931],[107.6891543,-6.9899346],[107.6885644,-6.9898764],[107.6879687,-6.9898818],[107.687559,-6.989963],[107.6873255,-6.9900482]]}},{"type":"Feature","properties":{"name":null},"geometry":{"type":"LineString","coordinates":[[107.7018858,-6.988294],[107.7013352,-6.9884083]]}},{"type":"Feature","properties":{"name":null},"geometry":{"type":"LineString","coordinates":[[107.7061049,-6.9876396],[107.7058842,-6.9877055],[107.7055302,-6.9878439],[107.704468,-6.9881314],[107.7040711,-6.9881208],[107.7033093,-6.987993],[107.7030276,-6.9880347],[107.7023051,-6.988207],[107.7018858,-6.988294]]}},{"type":"Feature","properties":{"name":"Ci Keruh"},"geometry":{"type":"LineString","coordinates":[[107.7153283,-6.9711828],[107.7150664,-6.9711292],[107.7146137,-6.9710294],[107.7142143,-6.9709558],[107.7140114,-6.9709802],[107.7138388,-6.9710431],[107.7137042,-6.9711587],[107.7135311,-6.971253],[107.7130205,-6.9716428],[107.7124697,-6.9719533],[107.7121144,-6.9721871],[107.7118606,-6.9723816],[107.711597,-6.9725732],[107.7111786,-6.9728394],[107.7109319,-6.9730205],[107.710728,-6.9732548],[107.7100092,-6.9743197],[107.7098214,-6.9745487],[107.7096653,-6.9746586]]}},{"type":"Feature","properties":{"name":"Ci Keruh"},"geometry":{"type":"LineString","coordinates":[[107.7087003,-6.9753314],[107.7072411,-6.9763271],[107.7070909,-6.9764709],[107.7069354,-6.9766253],[107.7067852,-6.976817],[107.7066886,-6.976998],[107.7066135,-6.9772057],[107.7064788,-6.9778119]]}},{"type":"Feature","properties":{"name":"Ci Keruh"},"geometry":{"type":"LineString","coordinates":[[107.7096653,-6.9746586],[107.7087003,-6.9753314]]}},{"type":"Feature","properties":{"name":null},"geometry":{"type":"LineString","coordinates":[[107.6338242,-6.9915346],[107.6335761,-6.9912469],[107.6332569,-6.9908503],[107.6329189,-6.9905175],[107.6325729,-6.9900862],[107.6323288,-6.9899185],[107.6321411,-6.989788],[107.63172,-6.9897667],[107.6313123,-6.9898945],[107.6311219,-6.9899611],[107.6310541,-6.9899984]]}},{"type":"Feature","properties":{"name":"Ci Keruh"},"geometry":{"type":"LineString","coordinates":[[107.7064788,-6.9778119],[107.7064526,-6.9779299],[107.7063989,-6.9782493],[107.706356,-6.9787445],[107.7063496,-6.9796186],[107.7063077,-6.9803153],[107.7062863,-6.9806135]]}},{"type":"Feature","properties":{"name":null},"geometry":{"type":"LineString","coordinates":[[107.5931852,-6.980685],[107.592677,-6.9808343],[107.5920469,-6.9809554],[107.5917054,-6.9808585],[107.5913557,-6.9805317],[107.5910386,-6.9800999],[107.5908237,-6.9796257],[107.5906443,-6.9792525],[107.5905264,-6.9791597],[107.5904737,-6.9791169],[107.5903876,-6.9790563],[107.5902337,-6.978974],[107.5899938,-6.978861],[107.5897336,-6.9787889],[107.5895713,-6.9788333]]}},{"type":"Feature","properties":{"name":"Ci Tarum"},"geometry":{"type":"LineString","coordinates":[[107.6167834,-6.9763032],[107.6161507,-6.9756404],[107.6156598,-6.975502],[107.6152816,-6.9755579],[107.6148015,-6.9757629],[107.6127738,-6.9781057],[107.6124573,-6.9783347],[107.6118135,-6.9784838],[107.6100916,-6.9784518],[107.6094693,-6.9785956],[107.6089543,-6.9791281],[107.6086754,-6.9798256],[107.6079994,-6.9805497],[107.6075703,-6.9808213],[107.6069695,-6.9809651],[107.6063901,-6.9808905],[107.6050866,-6.9801344],[107.6043194,-6.9800013],[107.6036704,-6.9801717],[107.6016211,-6.9818436],[107.6000869,-6.9829086],[107.5998635,-6.9830335]]}},{"type":"Feature","properties":{"name":"Ci Tarum"},"geometry":{"type":"LineString","coordinates":[[107.6167834,-6.9763032],[107.6161507,-6.9756404],[107.6156598,-6.975502],[107.6152816,-6.9755579],[107.6148015,-6.9757629],[107.6127738,-6.9781057],[107.6124573,-6.9783347],[107.6118135,-6.9784838],[107.6100916,-6.9784518],[107.6094693,-6.9785956],[107.6089543,-6.9791281],[107.6086754,-6.9798256],[107.6079994,-6.9805497],[107.6075703,-6.9808213],[107.6069695,-6.9809651],[107.6063901,-6.9808905],[107.6050866,-6.9801344],[107.6043194,-6.9800013],[107.6036704,-6.9801717],[107.6016211,-6.9818436],[107.6000869,-6.9829086],[107.5998635,-6.9830335]]}},{"type":"Feature","properties":{"name":"Ci Tarum"},"geometry":{"type":"LineString","coordinates":[[107.6167834,-6.9763032],[107.6161507,-6.9756404],[107.6156598,-6.975502],[107.6152816,-6.9755579],[107.6148015,-6.9757629],[107.6127738,-6.9781057],[107.6124573,-6.9783347],[107.6118135,-6.9784838],[107.6100916,-6.9784518],[107.6094693,-6.9785956],[107.6089543,-6.9791281],[107.6086754,-6.9798256],[107.6079994,-6.9805497],[107.6075703,-6.9808213],[107.6069695,-6.9809651],[107.6063901,-6.9808905],[107.6050866,-6.9801344],[107.6043194,-6.9800013],[107.6036704,-6.9801717],[107.6016211,-6.9818436],[107.6000869,-6.9829086],[107.5998635,-6.9830335]]}},{"type":"Feature","properties":{"name":"Ci Tarum"},"geometry":{"type":"LineString","coordinates":[[107.6167834,-6.9763032],[107.6161507,-6.9756404],[107.6156598,-6.975502],[107.6152816,-6.9755579],[107.6148015,-6.9757629],[107.6127738,-6.9781057],[107.6124573,-6.9783347],[107.6118135,-6.9784838],[107.6100916,-6.9784518],[107.6094693,-6.9785956],[107.6089543,-6.9791281],[107.6086754,-6.9798256],[107.6079994,-6.9805497],[107.6075703,-6.9808213],[107.6069695,-6.9809651],[107.6063901,-6.9808905],[107.6050866,-6.9801344],[107.6043194,-6.9800013],[107.6036704,-6.9801717],[107.6016211,-6.9818436],[107.6000869,-6.9829086],[107.5998635,-6.9830335]]}},{"type":"Feature","properties":{"name":"Ci Tarum"},"geometry":{"type":"LineString","coordinates":[[107.6167834,-6.9763032],[107.6161507,-6.9756404],[107.6156598,-6.975502],[107.6152816,-6.9755579],[107.6148015,-6.9757629],[107.6127738,-6.9781057],[107.6124573,-6.9783347],[107.6118135,-6.9784838],[107.6100916,-6.9784518],[107.6094693,-6.9785956],[107.6089543,-6.9791281],[107.6086754,-6.9798256],[107.6079994,-6.9805497],[107.6075703,-6.9808213],[107.6069695,-6.9809651],[107.6063901,-6.9808905],[107.6050866,-6.9801344],[107.6043194,-6.9800013],[107.6036704,-6.9801717],[107.6016211,-6.9818436],[107.6000869,-6.9829086],[107.5998635,-6.9830335]]}},{"type":"Feature","properties":{"name":"Ci Tarum"},"geometry":{"type":"LineString","coordinates":[[107.6167834,-6.9763032],[107.6161507,-6.9756404],[107.6156598,-6.975502],[107.6152816,-6.9755579],[107.6148015,-6.9757629],[107.6127738,-6.9781057],[107.6124573,-6.9783347],[107.6118135,-6.9784838],[107.6100916,-6.9784518],[107.6094693,-6.9785956],[107.6089543,-6.9791281],[107.6086754,-6.9798256],[107.6079994,-6.9805497],[107.6075703,-6.9808213],[107.6069695,-6.9809651],[107.6063901,-6.9808905],[107.6050866,-6.9801344],[107.6043194,-6.9800013],[107.6036704,-6.9801717],[107.6016211,-6.9818436],[107.6000869,-6.9829086],[107.5998635,-6.9830335]]}},{"type":"Feature","properties":{"name":"Ci Tarum"},"geometry":{"type":"LineString","coordinates":[[107.6295174,-6.9914616],[107.6281417,-6.9915822],[107.6276686,-6.9915746],[107.6274222,-6.9915825],[107.6272809,-6.9915572],[107.6268581,-6.9913682]]}},{"type":"Feature","properties":{"name":"Ci Tarum"},"geometry":{"type":"LineString","coordinates":[[107.6295174,-6.9914616],[107.6281417,-6.9915822],[107.6276686,-6.9915746],[107.6274222,-6.9915825],[107.6272809,-6.9915572],[107.6268581,-6.9913682]]}},{"type":"Feature","properties":{"name":"Ci Tarum"},"geometry":{"type":"LineString","coordinates":[[107.6295174,-6.9914616],[107.6281417,-6.9915822],[107.6276686,-6.9915746],[107.6274222,-6.9915825],[107.6272809,-6.9915572],[107.6268581,-6.9913682]]}},{"type":"Feature","properties":{"name":"Ci Tarum"},"geometry":{"type":"LineString","coordinates":[[107.6295174,-6.9914616],[107.6281417,-6.9915822],[107.6276686,-6.9915746],[107.6274222,-6.9915825],[107.6272809,-6.9915572],[107.6268581,-6.9913682]]}},{"type":"Feature","properties":{"name":"Ci Tarum"},"geometry":{"type":"LineString","coordinates":[[107.6295174,-6.9914616],[107.6281417,-6.9915822],[107.6276686,-6.9915746],[107.6274222,-6.9915825],[107.6272809,-6.9915572],[107.6268581,-6.9913682]]}},{"type":"Feature","properties":{"name":"Ci Tarum"},"geometry":{"type":"LineString","coordinates":[[107.6295174,-6.9914616],[107.6281417,-6.9915822],[107.6276686,-6.9915746],[107.6274222,-6.9915825],[107.6272809,-6.9915572],[107.6268581,-6.9913682]]}},{"type":"Feature","properties":{"name":"Ci Sangkuy"},"geometry":{"type":"LineString","coordinates":[[107.6225652,-6.9930486],[107.6227838,-6.9922531],[107.6229313,-6.9920189],[107.6231379,-6.9918383],[107.623766,-6.9913996],[107.6239441,-6.9912244],[107.6240133,-6.9909598],[107.6239586,-6.990741],[107.6238738,-6.9904577],[107.6239076,-6.9902911],[107.6239757,-6.9901739],[107.6241893,-6.9899264],[107.6243775,-6.9897468],[107.6245224,-6.989512],[107.6245755,-6.9893832],[107.6246773,-6.9892565]]}},{"type":"Feature","properties":{"name":"Ci Sangkuy"},"geometry":{"type":"LineString","coordinates":[[107.6225652,-6.9930486],[107.6227838,-6.9922531],[107.6229313,-6.9920189],[107.6231379,-6.9918383],[107.623766,-6.9913996],[107.6239441,-6.9912244],[107.6240133,-6.9909598],[107.6239586,-6.990741],[107.6238738,-6.9904577],[107.6239076,-6.9902911],[107.6239757,-6.9901739],[107.6241893,-6.9899264],[107.6243775,-6.9897468],[107.6245224,-6.989512],[107.6245755,-6.9893832],[107.6246773,-6.9892565]]}}]}