{"type":"FeatureCollection","features":[{"type":"Feature","properties":{"name":"Ci Kapundung Kolot","waterway":"river","kelas":"utama","is_citarum":false},"geometry":{"type":"LineString","coordinates":[[107.634561,-6.972668],[107.634484,-6.972729],[107.634209,-6.972882],[107.633724,-6.973277],[107.633077,-6.973851],[107.632939,-6.974032],[107.632862,-6.974313],[107.632832,-6.974532],[107.632934,-6.97508],[107.633011,-6.975283],[107.633217,-6.975481],[107.633795,-6.975863],[107.634015,-6.976042],[107.634131,-6.976304],[107.634304,-6.976784],[107.634293,-6.977065],[107.634219,-6.977304],[107.634122,-6.977641],[107.634051,-6.9779],[107.633945,-6.978158],[107.633858,-6.978309],[107.63374,-6.97846],[107.633123,-6.979002],[107.631489,-6.980439],[107.630616,-6.981031],[107.630291,-6.981305],[107.630061,-6.981613],[107.629938,-6.981885],[107.629844,-6.982107],[107.629722,-6.982382],[107.629646,-6.982573],[107.629588,-6.982878],[107.629647,-6.983168],[107.629747,-6.983581]]}},{"type":"Feature","properties":{"name":"(river)","waterway":"river","kelas":"utama","is_citarum":false},"geometry":{"type":"LineString","coordinates":[[107.622681,-6.994606],[107.622883,-6.994555],[107.623154,-6.994555],[107.623721,-6.9947],[107.623818,-6.994705],[107.623994,-6.994622],[107.624154,-6.994436],[107.624368,-6.993963],[107.624518,-6.993239],[107.624519,-6.992928],[107.624373,-6.992775],[107.624219,-6.992809],[107.623901,-6.993133],[107.623429,-6.993623],[107.623277,-6.993695],[107.623137,-6.993703],[107.622863,-6.993584],[107.622717,-6.993397],[107.622659,-6.993198],[107.622565,-6.993049]]}},{"type":"Feature","properties":{"name":"Ci Sangkuy","waterway":"river","kelas":"utama","is_citarum":false},"geometry":{"type":"LineString","coordinates":[[107.57795,-7.034685],[107.578125,-7.034837],[107.578683,-7.035497],[107.578962,-7.035497],[107.578983,-7.035284],[107.578942,-7.034728],[107.579112,-7.034304],[107.579734,-7.033857],[107.579951,-7.034047],[107.579929,-7.034515],[107.579992,-7.034879],[107.580292,-7.035007],[107.580464,-7.034709],[107.580313,-7.034134],[107.580316,-7.033663],[107.580487,-7.033152],[107.580423,-7.032875],[107.580163,-7.032643],[107.579629,-7.032428],[107.579477,-7.032281],[107.57982,-7.032047],[107.580335,-7.031919],[107.580916,-7.032002],[107.58115,-7.032111],[107.581152,-7.032364],[107.580959,-7.032705],[107.580914,-7.032963],[107.581198,-7.033094],[107.581601,-7.033005],[107.581816,-7.032622],[107.581794,-7.032047],[107.58188,-7.031727],[107.582067,-7.031578],[107.582402,-7.030939],[107.582745,-7.030914],[107.58332,-7.031561],[107.583395,-7.031604],[107.583459,-7.031608],[107.583514,-7.031586],[107.583564,-7.031521],[107.583603,-7.031426],[107.583602,-7.03122],[107.583578,-7.031118],[107.583226,-7.030539],[107.58313,-7.030262],[107.583145,-7.0302],[107.583176,-7.030152],[107.583231,-7.030108],[107.583332,-7.03006],[107.583737,-7.029965],[107.58378,-7.029976],[107.583837,-7.030003],[107.584422,-7.030382],[107.584475,-7.030409],[107.584544,-7.030422],[107.584594,-7.03041],[107.584688,-7.030306],[107.584701,-7.03026],[107.584705,-7.030092],[107.584686,-7.029989],[107.584676,-7.029945],[107.58412,-7.028986],[107.584066,-7.028829],[107.584053,-7.028679],[107.584077,-7.028504],[107.584129,-7.028347],[107.584347,-7.027883],[107.584383,-7.027857],[107.58442,-7.027851],[107.584454,-7.027861],[107.584501,-7.027893],[107.584619,-7.028067],[107.584671,-7.028126],[107.584727,-7.028171],[107.58479,-7.028196],[107.584848,-7.028204],[107.584907,-7.028183],[107.585097,-7.028025],[107.584983,-7.027847],[107.584488,-7.027098],[107.584334,-7.026959],[107.584282,-7.026941],[107.584202,-7.026969],[107.584138,-7.027004],[107.584081,-7.027054],[107.584059,-7.027106],[107.58405,-7.027157],[107.584064,-7.027236],[107.584035,-7.027431],[107.584003,-7.027571],[107.583963,-7.027635],[107.583618,-7.028068],[107.583561,-7.028132],[107.583409,-7.028211],[107.583338,-7.028256],[107.583258,-7.028279],[107.583044,-7.028276],[107.583006,-7.028255],[107.582969,-7.028234],[107.582828,-7.027971],[107.582812,-7.027912],[107.582855,-7.027539],[107.582889,-7.027422],[107.582927,-7.027332],[107.583144,-7.026834],[107.583204,-7.026771],[107.583816,-7.026127],[107.583963,-7.025919],[107.584016,-7.025881],[107.584079,-7.025846],[107.584127,-7.025832],[107.58419,-7.025829],[107.584293,-7.025918],[107.584413,-7.026047],[107.584542,-7.026107],[107.584603,-7.026104],[107.584761,-7.026044],[107.584798,-7.026021],[107.584823,-7.025973],[107.584823,-7.025684],[107.584716,-7.025401],[107.5845,-7.025225],[107.584181,-7.025087],[107.583892,-7.025031],[107.583639,-7.024987],[107.583457,-7.024945],[107.583392,-7.024907],[107.583353,-7.024843],[107.583357,-7.0248],[107.583385,-7.024724],[107.583501,-7.024546],[107.583594,-7.024415],[107.583761,-7.024066],[107.583784,-7.024005],[107.583811,-7.023957],[107.58388,-7.02391],[107.583896,-7.023878],[107.583901,-7.023828],[107.583906,-7.02378],[107.583913,-7.023744],[107.583972,-7.023558],[107.584075,-7.023143],[107.58414,-7.022987],[107.584168,-7.022957],[107.58421,-7.022931],[107.584253,-7.022926],[107.58431,-7.022927],[107.584367,-7.022953],[107.584801,-7.023223],[107.584834,-7.023225],[107.584876,-7.023181],[107.5849,-7.023145],[107.584927,-7.023054],[107.584921,-7.023002],[107.584839,-7.022875],[107.584561,-7.022639],[107.584501,-7.022624],[107.58442,-7.022607],[107.583955,-7.022565],[107.583897,-7.022541],[107.583701,-7.022359],[107.583671,-7.022283],[107.583666,-7.022218],[107.583679,-7.022146],[107.583786,-7.021847],[107.583822,-7.021799],[107.583848,-7.021767],[107.583914,-7.021712],[107.584386,-7.021456],[107.584711,-7.021301],[107.584793,-7.02129],[107.584849,-7.021301],[107.584912,-7.02135],[107.584959,-7.021393],[107.585292,-7.021701],[107.585397,-7.021865],[107.58544,-7.021968],[107.58557,-7.022393],[107.585604,-7.02248],[107.585709,-7.022627],[107.585741,-7.022664],[107.585889,-7.022695],[107.58594,-7.022695],[107.586217,-7.022632],[107.586446,-7.022532],[107.586703,-7.022435],[107.587174,-7.022191],[107.587356,-7.02213],[107.587549,-7.022113],[107.58775,-7.022153],[107.587813,-7.022181],[107.587855,-7.022215],[107.588264,-7.022802],[107.588539,-7.023257],[107.588708,-7.023437],[107.588764,-7.02346],[107.588827,-7.023472],[107.588895,-7.023467],[107.589421,-7.023353],[107.58951,-7.02332],[107.589616,-7.023263],[107.589669,-7.023223],[107.589726,-7.023148],[107.589791,-7.023061],[107.589845,-7.022947],[107.589884,-7.022821],[107.58991,-7.02258],[107.589837,-7.021876],[107.589839,-7.021781],[107.58986,-7.021692],[107.589919,-7.021552],[107.590009,-7.021392],[107.590056,-7.021327],[107.590131,-7.021257],[107.590505,-7.020997],[107.590617,-7.020909],[107.590833,-7.020744],[107.591044,-7.020604],[107.591306,-7.02039],[107.591585,-7.020176],[107.591714,-7.020084],[107.591944,-7.019914],[107.592093,-7.019818],[107.592261,-7.019715],[107.592391,-7.019641],[107.592466,-7.019622],[107.592534,-7.019622],[107.592639,-7.019634],[107.592719,-7.019655],[107.593351,-7.019979],[107.593677,-7.020079],[107.594144,-7.020087],[107.594545,-7.020001],[107.594923,-7.019826],[107.595036,-7.019703],[107.595328,-7.019286],[107.596305,-7.01815],[107.596404,-7.018064],[107.596573,-7.017961],[107.597199,-7.017812],[107.597989,-7.01771],[107.599371,-7.017545],[107.600135,-7.017455],[107.601791,-7.017182],[107.602941,-7.017241],[107.603525,-7.017131],[107.605834,-7.016134],[107.607344,-7.014848],[107.607688,-7.014413],[107.608649,-7.012616],[107.609061,-7.012232],[107.609413,-7.011909],[107.609499,-7.011636],[107.609593,-7.011091],[107.609808,-7.010716],[107.610263,-7.010486],[107.61058,-7.010205],[107.610769,-7.009881],[107.610821,-7.00954],[107.611147,-7.008902],[107.611851,-7.008314],[107.612151,-7.00793],[107.612288,-7.00759],[107.612511,-7.006695],[107.612709,-7.006286],[107.613078,-7.005971],[107.613928,-7.005605],[107.614374,-7.005281],[107.615146,-7.004523],[107.61543,-7.004386],[107.616056,-7.004131],[107.616451,-7.003892],[107.616837,-7.003398],[107.617189,-7.002793],[107.617206,-7.002419],[107.617069,-7.001746],[107.617181,-7.001464],[107.617181,-7.001192],[107.617018,-7.000919],[107.616443,-7.000749],[107.616331,-7.000587],[107.616263,-7.000512],[107.616288,-7.0004],[107.61646,-7.000187],[107.617756,-6.999548],[107.618305,-6.999462],[107.618468,-6.999292],[107.618494,-6.999011],[107.618331,-6.998789],[107.618133,-6.998594],[107.61809,-6.998449],[107.618082,-6.99821],[107.618176,-6.997955],[107.618408,-6.997716],[107.619232,-6.997304],[107.619618,-6.997111],[107.620133,-6.997137],[107.620408,-6.997077],[107.620665,-6.996864],[107.620743,-6.996677],[107.620871,-6.99608],[107.621069,-6.995876],[107.621163,-6.995859],[107.621841,-6.99562],[107.622013,-6.995518],[107.622107,-6.995356],[107.622149,-6.99515],[107.622536,-6.993182],[107.622565,-6.993049]]}},{"type":"Feature","properties":{"name":"Ci Tarum","waterway":"river","kelas":"utama","is_citarum":false},"geometry":{"type":"LineString","coordinates":[[107.616783,-6.976303],[107.616151,-6.97564],[107.61566,-6.975502],[107.615282,-6.975558],[107.614801,-6.975763],[107.612774,-6.978106],[107.612457,-6.978335],[107.611813,-6.978484],[107.610092,-6.978452],[107.609469,-6.978596],[107.608954,-6.979128],[107.608675,-6.979826],[107.607999,-6.98055],[107.60757,-6.980821],[107.60697,-6.980965],[107.60639,-6.980891],[107.605087,-6.980134],[107.604319,-6.980001],[107.60367,-6.980172],[107.601621,-6.981844],[107.600087,-6.982909],[107.599863,-6.983034],[107.597791,-6.984192],[107.596455,-6.984548],[107.5938,-6.984495],[107.593183,-6.98466],[107.592201,-6.985049],[107.591831,-6.985379],[107.589905,-6.986205],[107.589482,-6.986199],[107.589138,-6.986018],[107.588071,-6.984863],[107.587582,-6.984682],[107.587121,-6.984719],[107.586767,-6.984996],[107.586351,-6.985742],[107.585895,-6.986561],[107.585708,-6.986777],[107.585496,-6.986907],[107.585199,-6.986986],[107.584721,-6.987112],[107.58438,-6.987051],[107.584075,-6.986971],[107.583793,-6.986782],[107.583499,-6.986503],[107.583076,-6.986002],[107.583016,-6.985957],[107.582768,-6.985768],[107.581998,-6.985688],[107.581704,-6.985772],[107.581416,-6.985936],[107.581255,-6.986102],[107.580999,-6.986367],[107.580931,-6.986482],[107.580707,-6.986864],[107.580636,-6.987373],[107.580697,-6.987655],[107.580748,-6.98789],[107.580862,-6.988133],[107.580973,-6.98837],[107.58124,-6.98887],[107.582406,-6.991056],[107.58242,-6.991675],[107.582287,-6.992165],[107.582182,-6.99232],[107.581794,-6.992889],[107.581181,-6.993273],[107.580034,-6.99356],[107.579701,-6.993933],[107.5788,-6.995488],[107.578422,-6.995761],[107.577972,-6.995869],[107.577897,-6.995865],[107.577589,-6.995851],[107.577532,-6.995846],[107.577019,-6.995703],[107.576338,-6.995255],[107.576207,-6.995098],[107.575998,-6.994846],[107.575935,-6.994567],[107.575882,-6.994327],[107.5758,-6.993808],[107.575674,-6.993014],[107.575607,-6.992587],[107.575539,-6.992155],[107.575444,-6.991886],[107.575353,-6.991627],[107.575188,-6.991374],[107.575024,-6.991122],[107.57459,-6.990736],[107.57422,-6.990585],[107.573779,-6.990406],[107.572567,-6.990227],[107.571333,-6.990323],[107.571051,-6.990503],[107.570818,-6.990653],[107.570532,-6.99119],[107.570303,-6.991622],[107.570239,-6.991899],[107.570142,-6.992314],[107.569933,-6.992435],[107.569423,-6.99273],[107.569081,-6.992721],[107.568213,-6.992698],[107.567803,-6.992687],[107.567417,-6.992485],[107.566895,-6.991571],[107.566564,-6.990991],[107.566419,-6.990738],[107.566069,-6.990404],[107.56584,-6.990184],[107.565556,-6.990215],[107.56525,-6.990248],[107.564542,-6.990515],[107.564429,-6.990569],[107.561387,-6.992027],[107.560754,-6.992048],[107.560393,-6.991902],[107.560164,-6.991595],[107.560138,-6.991468],[107.559957,-6.990569],[107.559901,-6.990038],[107.559941,-6.989536],[107.560085,-6.989274],[107.560476,-6.989003],[107.561244,-6.988561],[107.561538,-6.988161],[107.561709,-6.986702],[107.56217,-6.986383],[107.562846,-6.986085],[107.563051,-6.985677],[107.56197,-6.983593],[107.561487,-6.98332],[107.560995,-6.98333],[107.55951,-6.984178],[107.558533,-6.984232],[107.557772,-6.983763],[107.557033,-6.982096],[107.555953,-6.980133],[107.555669,-6.979748],[107.553264,-6.978659],[107.551474,-6.978026],[107.550637,-6.977171],[107.549693,-6.97518],[107.549049,-6.974445],[107.548859,-6.974341],[107.54759,-6.973646],[107.547043,-6.973039],[107.546742,-6.971964],[107.54654,-6.971804],[107.546298,-6.97166],[107.546024,-6.971548],[107.545614,-6.971447],[107.54531,-6.971402],[107.544211,-6.971524],[107.543568,-6.971506],[107.542655,-6.971346],[107.542044,-6.971035],[107.541593,-6.970632],[107.540871,-6.969701],[107.540278,-6.967906],[107.539277,-6.96517],[107.538632,-6.964235],[107.538235,-6.963753],[107.534147,-6.960648],[107.533235,-6.959951],[107.532183,-6.958939],[107.531304,-6.958055],[107.531228,-6.957331],[107.531593,-6.956628],[107.532312,-6.956128],[107.533235,-6.955925],[107.533589,-6.955116],[107.533879,-6.953156],[107.534383,-6.951271],[107.534516,-6.949152],[107.534724,-6.947656],[107.53493,-6.946904],[107.535166,-6.94647],[107.535456,-6.946127],[107.535585,-6.945621],[107.53556,-6.944989],[107.535601,-6.944319],[107.535871,-6.943337],[107.535903,-6.942685],[107.535778,-6.941335],[107.535564,-6.940256],[107.535287,-6.939673],[107.534882,-6.939122],[107.534662,-6.938957],[107.534317,-6.938781],[107.533836,-6.93864],[107.533461,-6.938568],[107.533371,-6.938615],[107.533319,-6.938675],[107.533187,-6.938984],[107.533013,-6.93933],[107.532889,-6.939524],[107.532824,-6.939737],[107.532661,-6.939844],[107.532532,-6.93991],[107.532354,-6.939889],[107.532257,-6.939908],[107.532137,-6.939927],[107.532025,-6.939916],[107.53194,-6.939894],[107.531865,-6.939868],[107.531775,-6.939864],[107.531705,-6.939868],[107.531594,-6.939818],[107.531539,-6.939691],[107.531524,-6.939585],[107.531491,-6.939475],[107.531422,-6.939365],[107.531334,-6.939306],[107.531208,-6.939278],[107.53104,-6.939152],[107.530718,-6.938914],[107.530407,-6.938747],[107.530128,-6.938641],[107.529845,-6.93854],[107.529678,-6.938397],[107.529392,-6.938028],[107.52921,-6.937937],[107.528467,-6.937636],[107.527718,-6.937367],[107.527334,-6.937256],[107.527013,-6.937189],[107.526433,-6.937131],[107.525752,-6.936943],[107.525521,-6.93688],[107.524545,-6.936497],[107.523531,-6.936129],[107.522909,-6.935836],[107.522255,-6.935512],[107.522075,-6.935466],[107.521866,-6.935469],[107.521681,-6.935496],[107.521501,-6.935546],[107.52108,-6.93581],[107.520586,-6.936092],[107.519857,-6.936465],[107.518745,-6.936846],[107.518451,-6.936947],[107.517335,-6.93728],[107.51564,-6.937759],[107.514192,-6.937769],[107.511905,-6.937779],[107.511381,-6.937642],[107.510866,-6.937354],[107.508773,-6.935573],[107.508162,-6.934894],[107.507315,-6.933951],[107.506628,-6.933312],[107.506215,-6.933003],[107.505298,-6.932689],[107.504235,-6.932484],[107.501542,-6.932306],[107.499239,-6.931937],[107.497981,-6.931134],[107.497139,-6.930282],[107.496285,-6.928706],[107.495099,-6.92696],[107.492294,-6.924606],[107.491323,-6.923572],[107.491109,-6.923434],[107.490497,-6.923317],[107.48951,-6.923301],[107.488829,-6.923439],[107.487841,-6.923623],[107.48693,-6.923913],[107.48524,-6.924498],[107.483582,-6.924467],[107.482434,-6.923964],[107.481394,-6.922422],[107.48084,-6.920885],[107.480943,-6.919973],[107.481351,-6.918939],[107.481587,-6.917981],[107.481684,-6.917459],[107.481661,-6.916977],[107.481158,-6.916522],[107.48046,-6.916266],[107.479935,-6.916309],[107.479012,-6.916554],[107.478186,-6.91682],[107.477392,-6.916756],[107.477081,-6.916479],[107.47678,-6.916181],[107.476459,-6.915297],[107.476308,-6.914945],[107.475976,-6.914637],[107.475107,-6.914562],[107.474452,-6.914676],[107.47353,-6.914967],[107.472789,-6.915478],[107.472106,-6.915862],[107.471621,-6.915964],[107.471239,-6.915927],[107.470465,-6.915566],[107.469588,-6.914344],[107.468936,-6.911844],[107.468022,-6.910789],[107.467242,-6.910586],[107.465616,-6.910604],[107.464777,-6.910919],[107.463751,-6.911085],[107.461886,-6.910715],[107.459032,-6.909419],[107.455843,-6.908808],[107.453978,-6.908586],[107.452486,-6.908308],[107.450621,-6.907715],[107.447935,-6.906382],[107.443403,-6.904475],[107.437481,-6.902782],[107.436772,-6.902747],[107.435539,-6.902984],[107.434939,-6.903202],[107.427331,-6.905967],[107.426524,-6.906396],[107.425947,-6.906702],[107.421784,-6.91028],[107.420721,-6.910842],[107.420068,-6.910898],[107.418973,-6.910685],[107.413287,-6.909087],[107.412006,-6.909292],[107.410712,-6.909812],[107.404436,-6.91764],[107.401324,-6.920982],[107.399683,-6.921272],[107.397783,-6.921173],[107.395663,-6.920616],[107.393782,-6.920122],[107.391529,-6.920101],[107.39022,-6.920761],[107.385803,-6.923444],[107.382645,-6.924927],[107.37977,-6.926256],[107.377238,-6.926839],[107.375809,-6.926623],[107.37491,-6.926555],[107.371187,-6.926256]]}},{"type":"Feature","properties":{"name":"Ci Tepus","waterway":"river","kelas":"utama","is_citarum":false},"geometry":{"type":"LineString","coordinates":[[107.599343,-6.934578],[107.599327,-6.934616],[107.599285,-6.934846],[107.599202,-6.935264],[107.599184,-6.935352],[107.599179,-6.935484],[107.599207,-6.935543],[107.599357,-6.93565],[107.599478,-6.935713],[107.599536,-6.935781],[107.59954,-6.935892],[107.59947,-6.93606],[107.599364,-6.93628],[107.59934,-6.936514],[107.599384,-6.937165],[107.599499,-6.93811],[107.599571,-6.938933],[107.599465,-6.93958],[107.599438,-6.939964],[107.599457,-6.940204],[107.599614,-6.940407],[107.599968,-6.940991],[107.600249,-6.941208],[107.600678,-6.941521],[107.601385,-6.942052],[107.6019,-6.942922],[107.601952,-6.942995],[107.602016,-6.943046],[107.602168,-6.943094],[107.602469,-6.943084],[107.602565,-6.943126],[107.602617,-6.943268],[107.60263,-6.943414],[107.602598,-6.943723],[107.602587,-6.943948],[107.602575,-6.944085],[107.602544,-6.944188],[107.602526,-6.944272],[107.602549,-6.944318],[107.602591,-6.944371],[107.602587,-6.944449],[107.602587,-6.944468],[107.602581,-6.944616],[107.60264,-6.944683],[107.602739,-6.94469],[107.602868,-6.944649],[107.603058,-6.94463],[107.603215,-6.944642],[107.603334,-6.944703],[107.603428,-6.944813],[107.603497,-6.94506],[107.603601,-6.945515],[107.603722,-6.946204],[107.603817,-6.946521],[107.603831,-6.946618],[107.603801,-6.946833],[107.603795,-6.947009],[107.60386,-6.947349],[107.603964,-6.947826],[107.604046,-6.948021],[107.604099,-6.948111],[107.60436,-6.948408],[107.604613,-6.948752],[107.604739,-6.948911],[107.604801,-6.948962],[107.604885,-6.948985],[107.604977,-6.948972],[107.605127,-6.948959],[107.605367,-6.948935],[107.605497,-6.948906],[107.605619,-6.948892],[107.605745,-6.94893],[107.605923,-6.949072],[107.606087,-6.949319],[107.606248,-6.949496],[107.606467,-6.949664],[107.606548,-6.949761],[107.606552,-6.949851],[107.60655,-6.949885],[107.606515,-6.949981],[107.606459,-6.950125],[107.60646,-6.950168],[107.606479,-6.950219],[107.606595,-6.95035],[107.606783,-6.950549],[107.606994,-6.950751],[107.607077,-6.950807],[107.60718,-6.950844],[107.607598,-6.950849],[107.607701,-6.950872],[107.607791,-6.950916],[107.608397,-6.951297],[107.608669,-6.951423],[107.608731,-6.951481],[107.608739,-6.951545],[107.608758,-6.951962],[107.608788,-6.952035],[107.608995,-6.952246],[107.609077,-6.952309],[107.609149,-6.952361],[107.609266,-6.952405],[107.609472,-6.95247],[107.609517,-6.952514],[107.609556,-6.952577],[107.60961,-6.952687],[107.60968,-6.952876],[107.609842,-6.953324],[107.609988,-6.954087],[107.610117,-6.954215],[107.610345,-6.95436],[107.610584,-6.954474],[107.610794,-6.954569],[107.610989,-6.954759],[107.611111,-6.955001],[107.611119,-6.955018],[107.611156,-6.95509],[107.611233,-6.955242],[107.611234,-6.955375],[107.61115,-6.955467],[107.610966,-6.955636],[107.610941,-6.955877],[107.610932,-6.956058],[107.610896,-6.956458],[107.610819,-6.956683],[107.610719,-6.956954],[107.609836,-6.957838],[107.609589,-6.958116],[107.609445,-6.958497],[107.609427,-6.959046],[107.609421,-6.959064],[107.609236,-6.959249],[107.608811,-6.95958],[107.608543,-6.95981],[107.608359,-6.96013],[107.608364,-6.960557],[107.608549,-6.960937],[107.609044,-6.961462],[107.60922,-6.961799],[107.609542,-6.96236],[107.609628,-6.962548],[107.609373,-6.963247],[107.609306,-6.963385],[107.60922,-6.963478],[107.609212,-6.963571],[107.609341,-6.963717],[107.609379,-6.963818],[107.60937,-6.963959],[107.609353,-6.964032],[107.609275,-6.96422],[107.60927,-6.964383],[107.609339,-6.964745],[107.609405,-6.965125],[107.609539,-6.965494],[107.609711,-6.96575],[107.609828,-6.966015],[107.609868,-6.966259],[107.609923,-6.966452],[107.610033,-6.966833],[107.610135,-6.967158],[107.610149,-6.967291],[107.610116,-6.967837],[107.610043,-6.968074],[107.609977,-6.968225],[107.609883,-6.9683],[107.609786,-6.968372],[107.609679,-6.968553],[107.609674,-6.968761],[107.609803,-6.969093],[107.610055,-6.969517],[107.610293,-6.969916],[107.61032,-6.970228],[107.610259,-6.97093],[107.610341,-6.97121],[107.610341,-6.971317],[107.610263,-6.971431],[107.609972,-6.971647],[107.60999,-6.971966],[107.609984,-6.972069],[107.609972,-6.972222],[107.60989,-6.972303],[107.60973,-6.972419],[107.609418,-6.972746],[107.608979,-6.973281],[107.608727,-6.973726],[107.608513,-6.974205],[107.608555,-6.974589],[107.608756,-6.975252],[107.608826,-6.975403],[107.608796,-6.975699],[107.608718,-6.975885],[107.608683,-6.976074],[107.608842,-6.976955],[107.608818,-6.977182],[107.608686,-6.978183],[107.608673,-6.97859],[107.608697,-6.978782],[107.608817,-6.979007],[107.608954,-6.979128]]}},{"type":"Feature","properties":{"name":"Ci Kapundung Kolot","waterway":"river","kelas":"utama","is_citarum":false},"geometry":{"type":"LineString","coordinates":[[107.63665,-6.965759],[107.636724,-6.966015],[107.63675,-6.966288],[107.636544,-6.967222]]}},{"type":"Feature","properties":{"name":"Ci Kapundung Kolot","waterway":"river","kelas":"utama","is_citarum":false},"geometry":{"type":"LineString","coordinates":[[107.636533,-6.965363],[107.636595,-6.965582]]}},{"type":"Feature","properties":{"name":"Ci Durian","waterway":"river","kelas":"utama","is_citarum":false},"geometry":{"type":"LineString","coordinates":[[107.647443,-6.906732],[107.647543,-6.907004],[107.647635,-6.90738],[107.64762,-6.907643],[107.647578,-6.907907],[107.647501,-6.908056],[107.647379,-6.908188],[107.647047,-6.908523],[107.646972,-6.908757],[107.646897,-6.90946],[107.646784,-6.91019],[107.646709,-6.911132],[107.646819,-6.911381],[107.647261,-6.911995],[107.64754,-6.912395],[107.647669,-6.912698],[107.647676,-6.913017],[107.647626,-6.913126],[107.647514,-6.913332],[107.64746,-6.913667],[107.647508,-6.914035],[107.64772,-6.914848],[107.648023,-6.915787],[107.648729,-6.9171],[107.649372,-6.918064],[107.650507,-6.919147],[107.651263,-6.919685],[107.652326,-6.920228],[107.652948,-6.920398],[107.653763,-6.920457],[107.65523,-6.920477],[107.655536,-6.920495],[107.655732,-6.920521],[107.656014,-6.920626],[107.656287,-6.920903],[107.656821,-6.922124],[107.657154,-6.92272],[107.657331,-6.922928],[107.658194,-6.923524],[107.65939,-6.924446],[107.660015,-6.924859],[107.660246,-6.925094],[107.661086,-6.926384],[107.661679,-6.927335],[107.661882,-6.927669],[107.662181,-6.928109],[107.66248,-6.928408],[107.663192,-6.928857],[107.665843,-6.93039],[107.666324,-6.930676],[107.666707,-6.931131],[107.666881,-6.931682],[107.666853,-6.932245],[107.666735,-6.932543],[107.666707,-6.932869],[107.66709,-6.933705],[107.667991,-6.935271],[107.668742,-6.936027],[107.669096,-6.936613],[107.669707,-6.938381],[107.669708,-6.938941],[107.6696,-6.941864],[107.669643,-6.942716],[107.669645,-6.942816],[107.669718,-6.943269],[107.66989,-6.943706],[107.67034,-6.944409],[107.670544,-6.944707],[107.671156,-6.946741],[107.671231,-6.947423],[107.671225,-6.94787],[107.670714,-6.950429],[107.670683,-6.950712],[107.671196,-6.951551],[107.671644,-6.952191],[107.671797,-6.952438],[107.672027,-6.953351],[107.67219,-6.95396],[107.672284,-6.954928],[107.672425,-6.95808],[107.672501,-6.958613],[107.672516,-6.959312],[107.672396,-6.960244],[107.672123,-6.961371],[107.671826,-6.962722],[107.67139,-6.964539],[107.671308,-6.965124],[107.671433,-6.965599],[107.67126,-6.967079],[107.671261,-6.967372],[107.671239,-6.968095],[107.671451,-6.96854],[107.671791,-6.969238],[107.672408,-6.97054],[107.672854,-6.971425],[107.672904,-6.971663],[107.672847,-6.972408],[107.672743,-6.974171],[107.672633,-6.975861],[107.672359,-6.976221],[107.671997,-6.976513],[107.671858,-6.976657],[107.671796,-6.976845],[107.671859,-6.978384],[107.671858,-6.97869],[107.671787,-6.978986],[107.671711,-6.979124],[107.671419,-6.979296],[107.67042,-6.979864],[107.670025,-6.980221],[107.669966,-6.98093],[107.669912,-6.981425],[107.669881,-6.981838],[107.669809,-6.982214],[107.66966,-6.982521],[107.669515,-6.982792],[107.669458,-6.982952],[107.669151,-6.984292],[107.668996,-6.985493],[107.668895,-6.986589],[107.668593,-6.988942],[107.668464,-6.989858],[107.66851,-6.990525],[107.668596,-6.991212],[107.668623,-6.991588],[107.668698,-6.992279],[107.668785,-6.993188],[107.668785,-6.993524],[107.668793,-6.994184],[107.66877,-6.994845],[107.668826,-6.99553],[107.668938,-6.996684],[107.66893,-6.997309],[107.668906,-6.997454],[107.668884,-6.997559],[107.668827,-6.997747],[107.668656,-6.998155],[107.668542,-6.998388],[107.66844,-6.998577],[107.668222,-6.99895],[107.667577,-7.000175],[107.667047,-7.001151],[107.666846,-7.001733]]}},{"type":"Feature","properties":{"name":"Ci Pamokolan","waterway":"river","kelas":"utama","is_citarum":false},"geometry":{"type":"LineString","coordinates":[[107.665449,-6.885295],[107.665404,-6.885351],[107.665332,-6.885413],[107.66524,-6.885524],[107.665176,-6.885628],[107.665144,-6.885745],[107.665093,-6.885961],[107.66501,-6.886209],[107.664935,-6.886385],[107.664849,-6.88655],[107.664825,-6.886629],[107.664841,-6.886717],[107.664927,-6.886848],[107.664991,-6.886938],[107.664991,-6.887005],[107.664951,-6.887122],[107.664876,-6.887218],[107.66476,-6.887274],[107.664661,-6.88733],[107.66457,-6.887412],[107.664495,-6.88754],[107.664433,-6.8877],[107.664337,-6.887921],[107.664205,-6.888115],[107.664093,-6.88827],[107.664001,-6.88836],[107.663832,-6.888429],[107.663661,-6.888488],[107.663551,-6.888512],[107.663449,-6.888533],[107.663304,-6.888576],[107.663154,-6.888656],[107.66299,-6.888741],[107.662869,-6.888829],[107.662713,-6.888881],[107.662474,-6.888903],[107.662397,-6.888874],[107.662336,-6.888774],[107.662269,-6.888714],[107.662108,-6.888725],[107.661957,-6.888757],[107.661791,-6.888824],[107.661649,-6.888922],[107.661534,-6.889047],[107.661475,-6.889194],[107.661475,-6.889343],[107.661467,-6.889633],[107.661477,-6.889836],[107.661485,-6.890097],[107.661459,-6.890174],[107.661408,-6.890262],[107.661362,-6.8904],[107.661316,-6.89056],[107.661249,-6.890744],[107.661217,-6.890858],[107.661139,-6.891039],[107.661064,-6.891156],[107.661,-6.891231],[107.660946,-6.891319],[107.660898,-6.891425],[107.660885,-6.891553],[107.660855,-6.891686],[107.660812,-6.891734],[107.660742,-6.891814],[107.660675,-6.891891],[107.660654,-6.891968],[107.66063,-6.892091],[107.660606,-6.892227],[107.660595,-6.892317],[107.66059,-6.892424],[107.66059,-6.892514],[107.660571,-6.892645],[107.660566,-6.892924],[107.660563,-6.893095],[107.660563,-6.893231],[107.660531,-6.893329],[107.660466,-6.89343],[107.660273,-6.893579],[107.660182,-6.893651],[107.660128,-6.893678],[107.660063,-6.893734],[107.659894,-6.893915],[107.65981,-6.893971],[107.659724,-6.894005],[107.659621,-6.894035],[107.659468,-6.894096],[107.659198,-6.894165],[107.659071,-6.894181],[107.658921,-6.894171],[107.658787,-6.894139],[107.658664,-6.894128],[107.658551,-6.894144],[107.658465,-6.894227],[107.65839,-6.894362],[107.658286,-6.894517],[107.658189,-6.894685],[107.658152,-6.894783],[107.658098,-6.894882],[107.657983,-6.894985],[107.657983,-6.895031],[107.658039,-6.895089],[107.658119,-6.895156],[107.65817,-6.895212],[107.65817,-6.895257],[107.658125,-6.895302],[107.658028,-6.895345],[107.657934,-6.89539],[107.657846,-6.895382],[107.657725,-6.895348],[107.657674,-6.89535],[107.657647,-6.89539],[107.657628,-6.895499],[107.657585,-6.895617],[107.657515,-6.895702],[107.657474,-6.895744],[107.657419,-6.895807],[107.657406,-6.895844],[107.657472,-6.895893],[107.657536,-6.895939],[107.65756,-6.895961],[107.65759,-6.896039],[107.657601,-6.89611],[107.657656,-6.896185],[107.657681,-6.896224],[107.657686,-6.896261],[107.657595,-6.896323],[107.657454,-6.896418],[107.657371,-6.896487],[107.657331,-6.896565],[107.657317,-6.896658],[107.657291,-6.896772],[107.657211,-6.896884],[107.657065,-6.897036],[107.656963,-6.89714],[107.656853,-6.897265],[107.656781,-6.897369],[107.656741,-6.897467],[107.656759,-6.897523],[107.656775,-6.897579],[107.656785,-6.897699],[107.656818,-6.897792],[107.656818,-6.897878],[107.656799,-6.89794],[107.65675,-6.898015],[107.656718,-6.898118],[107.656676,-6.898207],[107.656639,-6.898251],[107.656577,-6.898298],[107.65656,-6.898347],[107.656568,-6.898403],[107.656599,-6.898502],[107.656621,-6.898595],[107.656667,-6.898703],[107.656692,-6.898763],[107.656695,-6.898797],[107.656704,-6.898826],[107.65673,-6.898949],[107.656749,-6.899051],[107.656781,-6.899177],[107.656797,-6.899246],[107.656826,-6.899307],[107.656869,-6.89936],[107.656955,-6.899416],[107.657014,-6.899462],[107.657046,-6.899547],[107.65706,-6.899637],[107.65709,-6.899742],[107.657111,-6.899824],[107.657151,-6.899925],[107.657173,-6.899984],[107.657202,-6.900042],[107.657245,-6.900071],[107.65732,-6.900098],[107.657376,-6.900135],[107.657545,-6.900228],[107.657628,-6.900236],[107.657733,-6.900244],[107.657827,-6.900276],[107.657886,-6.900335],[107.657961,-6.900425],[107.658041,-6.900535],[107.658101,-6.90064],[107.658117,-6.900697],[107.658076,-6.90075],[107.658023,-6.900801],[107.658007,-6.900868],[107.65802,-6.900966],[107.658028,-6.901089],[107.65802,-6.901168],[107.658012,-6.901248],[107.658017,-6.901312],[107.658041,-6.901379],[107.658079,-6.90144],[107.658143,-6.901504],[107.658229,-6.901579],[107.658277,-6.901632],[107.65831,-6.901693],[107.658318,-6.901738],[107.658337,-6.901797],[107.658385,-6.901823],[107.65846,-6.901834],[107.658543,-6.901855],[107.658613,-6.901885],[107.658696,-6.901951],[107.658787,-6.902037],[107.658862,-6.902084],[107.658953,-6.902092],[107.659045,-6.902079],[107.659184,-6.90206],[107.659345,-6.902052],[107.65942,-6.902052],[107.65946,-6.902068],[107.659482,-6.902116],[107.659466,-6.902339],[107.65946,-6.902412],[107.659476,-6.902516],[107.659501,-6.90263],[107.659498,-6.902793],[107.659487,-6.902966],[107.659482,-6.903157],[107.659466,-6.903296],[107.65945,-6.903418],[107.659439,-6.903557],[107.659418,-6.903778],[107.659415,-6.903898],[107.659415,-6.90406],[107.659393,-6.904244],[107.659367,-6.904356],[107.659321,-6.904481],[107.659256,-6.904601],[107.659157,-6.904731],[107.659096,-6.90483],[107.659071,-6.904955],[107.659026,-6.905104],[107.65898,-6.905272],[107.65894,-6.905453],[107.658921,-6.905591],[107.658902,-6.905738],[107.658886,-6.905865],[107.658854,-6.905935],[107.658833,-6.906004],[107.658833,-6.906089],[107.658841,-6.906228],[107.658846,-6.906414],[107.658844,-6.906521],[107.658835,-6.906624],[107.658809,-6.906736],[107.658766,-6.906832],[107.658733,-6.906947],[107.658728,-6.907021],[107.658731,-6.907141],[107.658733,-6.907272],[107.658726,-6.907386],[107.658717,-6.907463],[107.658728,-6.907572],[107.658747,-6.907679],[107.658763,-6.907783],[107.658766,-6.907868],[107.658763,-6.907974],[107.658776,-6.908052],[107.658798,-6.908113],[107.658854,-6.908139],[107.658919,-6.908163],[107.65898,-6.908195],[107.659058,-6.908246],[107.659189,-6.908326],[107.659334,-6.908387],[107.659447,-6.908443],[107.659592,-6.90851],[107.659654,-6.90856],[107.659686,-6.908619],[107.65968,-6.908696],[107.659654,-6.90876],[107.659656,-6.908816],[107.65968,-6.908898],[107.659729,-6.908968],[107.659769,-6.909034],[107.659804,-6.909098],[107.659812,-6.909159],[107.659796,-6.909229],[107.65978,-6.909298],[107.659785,-6.909378],[107.659798,-6.909487],[107.659833,-6.909551],[107.659849,-6.909609],[107.659841,-6.909684],[107.659849,-6.90979],[107.659881,-6.909897],[107.659895,-6.909961],[107.659881,-6.910115],[107.659876,-6.910235],[107.659873,-6.91035],[107.659884,-6.910464],[107.659884,-6.910589],[107.659898,-6.910722],[107.659916,-6.910834],[107.659927,-6.910911],[107.659922,-6.910994],[107.659906,-6.911087],[107.659892,-6.91121],[107.659906,-6.911308],[107.659924,-6.911436],[107.659924,-6.911521],[107.659924,-6.911612],[107.65993,-6.911697],[107.659967,-6.91179],[107.660018,-6.911905],[107.660045,-6.912014],[107.660059,-6.912107],[107.660061,-6.912205],[107.660061,-6.912339],[107.660037,-6.91252],[107.660024,-6.912631],[107.66001,-6.912725],[107.66001,-6.91281],[107.660018,-6.912892],[107.660045,-6.91297],[107.660083,-6.913034],[107.660134,-6.913058],[107.660203,-6.913055],[107.660281,-6.913042],[107.66037,-6.913042],[107.66048,-6.913052],[107.660603,-6.913081],[107.660753,-6.913108],[107.660855,-6.91313],[107.660939,-6.913165],[107.661016,-6.913228],[107.661083,-6.91331],[107.661169,-6.913393],[107.661228,-6.913473],[107.661255,-6.913545],[107.661239,-6.913635],[107.66122,-6.913761],[107.661161,-6.914083],[107.661156,-6.914173],[107.661166,-6.914235],[107.661212,-6.914312],[107.661284,-6.914365],[107.661349,-6.914392],[107.661371,-6.914417],[107.661532,-6.914662],[107.662775,-6.91627],[107.662916,-6.916451],[107.663206,-6.91676],[107.663796,-6.917538],[107.663925,-6.917751],[107.664203,-6.918156],[107.664783,-6.918912],[107.66548,-6.919721],[107.665899,-6.919998],[107.666392,-6.920211],[107.66652,-6.920281],[107.666614,-6.920333],[107.666703,-6.920382],[107.667099,-6.920716],[107.668012,-6.921606],[107.668712,-6.92257],[107.668827,-6.922757],[107.669117,-6.923225],[107.669321,-6.923673],[107.669933,-6.925589],[107.670163,-6.926362],[107.670394,-6.926953],[107.670619,-6.927656],[107.672057,-6.931511],[107.673033,-6.93346],[107.673108,-6.933695],[107.673108,-6.933961],[107.673044,-6.934217],[107.67282,-6.934686],[107.672781,-6.934819],[107.672819,-6.934962],[107.673023,-6.935101],[107.673656,-6.935346],[107.674428,-6.935708],[107.674621,-6.935931],[107.674696,-6.936135],[107.674664,-6.936325],[107.674621,-6.936666],[107.674589,-6.937742],[107.674439,-6.938104],[107.67416,-6.938775],[107.673945,-6.939574],[107.674213,-6.94033],[107.674643,-6.940969],[107.675233,-6.941342],[107.676005,-6.941821],[107.676381,-6.942183],[107.676509,-6.942439],[107.676595,-6.942875],[107.676627,-6.94345],[107.676759,-6.944173],[107.677025,-6.945089],[107.677177,-6.945522],[107.677232,-6.945735],[107.677259,-6.946012],[107.677221,-6.946224],[107.677127,-6.946633],[107.67709,-6.946911],[107.677065,-6.947099],[107.677096,-6.947381],[107.677175,-6.947789],[107.6773,-6.948236],[107.677448,-6.948747],[107.677551,-6.94912],[107.677597,-6.949354],[107.677807,-6.950482]]}},{"type":"Feature","properties":{"name":"Ci Tarum","waterway":"river","kelas":"utama","is_citarum":false},"geometry":{"type":"LineString","coordinates":[[107.694868,-7.179795],[107.695459,-7.179949],[107.695771,-7.179724],[107.695898,-7.179485],[107.695969,-7.179163],[107.695862,-7.178932],[107.69563,-7.178519],[107.695553,-7.178154],[107.695483,-7.177897],[107.695119,-7.177565],[107.695144,-7.177438],[107.695405,-7.177226],[107.695488,-7.177104],[107.695441,-7.176876],[107.695096,-7.176378],[107.694949,-7.175972],[107.694887,-7.175688],[107.695053,-7.175542],[107.695393,-7.17544],[107.695407,-7.175296],[107.695094,-7.17458],[107.695312,-7.173951],[107.695247,-7.173445],[107.695346,-7.173193],[107.695625,-7.173042],[107.695889,-7.172827],[107.695811,-7.172385],[107.696001,-7.172209],[107.696396,-7.172205],[107.696637,-7.171792],[107.696938,-7.171651],[107.697151,-7.171708],[107.697439,-7.171599],[107.697817,-7.171278],[107.697724,-7.170819],[107.697976,-7.17054],[107.698089,-7.170128],[107.698256,-7.169819],[107.698301,-7.16894],[107.698532,-7.168686],[107.698801,-7.168692],[107.69918,-7.168381],[107.699591,-7.168203],[107.699419,-7.167676],[107.700342,-7.167067],[107.700526,-7.166404],[107.700909,-7.166087],[107.70075,-7.165605],[107.700064,-7.164617],[107.700283,-7.164108],[107.70109,-7.163982],[107.701027,-7.163235],[107.700907,-7.162298],[107.701401,-7.161664],[107.700778,-7.160611],[107.700736,-7.159122],[107.701691,-7.156967],[107.701603,-7.156605],[107.701391,-7.156358],[107.701437,-7.155613],[107.700991,-7.154894],[107.701571,-7.154093],[107.701316,-7.152689],[107.701996,-7.151495],[107.701798,-7.151045],[107.70007,-7.150427],[107.700021,-7.14914],[107.69994,-7.149003],[107.699738,-7.148838],[107.699356,-7.148737],[107.699012,-7.148614],[107.698722,-7.148399],[107.698711,-7.148236],[107.698803,-7.147968],[107.699051,-7.147493],[107.699303,-7.147037],[107.699469,-7.146861],[107.699564,-7.146714],[107.699668,-7.146488],[107.699705,-7.146185],[107.699712,-7.145839],[107.699712,-7.145537],[107.69967,-7.145281],[107.699649,-7.145084],[107.699606,-7.14488],[107.699564,-7.144677],[107.699462,-7.144521],[107.699356,-7.144322],[107.699301,-7.144117],[107.699373,-7.144003],[107.700099,-7.143263],[107.700202,-7.143102],[107.700239,-7.142983],[107.699999,-7.142388],[107.699707,-7.141814],[107.699519,-7.141535],[107.69922,-7.141275],[107.699118,-7.141251],[107.698989,-7.141208],[107.69873,-7.140982],[107.698594,-7.14082],[107.698477,-7.140551],[107.698368,-7.140328],[107.69842,-7.140237],[107.698835,-7.139181],[107.698942,-7.139021],[107.699092,-7.138856],[107.699183,-7.138777],[107.699269,-7.138704],[107.699426,-7.138595],[107.699547,-7.138461],[107.69962,-7.13824],[107.699734,-7.137891],[107.699794,-7.137743],[107.69991,-7.137618],[107.700065,-7.137497],[107.700331,-7.137457],[107.700466,-7.13746],[107.700598,-7.137462],[107.700807,-7.137457],[107.700952,-7.13743],[107.700989,-7.137308],[107.701015,-7.137155],[107.700998,-7.136955],[107.700918,-7.136765],[107.700814,-7.136607],[107.700726,-7.136425],[107.700693,-7.136358],[107.700674,-7.135677],[107.700637,-7.134329],[107.700594,-7.133402],[107.700807,-7.13166],[107.700283,-7.131337],[107.700396,-7.130705],[107.701486,-7.130199],[107.701345,-7.128471],[107.701967,-7.127011],[107.702027,-7.126869],[107.701911,-7.125578],[107.702126,-7.125036],[107.702081,-7.124777],[107.701642,-7.123794],[107.702052,-7.122852],[107.701982,-7.121743],[107.702548,-7.120731],[107.701571,-7.118673],[107.701574,-7.118294],[107.701769,-7.118089],[107.701987,-7.118153],[107.702311,-7.118165],[107.702502,-7.118172],[107.702818,-7.117946],[107.70297,-7.117669],[107.702994,-7.116646],[107.702705,-7.116373],[107.701971,-7.116389],[107.701732,-7.116295],[107.701693,-7.11622],[107.701653,-7.116142],[107.701681,-7.115824],[107.701957,-7.115537],[107.70222,-7.115396],[107.703111,-7.115481],[107.703341,-7.115361],[107.703324,-7.115144],[107.703595,-7.114848],[107.704489,-7.114353],[107.704693,-7.11424],[107.705093,-7.113977],[107.705358,-7.113711],[107.705612,-7.113076],[107.705669,-7.112931],[107.705925,-7.112481],[107.706096,-7.112181],[107.706455,-7.111755],[107.706687,-7.111336],[107.706742,-7.111236],[107.70691,-7.110602],[107.706931,-7.110522],[107.706943,-7.110179],[107.706774,-7.10965],[107.706777,-7.109396],[107.706943,-7.109243],[107.707524,-7.109053],[107.707658,-7.108847],[107.707533,-7.108633],[107.707504,-7.108135],[107.707677,-7.107965],[107.707831,-7.107919],[107.708362,-7.108183],[107.708472,-7.108106],[107.708547,-7.107911],[107.708612,-7.107099],[107.70923,-7.106234],[107.70917,-7.10525],[107.709028,-7.104771],[107.709041,-7.104539],[107.709134,-7.104376],[107.709396,-7.104108],[107.709616,-7.104023],[107.709971,-7.103751],[107.710003,-7.103417],[107.709964,-7.103218],[107.709632,-7.10285],[107.709513,-7.102659],[107.709605,-7.102468],[107.710252,-7.102229],[107.710647,-7.101964],[107.710737,-7.101622],[107.711366,-7.100935],[107.711738,-7.10081],[107.712313,-7.100749],[107.712979,-7.100807],[107.713096,-7.100621],[107.713033,-7.100489],[107.71254,-7.100181],[107.7126,-7.099962],[107.712886,-7.099614],[107.713684,-7.098852],[107.714057,-7.098753],[107.714448,-7.098848],[107.714695,-7.099107],[107.715035,-7.099053],[107.715136,-7.098834],[107.715121,-7.098546],[107.714838,-7.098121],[107.714817,-7.097977],[107.714968,-7.09782],[107.715501,-7.097816],[107.71587,-7.098034],[107.716093,-7.098545],[107.716369,-7.098637],[107.716508,-7.098345],[107.716401,-7.098042],[107.716347,-7.097473],[107.716561,-7.097236],[107.716744,-7.097225],[107.716983,-7.097414],[107.717303,-7.097771],[107.717428,-7.097791],[107.717605,-7.0976],[107.717723,-7.097156],[107.717857,-7.096788],[107.718254,-7.096376],[107.718641,-7.096203],[107.719042,-7.095723],[107.719835,-7.095616],[107.719864,-7.09554],[107.719768,-7.095234],[107.721455,-7.093592],[107.721771,-7.093528],[107.722417,-7.09369],[107.722752,-7.093647],[107.722951,-7.093379],[107.722972,-7.093168],[107.722823,-7.092938],[107.722524,-7.092964],[107.722248,-7.092913],[107.722065,-7.092799],[107.722152,-7.09258],[107.722898,-7.092168],[107.723133,-7.092224],[107.723297,-7.092391],[107.723579,-7.092396],[107.723404,-7.092013],[107.723449,-7.091813],[107.723917,-7.091579],[107.724168,-7.091342],[107.724067,-7.090861],[107.724195,-7.090728],[107.724662,-7.090706],[107.725065,-7.090523],[107.725392,-7.089977],[107.725457,-7.088968],[107.725547,-7.088838],[107.725813,-7.088865],[107.726078,-7.089195],[107.726338,-7.089319],[107.726451,-7.089248],[107.726486,-7.089067],[107.72628,-7.088404],[107.726403,-7.088111],[107.726558,-7.088055],[107.72703,-7.088117],[107.727328,-7.088002],[107.727476,-7.087765],[107.727548,-7.087387],[107.727486,-7.087209],[107.727655,-7.086964],[107.728047,-7.086945],[107.728516,-7.087246],[107.728863,-7.087619],[107.728988,-7.087643],[107.729072,-7.087494],[107.729096,-7.087201],[107.729268,-7.086951],[107.72964,-7.086679],[107.731183,-7.085939],[107.731413,-7.085583],[107.731478,-7.085106],[107.731518,-7.084805],[107.731684,-7.084611],[107.732293,-7.084193],[107.732483,-7.084002],[107.732985,-7.083733],[107.733197,-7.083679],[107.733902,-7.083797],[107.734034,-7.083765],[107.734216,-7.083592],[107.734377,-7.083264],[107.73442,-7.082924],[107.734364,-7.082468],[107.734297,-7.082125],[107.734302,-7.081963],[107.734506,-7.081593],[107.735104,-7.081231],[107.73615,-7.08106],[107.737502,-7.081004],[107.737714,-7.081135],[107.738143,-7.082048],[107.738556,-7.082173],[107.738803,-7.082154],[107.739068,-7.081907],[107.739546,-7.081412],[107.740077,-7.08116],[107.740235,-7.081156],[107.740455,-7.081269],[107.740695,-7.082289],[107.741035,-7.082632],[107.741692,-7.082852],[107.742316,-7.082955],[107.742535,-7.082954],[107.74317,-7.083555],[107.743478,-7.083504],[107.743673,-7.083321],[107.743617,-7.08262],[107.743687,-7.082211],[107.744039,-7.081276],[107.744323,-7.080792],[107.744707,-7.080476],[107.744985,-7.080411],[107.745221,-7.080475],[107.745702,-7.080292],[107.745884,-7.080203],[107.745811,-7.079812],[107.746053,-7.078741],[107.746172,-7.078533],[107.746565,-7.07813],[107.747225,-7.077696],[107.747686,-7.077517],[107.748011,-7.077302],[107.748206,-7.076637],[107.748199,-7.075992],[107.748071,-7.075257],[107.748366,-7.074734],[107.748773,-7.07414],[107.748869,-7.073709],[107.749522,-7.072932],[107.749931,-7.072255],[107.750135,-7.071896],[107.750285,-7.071604],[107.750339,-7.071097],[107.75035,-7.070536],[107.750409,-7.070086],[107.750411,-7.06982],[107.75045,-7.069682],[107.750851,-7.069286],[107.75106,-7.069011],[107.751114,-7.068617],[107.751079,-7.06831],[107.751095,-7.068095],[107.751377,-7.067432],[107.751664,-7.066865],[107.752075,-7.066037],[107.752447,-7.065917],[107.752555,-7.065832],[107.752941,-7.065427],[107.753198,-7.064927],[107.753515,-7.06465],[107.753702,-7.064456],[107.753995,-7.064338],[107.754722,-7.06432],[107.755033,-7.064298],[107.755516,-7.064373],[107.755945,-7.064245],[107.756288,-7.064096],[107.756642,-7.063585],[107.756986,-7.06318],[107.757297,-7.062957],[107.758445,-7.062776],[107.759013,-7.062797],[107.759539,-7.062616],[107.759958,-7.062563],[107.760397,-7.062254],[107.760676,-7.062073],[107.761149,-7.061658],[107.761224,-7.061509],[107.761234,-7.061275],[107.760912,-7.0607],[107.76073,-7.060125],[107.760741,-7.059944],[107.760805,-7.059826],[107.761224,-7.059795],[107.761385,-7.059678],[107.761395,-7.059539],[107.760955,-7.058858],[107.760365,-7.058346],[107.760183,-7.058155],[107.760119,-7.057825],[107.760183,-7.057548],[107.76029,-7.057399],[107.760526,-7.05725],[107.760794,-7.05725],[107.761417,-7.05726],[107.761621,-7.057165],[107.761674,-7.056984],[107.761427,-7.056334],[107.761385,-7.055514],[107.761213,-7.055014],[107.761063,-7.054066],[107.760934,-7.053715],[107.760762,-7.053523],[107.76044,-7.053342],[107.759797,-7.053246],[107.759593,-7.053055],[107.759496,-7.05282],[107.759593,-7.052086],[107.759518,-7.051436],[107.75941,-7.051127],[107.759228,-7.050968],[107.759013,-7.050946],[107.758799,-7.051],[107.758531,-7.051117],[107.757855,-7.051681],[107.757597,-7.051777],[107.757318,-7.051724],[107.756857,-7.051372],[107.75646,-7.050403],[107.756288,-7.050159],[107.756095,-7.049935],[107.755913,-7.049634],[107.755873,-7.049413],[107.756047,-7.049024],[107.756176,-7.048729],[107.756184,-7.048513],[107.755827,-7.047992],[107.755535,-7.047755],[107.75514,-7.047571],[107.754851,-7.047411],[107.754668,-7.047166],[107.754628,-7.046925],[107.754615,-7.046261],[107.754668,-7.04608],[107.754883,-7.045931],[107.755551,-7.045942],[107.755651,-7.045907],[107.755714,-7.045814],[107.755655,-7.044952],[107.755516,-7.044603],[107.755379,-7.044377],[107.755194,-7.044249],[107.754928,-7.044268],[107.754727,-7.044393],[107.754376,-7.044853],[107.754167,-7.044981],[107.754035,-7.044994],[107.753874,-7.044707],[107.75385,-7.044257],[107.753831,-7.043706],[107.75384,-7.043414],[107.753965,-7.043007],[107.754104,-7.042582],[107.754308,-7.042087],[107.754611,-7.041778],[107.754801,-7.041515],[107.754825,-7.041304],[107.754775,-7.041071],[107.754441,-7.040439],[107.753934,-7.03957],[107.753189,-7.038561],[107.752972,-7.038406],[107.752733,-7.03824],[107.752409,-7.037975],[107.752116,-7.037642],[107.751972,-7.037387],[107.751878,-7.037237],[107.751756,-7.037001],[107.751667,-7.036825],[107.751495,-7.036549],[107.751408,-7.036309],[107.751393,-7.035912],[107.751399,-7.035708],[107.751396,-7.035526],[107.751364,-7.035298],[107.751274,-7.035102],[107.750889,-7.034825],[107.75033,-7.034527],[107.7501,-7.034323],[107.750045,-7.034232],[107.750045,-7.034114],[107.750097,-7.033938],[107.750631,-7.033295],[107.75064,-7.033054],[107.750516,-7.032802],[107.749636,-7.032078],[107.749175,-7.03178],[107.748574,-7.031674],[107.747963,-7.031631],[107.747602,-7.031516],[107.747469,-7.03134],[107.747427,-7.031085],[107.74719,-7.03046],[107.746825,-7.03014],[107.746428,-7.029938],[107.746096,-7.029949],[107.745666,-7.029814],[107.745437,-7.029759],[107.745082,-7.029535],[107.744566,-7.029064],[107.744315,-7.028916],[107.744079,-7.028916],[107.743719,-7.029154],[107.743572,-7.029454],[107.743533,-7.029643],[107.743349,-7.02998],[107.743031,-7.030083],[107.742784,-7.029955],[107.742427,-7.029587],[107.741629,-7.028609],[107.741201,-7.02818],[107.740686,-7.028102],[107.740404,-7.027887],[107.740361,-7.027629],[107.740412,-7.027407]]}},{"type":"Feature","properties":{"name":"Ci Tarum","waterway":"river","kelas":"utama","is_citarum":false},"geometry":{"type":"LineString","coordinates":[[107.740412,-7.027407],[107.740564,-7.027157],[107.740736,-7.026849],[107.740936,-7.026512],[107.741035,-7.026142],[107.741004,-7.025989],[107.740894,-7.025827],[107.74055,-7.025604],[107.739967,-7.025251],[107.739592,-7.024932],[107.739344,-7.024642],[107.739164,-7.024604],[107.738696,-7.024663],[107.738141,-7.024721],[107.737545,-7.024454],[107.73673,-7.023954],[107.736311,-7.02372],[107.736086,-7.023698],[107.735904,-7.023698],[107.735528,-7.023837],[107.735034,-7.023954],[107.734332,-7.023975],[107.734058,-7.023932],[107.73386,-7.023943],[107.733591,-7.023885],[107.733356,-7.023837],[107.733076,-7.023799],[107.732814,-7.023874],[107.73247,-7.023911],[107.73212,-7.024016],[107.731494,-7.023986],[107.730667,-7.024141],[107.730069,-7.024072],[107.72956,-7.023848],[107.729451,-7.023841],[107.72869,-7.023251],[107.728135,-7.022781],[107.727835,-7.022538],[107.726711,-7.021645],[107.726482,-7.021165],[107.726859,-7.019748],[107.72673,-7.018832],[107.72576,-7.0168]]}},{"type":"Feature","properties":{"name":"Ci Tarum","waterway":"river","kelas":"utama","is_citarum":false},"geometry":{"type":"LineString","coordinates":[[107.72576,-7.0168],[107.725332,-7.015912],[107.724998,-7.015185],[107.724792,-7.014839],[107.724562,-7.014607],[107.72442,-7.01449],[107.724186,-7.014277],[107.723935,-7.013923],[107.723202,-7.012641],[107.72227,-7.010713],[107.722137,-7.010497],[107.721981,-7.010323],[107.721739,-7.010035],[107.721634,-7.009759],[107.721623,-7.009617],[107.721653,-7.009423],[107.721729,-7.008956],[107.72188,-7.008435],[107.721908,-7.00812],[107.721833,-7.007801],[107.721503,-7.007245],[107.721181,-7.006754],[107.720984,-7.006233],[107.720814,-7.005698],[107.720709,-7.005488],[107.720557,-7.005278],[107.720164,-7.004971],[107.719961,-7.004737],[107.719826,-7.004401],[107.719769,-7.004028],[107.719792,-7.003733],[107.719864,-7.003493],[107.720174,-7.002692],[107.720379,-7.002146],[107.720396,-7.001822],[107.72032,-7.001472],[107.720103,-7.001116],[107.719818,-7.000812],[107.718464,-6.999532],[107.718116,-6.99914],[107.717799,-6.998708],[107.717204,-6.997719],[107.717027,-6.997505],[107.716789,-6.997304],[107.716343,-6.997048],[107.715965,-6.996838],[107.715528,-6.996562],[107.71508,-6.99619],[107.714621,-6.995768],[107.714374,-6.995687],[107.714069,-6.995694],[107.713711,-6.99581],[107.713094,-6.99615],[107.712923,-6.996184],[107.712531,-6.996262],[107.711844,-6.996296],[107.711412,-6.996388],[107.711083,-6.996544],[107.710565,-6.996904],[107.710004,-6.996996],[107.709002,-6.997019],[107.708699,-6.997017],[107.708231,-6.996949],[107.70781,-6.996777],[107.707495,-6.996532],[107.70711,-6.995975],[107.706434,-6.994819],[107.706312,-6.994432],[107.706281,-6.99414],[107.706299,-6.993957],[107.706386,-6.993233],[107.706513,-6.992414],[107.706531,-6.9923],[107.706548,-6.991859],[107.706503,-6.991503],[107.706335,-6.991166],[107.706194,-6.990954],[107.705959,-6.990751],[107.705541,-6.990474],[107.70479,-6.990123],[107.703341,-6.989292],[107.702397,-6.988824],[107.701335,-6.988408]]}},{"type":"Feature","properties":{"name":"(river)","waterway":"river","kelas":"utama","is_citarum":false},"geometry":{"type":"LineString","coordinates":[[107.589571,-6.978833],[107.589364,-6.978918],[107.589197,-6.979095],[107.589085,-6.979204],[107.589014,-6.979348],[107.589006,-6.979473],[107.588993,-6.979586],[107.588943,-6.979837],[107.588904,-6.980073],[107.588885,-6.980291],[107.588832,-6.980768],[107.588755,-6.981204],[107.5888,-6.981552],[107.58905,-6.98192],[107.589316,-6.982129],[107.590216,-6.982657],[107.590734,-6.982925],[107.591141,-6.983091],[107.591357,-6.983218],[107.591608,-6.983497],[107.591763,-6.983726],[107.591903,-6.983944],[107.592001,-6.984208],[107.592042,-6.984312],[107.592072,-6.984584],[107.592078,-6.984821],[107.592113,-6.984901],[107.592201,-6.985049]]}},{"type":"Feature","properties":{"name":"Ci Beureum","waterway":"river","kelas":"utama","is_citarum":false},"geometry":{"type":"LineString","coordinates":[[107.562797,-6.928483],[107.562754,-6.928699],[107.562689,-6.928982],[107.562564,-6.929202],[107.562372,-6.929322],[107.562295,-6.929396],[107.562257,-6.929496],[107.56223,-6.929904],[107.56212,-6.93008],[107.562005,-6.930268],[107.561999,-6.930448],[107.562136,-6.930548],[107.562182,-6.930612],[107.562209,-6.930705],[107.562197,-6.930842],[107.562136,-6.93108],[107.562067,-6.931394],[107.562005,-6.931614],[107.561865,-6.932044],[107.561769,-6.932372],[107.561732,-6.932622],[107.561757,-6.932827],[107.5618,-6.932906],[107.561805,-6.93304],[107.561807,-6.933196],[107.561857,-6.933297],[107.561886,-6.933421],[107.561873,-6.933531],[107.561805,-6.933629],[107.5617,-6.933744],[107.561629,-6.933848],[107.561629,-6.933956],[107.56165,-6.934026],[107.561624,-6.93416],[107.561523,-6.93431],[107.561317,-6.934372],[107.561202,-6.934434],[107.560997,-6.934546],[107.560793,-6.934653],[107.560685,-6.934707],[107.560449,-6.934833],[107.560409,-6.934897],[107.560412,-6.934991],[107.560422,-6.935138],[107.560382,-6.935384],[107.560347,-6.935494],[107.560343,-6.935583],[107.56034,-6.935714],[107.560338,-6.935871],[107.560313,-6.935997],[107.560317,-6.93608],[107.56034,-6.93619],[107.560386,-6.936328],[107.560347,-6.936465],[107.56023,-6.936521],[107.560015,-6.936507],[107.559932,-6.9365],[107.559806,-6.936552],[107.559686,-6.936649],[107.559579,-6.936801],[107.559393,-6.936954],[107.559327,-6.937005],[107.559323,-6.937109],[107.55935,-6.937175],[107.559323,-6.937275],[107.559139,-6.937467],[107.559073,-6.93768],[107.559033,-6.937848],[107.558953,-6.937914],[107.558707,-6.938264],[107.558572,-6.938415],[107.558336,-6.938693],[107.55825,-6.938778],[107.558196,-6.93896],[107.558123,-6.939105],[107.557969,-6.939244],[107.55785,-6.939391],[107.557873,-6.939449],[107.557908,-6.939558],[107.557946,-6.939614],[107.557971,-6.939701],[107.557954,-6.939813],[107.557902,-6.939968],[107.557877,-6.940086],[107.557903,-6.94022],[107.557974,-6.940276],[107.558064,-6.940329],[107.558234,-6.94037],[107.558299,-6.940434],[107.558319,-6.940515],[107.55828,-6.940633],[107.55819,-6.940805],[107.557984,-6.941099],[107.557934,-6.941229],[107.557946,-6.941302],[107.557925,-6.941414],[107.557842,-6.941536],[107.55771,-6.941741],[107.557616,-6.941929],[107.55751,-6.942072],[107.557249,-6.94248],[107.557078,-6.942747],[107.556949,-6.942906],[107.556913,-6.942991],[107.55693,-6.943072],[107.557039,-6.943209],[107.557178,-6.943333],[107.557247,-6.943395],[107.557262,-6.943534],[107.557301,-6.943763],[107.557387,-6.943908],[107.557637,-6.944217],[107.557704,-6.944418],[107.557669,-6.944598],[107.557491,-6.944821],[107.557247,-6.945072],[107.557047,-6.945144],[107.556905,-6.945362],[107.556684,-6.9456],[107.556544,-6.945722],[107.556496,-6.945956],[107.556478,-6.946171],[107.556438,-6.946443],[107.556455,-6.946701],[107.55651,-6.946975],[107.55653,-6.947024],[107.556563,-6.947055],[107.556598,-6.947083],[107.556632,-6.947145],[107.556575,-6.947366],[107.556567,-6.947463],[107.556622,-6.947551],[107.556597,-6.947683],[107.556542,-6.947826],[107.556444,-6.948027],[107.556409,-6.948233],[107.55634,-6.948337],[107.556148,-6.948378],[107.556025,-6.948459],[107.555906,-6.948554],[107.555871,-6.948658],[107.555883,-6.948764],[107.555835,-6.948886],[107.55577,-6.948958],[107.55576,-6.949041],[107.555833,-6.94914],[107.555793,-6.949399],[107.555704,-6.94949],[107.555679,-6.949772],[107.555697,-6.949871],[107.555639,-6.950151],[107.555518,-6.950379],[107.555433,-6.950546],[107.555343,-6.950693],[107.555283,-6.950875],[107.555295,-6.951063],[107.555322,-6.951229],[107.555295,-6.951347],[107.55515,-6.951475],[107.555009,-6.951586],[107.55502,-6.951749],[107.555029,-6.95186],[107.554955,-6.952024],[107.554762,-6.952452],[107.554513,-6.952841],[107.554427,-6.952968],[107.554337,-6.953111],[107.554203,-6.953347],[107.554156,-6.953513],[107.554354,-6.953747],[107.554425,-6.953913],[107.554399,-6.953977],[107.554221,-6.954235],[107.554089,-6.954405],[107.553917,-6.954659],[107.553712,-6.954918],[107.553672,-6.955062],[107.553668,-6.955188],[107.553642,-6.955265],[107.553593,-6.955312],[107.553461,-6.955442],[107.553303,-6.955608],[107.553256,-6.955686],[107.553236,-6.955753],[107.553239,-6.95592],[107.553258,-6.956043],[107.553263,-6.956174],[107.553246,-6.956323],[107.553202,-6.95648],[107.55302,-6.956715],[107.552876,-6.95699],[107.552748,-6.957323],[107.552439,-6.957686],[107.552402,-6.957761],[107.552423,-6.957842],[107.552492,-6.957948],[107.552483,-6.957996],[107.552289,-6.95822],[107.551992,-6.958481],[107.551891,-6.958573],[107.551749,-6.958674],[107.551458,-6.958954],[107.551305,-6.958991],[107.551114,-6.959017],[107.550932,-6.959156],[107.550877,-6.959325],[107.550866,-6.959438],[107.550759,-6.959568],[107.550185,-6.959932],[107.550035,-6.959857],[107.549996,-6.959854],[107.54995,-6.959881],[107.549757,-6.960006],[107.549579,-6.960114],[107.549373,-6.960241],[107.549319,-6.960284],[107.549299,-6.960354],[107.549309,-6.96042],[107.549382,-6.960542],[107.549602,-6.960793],[107.549611,-6.960839],[107.549534,-6.960934],[107.549505,-6.961067],[107.549506,-6.961214],[107.549478,-6.96133],[107.549431,-6.961466],[107.549402,-6.961654],[107.549432,-6.961954],[107.549453,-6.962114],[107.549425,-6.962251],[107.549371,-6.962389],[107.549321,-6.962519],[107.549287,-6.962601],[107.549247,-6.962643],[107.54915,-6.96259],[107.549048,-6.962564],[107.54893,-6.962532],[107.548873,-6.962535],[107.548833,-6.962556],[107.548768,-6.962608],[107.548686,-6.962696],[107.548616,-6.962746],[107.548563,-6.96278],[107.548462,-6.962825],[107.548358,-6.962855],[107.548221,-6.962877],[107.548116,-6.96288],[107.548045,-6.962865],[107.548006,-6.962897],[107.547972,-6.962958],[107.547945,-6.963046],[107.547901,-6.963157],[107.547753,-6.963475],[107.547689,-6.96361],[107.547655,-6.963684],[107.547643,-6.963753],[107.54763,-6.963851],[107.547591,-6.963968],[107.547546,-6.964001],[107.547505,-6.964029],[107.547478,-6.9641],[107.547423,-6.964159],[107.547386,-6.964236],[107.54734,-6.964271],[107.547314,-6.96437],[107.547271,-6.964481],[107.547166,-6.964612],[107.547138,-6.964671],[107.547112,-6.964711],[107.547131,-6.964741],[107.547167,-6.964789],[107.547195,-6.964819],[107.547247,-6.964887],[107.547257,-6.965008],[107.547294,-6.965287],[107.547271,-6.965512],[107.547188,-6.965673],[107.547261,-6.965925],[107.547303,-6.965977],[107.54736,-6.966101],[107.547341,-6.966187],[107.547317,-6.966252],[107.547292,-6.96636],[107.547304,-6.966399],[107.547277,-6.966499],[107.547231,-6.966615],[107.5472,-6.966706],[107.547204,-6.966821],[107.547171,-6.966968],[107.547108,-6.967187],[107.54707,-6.967344],[107.547087,-6.967411],[107.547139,-6.967492],[107.547347,-6.967741],[107.547392,-6.967786],[107.547454,-6.967906],[107.54751,-6.967951],[107.547634,-6.967999],[107.547907,-6.968154],[107.548006,-6.96825],[107.548055,-6.968322],[107.548103,-6.968351],[107.548224,-6.96838],[107.548247,-6.968416],[107.548264,-6.9685],[107.548283,-6.968809],[107.548369,-6.969032],[107.548401,-6.969163],[107.548398,-6.969248],[107.548325,-6.969419],[107.548125,-6.970055],[107.547928,-6.970551],[107.547845,-6.970646],[107.547803,-6.970678],[107.547703,-6.970686],[107.547587,-6.970617],[107.547546,-6.970627],[107.547501,-6.97067],[107.547458,-6.970739],[107.54729,-6.970955],[107.547124,-6.971072],[107.546995,-6.97116],[107.546939,-6.971215],[107.54692,-6.971287],[107.546947,-6.971333],[107.546963,-6.97137],[107.546866,-6.971442],[107.546789,-6.971551],[107.546733,-6.971604],[107.54654,-6.971804]]}},{"type":"Feature","properties":{"name":"Ci Tarik","waterway":"river","kelas":"utama","is_citarum":false},"geometry":{"type":"LineString","coordinates":[[107.802714,-6.988244],[107.802657,-6.988324],[107.802605,-6.988409],[107.80251,-6.988587],[107.802384,-6.988994],[107.802335,-6.989381],[107.802373,-6.989524],[107.802454,-6.989642],[107.802687,-6.989751],[107.80271,-6.989838],[107.80267,-6.989888],[107.802192,-6.990008],[107.802067,-6.99009],[107.801966,-6.990251],[107.801967,-6.990556],[107.802049,-6.990739],[107.801879,-6.990968],[107.80188,-6.99108],[107.801989,-6.991312],[107.801894,-6.9915]]}},{"type":"Feature","properties":{"name":"Ci Kapundung","waterway":"river","kelas":"utama","is_citarum":false},"geometry":{"type":"LineString","coordinates":[[107.624806,-6.984716],[107.624829,-6.984767],[107.624887,-6.984801],[107.625171,-6.984819],[107.625298,-6.984841],[107.625446,-6.984888],[107.625609,-6.984957],[107.625829,-6.985054],[107.625928,-6.985071],[107.626008,-6.985049],[107.626072,-6.985003],[107.626394,-6.98456],[107.626457,-6.984492],[107.626533,-6.984427],[107.626724,-6.984272],[107.626778,-6.984207],[107.626999,-6.983829],[107.627094,-6.983726],[107.627194,-6.983645],[107.627318,-6.983572],[107.627562,-6.983479],[107.627709,-6.983473],[107.627861,-6.983484],[107.628003,-6.983525],[107.628271,-6.983633],[107.628388,-6.983667],[107.628526,-6.983677],[107.628907,-6.98364],[107.629124,-6.983642],[107.629652,-6.983581],[107.629747,-6.983581]]}},{"type":"Feature","properties":{"name":"Walungan Cimanuk","waterway":"river","kelas":"utama","is_citarum":false},"geometry":{"type":"LineString","coordinates":[[107.860556,-7.247616],[107.860569,-7.247498],[107.860657,-7.247264],[107.860774,-7.247145],[107.860893,-7.247024],[107.861069,-7.246893],[107.861277,-7.246866],[107.861491,-7.246959],[107.861788,-7.247024],[107.86209,-7.247019],[107.862365,-7.247062],[107.862535,-7.247204],[107.862886,-7.247335],[107.863238,-7.247427],[107.863589,-7.247362],[107.863869,-7.246986],[107.863985,-7.246599],[107.863913,-7.246201],[107.863875,-7.245989],[107.863611,-7.245842],[107.863573,-7.245624],[107.863545,-7.24545],[107.863617,-7.245319],[107.863798,-7.245297],[107.864089,-7.24551],[107.864386,-7.24582],[107.864699,-7.246278],[107.864896,-7.246512],[107.865187,-7.246534],[107.865511,-7.246327],[107.865715,-7.24594],[107.865841,-7.245673],[107.865846,-7.24545],[107.865748,-7.245352],[107.865363,-7.245161],[107.864979,-7.244981],[107.864797,-7.244725],[107.864792,-7.244491],[107.865001,-7.24424],[107.86527,-7.244142],[107.8655,-7.24412],[107.865715,-7.24424],[107.865786,-7.244584],[107.865797,-7.244905],[107.86583,-7.245194],[107.865962,-7.245412],[107.866099,-7.245651],[107.866264,-7.245875],[107.866484,-7.245984],[107.866824,-7.24594],[107.867005,-7.245722],[107.867071,-7.245553],[107.867274,-7.245183],[107.867428,-7.245117],[107.867571,-7.245183],[107.867681,-7.245433],[107.86784,-7.245657],[107.868043,-7.245728],[107.868312,-7.245662],[107.868554,-7.245461],[107.868581,-7.244981],[107.868598,-7.244676],[107.868735,-7.244649],[107.868828,-7.24472],[107.868889,-7.244829],[107.869081,-7.244943],[107.869482,-7.245047],[107.870114,-7.245068],[107.870613,-7.245025],[107.870893,-7.244943],[107.871157,-7.244703],[107.871118,-7.244393],[107.870751,-7.244039],[107.870762,-7.243984],[107.870855,-7.243805],[107.871091,-7.243848],[107.871448,-7.244006],[107.871679,-7.244262],[107.871882,-7.24454],[107.872162,-7.244774],[107.872458,-7.244856],[107.87276,-7.244861],[107.873156,-7.244709],[107.87359,-7.244524],[107.873853,-7.244278],[107.873941,-7.244028],[107.87382,-7.243674],[107.873617,-7.243516],[107.873112,-7.243183],[107.873101,-7.243042],[107.873216,-7.242851],[107.873496,-7.24278],[107.873749,-7.242857],[107.874117,-7.243031],[107.874447,-7.243118],[107.874919,-7.243151],[107.875391,-7.24302],[107.875957,-7.242818],[107.876424,-7.242595],[107.876506,-7.242415],[107.876435,-7.242072],[107.876292,-7.241871],[107.876347,-7.241718],[107.876517,-7.241685],[107.876813,-7.241783],[107.877209,-7.242083],[107.877456,-7.242404],[107.87761,-7.242666],[107.877741,-7.243183],[107.877775,-7.243625],[107.877829,-7.24399],[107.877934,-7.244273],[107.878071,-7.244431],[107.878445,-7.244469],[107.878747,-7.2443],[107.878867,-7.243973],[107.878944,-7.243532],[107.878867,-7.242895],[107.878758,-7.242165],[107.878659,-7.241745],[107.878714,-7.241407],[107.87884,-7.241146],[107.879263,-7.240814],[107.879444,-7.240705],[107.879894,-7.24054],[107.880457,-7.240551],[107.88081,-7.240737],[107.881307,-7.240912],[107.881625,-7.241202],[107.881624,-7.241308],[107.881319,-7.241553],[107.88124,-7.241704],[107.881255,-7.2419],[107.881421,-7.242166],[107.881546,-7.242297],[107.88186,-7.242349],[107.88219,-7.242279],[107.882788,-7.242083],[107.883222,-7.24181],[107.88364,-7.241538],[107.883876,-7.241407],[107.883985,-7.241386],[107.884147,-7.241436],[107.884268,-7.241626],[107.884277,-7.241838],[107.884458,-7.242028],[107.884694,-7.242143],[107.884969,-7.242159],[107.885304,-7.242039],[107.88565,-7.241783],[107.885787,-7.241761],[107.885957,-7.24186],[107.886226,-7.242028],[107.88655,-7.242137],[107.88688,-7.242257],[107.887204,-7.24217],[107.887555,-7.2418],[107.887671,-7.241451],[107.887638,-7.241211],[107.887819,-7.241064],[107.88811,-7.241053],[107.888692,-7.241206],[107.889082,-7.24132],[107.889296,-7.241266],[107.889395,-7.241059],[107.889477,-7.240748],[107.889395,-7.240367],[107.889357,-7.239784],[107.889318,-7.239359],[107.889247,-7.239152],[107.889186,-7.238847],[107.88934,-7.238749],[107.889576,-7.238781],[107.890142,-7.238912],[107.890411,-7.23883],[107.890631,-7.238629],[107.89062,-7.238351],[107.890504,-7.238084],[107.890405,-7.237643],[107.890345,-7.237272],[107.890383,-7.237049],[107.890697,-7.236864],[107.891086,-7.236788],[107.891454,-7.236733],[107.892004,-7.236673],[107.892421,-7.236586],[107.892822,-7.236455],[107.893063,-7.236357],[107.893118,-7.23609],[107.892959,-7.235752],[107.892783,-7.235404],[107.89258,-7.234984],[107.892448,-7.234423],[107.892343,-7.233719],[107.892405,-7.233419],[107.892519,-7.233316],[107.892664,-7.233295],[107.892751,-7.233234],[107.89289,-7.233132],[107.893095,-7.233024],[107.893258,-7.232872],[107.893551,-7.23255],[107.893636,-7.232401],[107.893677,-7.232313],[107.893591,-7.232149],[107.893181,-7.231943],[107.892731,-7.231653],[107.892403,-7.231497],[107.892124,-7.231243],[107.891975,-7.230968],[107.891924,-7.230663],[107.891952,-7.230531],[107.892024,-7.230181],[107.892102,-7.229734],[107.892319,-7.229703],[107.892479,-7.229547],[107.893225,-7.229317],[107.893639,-7.229453],[107.893798,-7.229448],[107.893891,-7.229399],[107.894034,-7.229257],[107.894045,-7.229099],[107.894034,-7.228832],[107.894073,-7.228647],[107.89438,-7.228042],[107.894441,-7.227633],[107.894446,-7.227219],[107.89426,-7.226429],[107.894181,-7.226037],[107.894235,-7.225856],[107.894465,-7.225529],[107.894643,-7.225363],[107.894935,-7.225186],[107.895517,-7.224947],[107.89575,-7.224789],[107.896162,-7.224457],[107.896468,-7.224222],[107.896631,-7.224022],[107.896631,-7.223949],[107.896527,-7.223803],[107.896608,-7.223336],[107.89674,-7.222812],[107.896865,-7.222593],[107.897214,-7.222262],[107.897482,-7.222084],[107.897828,-7.221915],[107.898255,-7.221797],[107.898857,-7.221695],[107.899217,-7.221603],[107.89952,-7.221236],[107.899776,-7.220806],[107.899856,-7.220533],[107.899728,-7.219929],[107.899588,-7.219494],[107.899547,-7.219365],[107.899353,-7.218922],[107.899077,-7.218493],[107.898924,-7.218303],[107.898667,-7.218025],[107.898271,-7.217722],[107.898043,-7.217569],[107.897802,-7.21743],[107.897584,-7.217357],[107.897336,-7.217338],[107.897101,-7.21732],[107.896849,-7.217401],[107.896676,-7.217493],[107.896508,-7.217652],[107.896338,-7.217829],[107.896187,-7.218136],[107.896094,-7.218559],[107.896011,-7.218739],[107.895747,-7.218817],[107.895283,-7.21868],[107.894988,-7.218531],[107.89475,-7.218505],[107.894563,-7.218173],[107.894414,-7.217685],[107.894309,-7.217431],[107.894142,-7.217242],[107.894018,-7.217034],[107.893767,-7.216703],[107.893544,-7.216267],[107.893338,-7.215885],[107.893296,-7.215575],[107.893354,-7.21521],[107.893482,-7.215027],[107.893865,-7.214626],[107.894181,-7.214272],[107.894535,-7.214025],[107.894946,-7.213744],[107.895389,-7.213451],[107.895878,-7.213166],[107.896127,-7.213027],[107.896391,-7.212827],[107.896487,-7.212728],[107.896638,-7.212468],[107.896837,-7.212252],[107.896872,-7.212087],[107.896863,-7.211925],[107.896787,-7.21171],[107.896701,-7.211409],[107.896663,-7.211274],[107.89653,-7.211066],[107.896461,-7.210947],[107.896383,-7.210673],[107.896379,-7.210504],[107.896507,-7.210365],[107.896717,-7.210284],[107.896942,-7.210269],[107.897164,-7.210315],[107.897536,-7.210377],[107.897808,-7.210415],[107.898092,-7.210469],[107.898511,-7.210488],[107.898919,-7.210496],[107.899427,-7.210481],[107.900049,-7.210434],[107.900569,-7.21035],[107.901086,-7.210269],[107.901497,-7.210107],[107.901777,-7.209953],[107.90227,-7.209745],[107.902608,-7.209568],[107.903167,-7.209276],[107.903311,-7.20915],[107.903823,-7.208982],[107.904177,-7.208836],[107.904732,-7.208639],[107.905039,-7.208481],[107.905411,-7.208319],[107.905617,-7.208181],[107.905831,-7.207938],[107.905905,-7.207719],[107.906002,-7.207306],[107.906121,-7.206719],[107.906159,-7.206417],[107.906315,-7.20598],[107.906518,-7.20562],[107.906695,-7.205287],[107.906865,-7.205021],[107.907209,-7.204745],[107.907381,-7.204611],[107.907551,-7.204477],[107.90797,-7.204256],[107.908346,-7.203926],[107.908548,-7.203488],[107.908637,-7.20315],[107.908522,-7.202556],[107.908514,-7.201959],[107.908346,-7.201661],[107.908453,-7.201262]]}},{"type":"Feature","properties":{"name":"(river)","waterway":"river","kelas":"utama","is_citarum":false},"geometry":{"type":"LineString","coordinates":[[107.748466,-6.996506],[107.747989,-6.996475],[107.747387,-6.996396],[107.746927,-6.996592],[107.746497,-6.996746],[107.74602,-6.996955],[107.745463,-6.997178],[107.744899,-6.997381],[107.744636,-6.997438],[107.74382,-6.997476],[107.742978,-6.997481],[107.74212,-6.997487],[107.741632,-6.997481],[107.741337,-6.997385],[107.741031,-6.997177],[107.740763,-6.996928],[107.740549,-6.996725],[107.740195,-6.996459],[107.739905,-6.996342],[107.739229,-6.996172],[107.738424,-6.99598],[107.737517,-6.995804],[107.736182,-6.995543],[107.734938,-6.995245],[107.734369,-6.995107],[107.7338,-6.995043],[107.732878,-6.995117],[107.731665,-6.995245],[107.731021,-6.995309],[107.730625,-6.99533],[107.730249,-6.995256],[107.729477,-6.994989],[107.728929,-6.994819],[107.7285,-6.994777],[107.72806,-6.994894],[107.72776,-6.995181],[107.727417,-6.995405],[107.727073,-6.995469],[107.726784,-6.995437],[107.726301,-6.995149],[107.725882,-6.99484],[107.72541,-6.99451],[107.724906,-6.994191],[107.724531,-6.993914],[107.724134,-6.993669],[107.723361,-6.993307],[107.72305,-6.993169],[107.722954,-6.993136],[107.722524,-6.992987],[107.722009,-6.99286],[107.721677,-6.992775],[107.721505,-6.9927],[107.721248,-6.992498],[107.720883,-6.99221],[107.7204,-6.991773],[107.720067,-6.991475],[107.719788,-6.991294],[107.719477,-6.991145],[107.719037,-6.99106],[107.718555,-6.990996],[107.718125,-6.990932],[107.717707,-6.990868],[107.717278,-6.990783],[107.716956,-6.990623],[107.716248,-6.990251],[107.715647,-6.989921],[107.714692,-6.989228],[107.713233,-6.988142],[107.712482,-6.987588],[107.711785,-6.987077],[107.711377,-6.986737],[107.710862,-6.98646],[107.710401,-6.986353],[107.709993,-6.986353],[107.709617,-6.986438],[107.708051,-6.986981],[107.706699,-6.987439],[107.706105,-6.98764]]}},{"type":"Feature","properties":{"name":"Ci Mande","waterway":"river","kelas":"utama","is_citarum":false},"geometry":{"type":"LineString","coordinates":[[107.828082,-6.947085],[107.82814,-6.94714],[107.828262,-6.947324],[107.828292,-6.947676],[107.828259,-6.94803],[107.828154,-6.948279],[107.828085,-6.948462],[107.827949,-6.948693],[107.827738,-6.948936],[107.82763,-6.949083],[107.827656,-6.949134],[107.827726,-6.949163],[107.827931,-6.949404],[107.828012,-6.949528],[107.828071,-6.949823],[107.828071,-6.949964],[107.827944,-6.950258],[107.827889,-6.950398],[107.827954,-6.950585],[107.828068,-6.950814],[107.828172,-6.951019],[107.828188,-6.951267],[107.828129,-6.951432],[107.827849,-6.951903],[107.827602,-6.952258],[107.827371,-6.952759],[107.827313,-6.952955],[107.827106,-6.953224],[107.82657,-6.953824],[107.826358,-6.954053],[107.826108,-6.954142],[107.825911,-6.954157],[107.825843,-6.954206],[107.825782,-6.954536],[107.825809,-6.95476],[107.825849,-6.954885],[107.825831,-6.955124],[107.825794,-6.955313],[107.825775,-6.955509],[107.825791,-6.95565],[107.82588,-6.955747],[107.826207,-6.95601],[107.826398,-6.956307],[107.826552,-6.95635],[107.826595,-6.956322],[107.826687,-6.956218],[107.826786,-6.956124],[107.826829,-6.956102],[107.826918,-6.956139],[107.827063,-6.956179],[107.827276,-6.956286],[107.827464,-6.956332],[107.827667,-6.956426],[107.8278,-6.956344],[107.828055,-6.95638],[107.828286,-6.956481],[107.828416,-6.956552],[107.828696,-6.956647],[107.828832,-6.956741],[107.828856,-6.956845],[107.828786,-6.956931],[107.828699,-6.957014],[107.828702,-6.957111],[107.828792,-6.957164],[107.828998,-6.957197],[107.829537,-6.957319],[107.829633,-6.957365],[107.829673,-6.957436],[107.829624,-6.957622],[107.829525,-6.957809],[107.829392,-6.957937],[107.829269,-6.957937],[107.82894,-6.95787],[107.828736,-6.957833],[107.828585,-6.957858],[107.828333,-6.957971],[107.828046,-6.958075],[107.827926,-6.958118],[107.827889,-6.958194],[107.827763,-6.958219],[107.827334,-6.958252],[107.82714,-6.958274],[107.827146,-6.958347],[107.827233,-6.958439],[107.827356,-6.958696],[107.827356,-6.95876],[107.827245,-6.958913],[107.827104,-6.959124],[107.827025,-6.959127],[107.826778,-6.959133],[107.826671,-6.959191],[107.826588,-6.959319],[107.826422,-6.959471],[107.826124,-6.959585],[107.82566,-6.959575],[107.825156,-6.959599],[107.825022,-6.959569],[107.824659,-6.959556],[107.824496,-6.959564],[107.824276,-6.959569],[107.824177,-6.9597],[107.824059,-6.959862],[107.823782,-6.959814],[107.823689,-6.959729],[107.82356,-6.959639],[107.823332,-6.959649],[107.823249,-6.959719],[107.82305,-6.9599],[107.822728,-6.960043],[107.822637,-6.960445],[107.822616,-6.9608],[107.822473,-6.960956],[107.822055,-6.961151],[107.821854,-6.961122],[107.821763,-6.960855],[107.821781,-6.960594],[107.821757,-6.960496],[107.82168,-6.960453],[107.821486,-6.960491],[107.82136,-6.960624],[107.821309,-6.960826],[107.821224,-6.960925],[107.821124,-6.960919],[107.821014,-6.960895],[107.820961,-6.960792],[107.820867,-6.960706],[107.820738,-6.960736],[107.820505,-6.960847],[107.820285,-6.961058],[107.820156,-6.961108],[107.81966,-6.960882],[107.819445,-6.960885],[107.819129,-6.960959],[107.818965,-6.961098],[107.818898,-6.961345],[107.81878,-6.961337],[107.818539,-6.961292],[107.818224,-6.961344],[107.81813,-6.961304],[107.818116,-6.961238],[107.818107,-6.961072],[107.817979,-6.960951],[107.817911,-6.960956],[107.817803,-6.961014],[107.81772,-6.961165],[107.817637,-6.961359],[107.817534,-6.961369],[107.817358,-6.961179],[107.817167,-6.960917],[107.816894,-6.960762],[107.816801,-6.960724],[107.816644,-6.960665],[107.8164,-6.960635],[107.816224,-6.960689],[107.81617,-6.960781],[107.816145,-6.960859],[107.816008,-6.960854],[107.815911,-6.960796],[107.815778,-6.960737],[107.815632,-6.960684],[107.815485,-6.960684],[107.815359,-6.960713],[107.815269,-6.960765],[107.815103,-6.96088],[107.814964,-6.960967],[107.814939,-6.961045],[107.814954,-6.961106],[107.814949,-6.961189],[107.814942,-6.961296],[107.814879,-6.961468],[107.814759,-6.961584],[107.814818,-6.96169],[107.814981,-6.961718],[107.815168,-6.961596],[107.815268,-6.961585],[107.815364,-6.961612],[107.815467,-6.961668],[107.8155,-6.961747],[107.815391,-6.961958],[107.815401,-6.962157],[107.815536,-6.962329],[107.815484,-6.962462],[107.815325,-6.962497],[107.814948,-6.962538],[107.814605,-6.96262],[107.814551,-6.962771],[107.814473,-6.963019],[107.814258,-6.963067],[107.814122,-6.963171],[107.813915,-6.963377],[107.813718,-6.963583],[107.81352,-6.963754],[107.813337,-6.96394],[107.813188,-6.963909],[107.812964,-6.963803],[107.812766,-6.963652],[107.812656,-6.963659],[107.812597,-6.963758],[107.812611,-6.963937],[107.812715,-6.964125],[107.812756,-6.964311],[107.812737,-6.964532],[107.812701,-6.964751],[107.81263,-6.964825],[107.812387,-6.964782],[107.812184,-6.964673],[107.812128,-6.964726],[107.812044,-6.964892],[107.812031,-6.965083],[107.812078,-6.965297],[107.812132,-6.965355],[107.812291,-6.965375],[107.812746,-6.965282],[107.812876,-6.965282],[107.812898,-6.965391],[107.812868,-6.96553],[107.812742,-6.965627],[107.812627,-6.965818],[107.812567,-6.965856],[107.812212,-6.965857],[107.812085,-6.965929],[107.8121,-6.966299],[107.811909,-6.966653],[107.81175,-6.966925],[107.811494,-6.967021],[107.810982,-6.967144],[107.810615,-6.967275],[107.810325,-6.967357],[107.810138,-6.967337],[107.810103,-6.967433],[107.81009,-6.967831],[107.810062,-6.968154],[107.809794,-6.968332],[107.809618,-6.968409],[107.809256,-6.9684],[107.809139,-6.96842],[107.808928,-6.968427],[107.808796,-6.968427],[107.808732,-6.968407],[107.808637,-6.968325],[107.808534,-6.968111],[107.808388,-6.967876],[107.808348,-6.967828],[107.808312,-6.967785],[107.808238,-6.96775],[107.808147,-6.967741],[107.808104,-6.967757],[107.807988,-6.96777],[107.807895,-6.967729],[107.807802,-6.967619],[107.807699,-6.967598],[107.807629,-6.967665],[107.807572,-6.967913],[107.80747,-6.968031],[107.807314,-6.968261],[107.807227,-6.968296],[107.807131,-6.968244],[107.80702,-6.968021],[107.806967,-6.967955],[107.806835,-6.96792],[107.806688,-6.967899],[107.806436,-6.967962],[107.806074,-6.967884],[107.805869,-6.96786],[107.805656,-6.967925],[107.805588,-6.968212],[107.805487,-6.968236],[107.805261,-6.96817],[107.805157,-6.96818],[107.804804,-6.968194],[107.804673,-6.96828],[107.804649,-6.968462],[107.804514,-6.96874],[107.804365,-6.968997],[107.804216,-6.968942],[107.804088,-6.968788],[107.804006,-6.968552],[107.803969,-6.96848],[107.803837,-6.968443],[107.803536,-6.96854],[107.803392,-6.968545],[107.803304,-6.96845],[107.803239,-6.968401],[107.803182,-6.968336],[107.803172,-6.968248],[107.803191,-6.968142],[107.80318,-6.968015],[107.803049,-6.967888],[107.802893,-6.967916],[107.8028,-6.96784],[107.802796,-6.967634],[107.802703,-6.967348],[107.802621,-6.967212],[107.802673,-6.967007],[107.802966,-6.967079],[107.803186,-6.96706],[107.803215,-6.9669],[107.802961,-6.966623],[107.802868,-6.966477],[107.802824,-6.966349],[107.802849,-6.966173],[107.802867,-6.966008],[107.802869,-6.96576],[107.80276,-6.96565],[107.802661,-6.96564],[107.802475,-6.965743],[107.802345,-6.965779],[107.802284,-6.965774],[107.802176,-6.965679],[107.802127,-6.965588],[107.802222,-6.96538],[107.802333,-6.965285],[107.802414,-6.965251],[107.802464,-6.965174],[107.802459,-6.96512],[107.802392,-6.965084],[107.802253,-6.965103],[107.80209,-6.96512],[107.80202,-6.96513],[107.801946,-6.965146],[107.801753,-6.965148],[107.80157,-6.965223],[107.801454,-6.965243],[107.801378,-6.965255],[107.801269,-6.965223],[107.801166,-6.965158],[107.8011,-6.965212],[107.801043,-6.965281],[107.801016,-6.965362],[107.800944,-6.965426],[107.800886,-6.965525],[107.800779,-6.965554],[107.800651,-6.965548],[107.800215,-6.965525],[107.800092,-6.965494],[107.800004,-6.965482],[107.799936,-6.965483],[107.799881,-6.965524],[107.799825,-6.965596],[107.799786,-6.965752],[107.799718,-6.965942],[107.799586,-6.966107],[107.79941,-6.966227],[107.799331,-6.966331],[107.799259,-6.966444],[107.799212,-6.966723],[107.79915,-6.966968],[107.79904,-6.967325],[107.79896,-6.967448],[107.798895,-6.967574],[107.798858,-6.967631],[107.798088,-6.968878],[107.797841,-6.968974],[107.797476,-6.969043],[107.797245,-6.969117],[107.79713,-6.969138],[107.796954,-6.969192],[107.796457,-6.969442],[107.796183,-6.969628],[107.796028,-6.969731],[107.795829,-6.969817],[107.795621,-6.969862],[107.795431,-6.969857],[107.795317,-6.969851],[107.795101,-6.969769],[107.794942,-6.969659],[107.794756,-6.96951],[107.794597,-6.969368],[107.794478,-6.96925],[107.794419,-6.969172],[107.79431,-6.969063],[107.794191,-6.968926],[107.794117,-6.968792],[107.793895,-6.968523],[107.793535,-6.968149],[107.793398,-6.968108],[107.793296,-6.968001],[107.793208,-6.967862],[107.793125,-6.967792],[107.792986,-6.96767],[107.792458,-6.967309],[107.792357,-6.967232],[107.79226,-6.967155],[107.792002,-6.966904],[107.791668,-6.966679],[107.791277,-6.966649],[107.790798,-6.966708],[107.790191,-6.966688],[107.789748,-6.966722],[107.789303,-6.966742],[107.788986,-6.966921],[107.788852,-6.967076],[107.788782,-6.9671],[107.788466,-6.967313],[107.787927,-6.967645],[107.787439,-6.968054],[107.787318,-6.968295],[107.787241,-6.968593],[107.787195,-6.968942],[107.787194,-6.969302],[107.787197,-6.969747],[107.787169,-6.969992],[107.787116,-6.97024],[107.787111,-6.970415],[107.787101,-6.97074],[107.787112,-6.970814],[107.787133,-6.970941],[107.787112,-6.97112],[107.787093,-6.971282],[107.787088,-6.971423],[107.787091,-6.971612],[107.787112,-6.971838],[107.787076,-6.972022],[107.787057,-6.972122],[107.787025,-6.972203],[107.786952,-6.972336],[107.7869,-6.972411],[107.786845,-6.972472],[107.786747,-6.972547],[107.786624,-6.972635],[107.78649,-6.972722],[107.786278,-6.972887],[107.786091,-6.973017],[107.785991,-6.97307],[107.785867,-6.973124],[107.785647,-6.973268],[107.785403,-6.973468],[107.7852,-6.973598],[107.784969,-6.973857],[107.784837,-6.974147],[107.784779,-6.974405],[107.784674,-6.974677],[107.78464,-6.974778],[107.784585,-6.9749],[107.784497,-6.975029],[107.784436,-6.97525],[107.784401,-6.97538],[107.784434,-6.975518],[107.78455,-6.975651],[107.785742,-6.976489],[107.785881,-6.976617],[107.785994,-6.976767],[107.786063,-6.976908],[107.786105,-6.97706],[107.786244,-6.977908],[107.786605,-6.980017],[107.786554,-6.980342],[107.786431,-6.980576],[107.785959,-6.98129],[107.785709,-6.981649],[107.785076,-6.98262],[107.784958,-6.982813],[107.784824,-6.982954],[107.784687,-6.98305],[107.78451,-6.983111],[107.783668,-6.983383],[107.783475,-6.983617],[107.78336,-6.983872],[107.783772,-6.989174],[107.783807,-6.989479],[107.783786,-6.989724],[107.783716,-6.990006],[107.783615,-6.990203],[107.782488,-6.992695],[107.782364,-6.992932],[107.782241,-6.99307],[107.782064,-6.993169],[107.781868,-6.993217],[107.77892,-6.993724],[107.776943,-6.99471],[107.775462,-6.995472],[107.773916,-6.995943],[107.773497,-6.996034],[107.773177,-6.995976],[107.772977,-6.995874],[107.772832,-6.995735],[107.772585,-6.995283],[107.772161,-6.994452],[107.771727,-6.993664],[107.771459,-6.993254],[107.771137,-6.992919],[107.770772,-6.992716],[107.770321,-6.992631],[107.769452,-6.992509],[107.768514,-6.992349],[107.768058,-6.992312],[107.767607,-6.992381],[107.767307,-6.992466],[107.767049,-6.992621],[107.766475,-6.993041],[107.765315,-6.994058],[107.761996,-6.996896],[107.76145,-6.99721],[107.760858,-6.997365],[107.760244,-6.997335],[107.75971,-6.997162],[107.759265,-6.996928],[107.758895,-6.996577],[107.758132,-6.995564],[107.757766,-6.995139],[107.757514,-6.994905],[107.757259,-6.99475],[107.756976,-6.994632],[107.756752,-6.994586],[107.756241,-6.994537],[107.756057,-6.994544],[107.755808,-6.994592],[107.755325,-6.994737],[107.754824,-6.994864],[107.754297,-6.994867]]}},{"type":"Feature","properties":{"name":"(river)","waterway":"river","kelas":"utama","is_citarum":false},"geometry":{"type":"LineString","coordinates":[[107.799699,-6.959212],[107.799654,-6.959207],[107.796748,-6.959085],[107.796612,-6.959088],[107.796348,-6.959079],[107.796288,-6.959081],[107.796248,-6.959128],[107.796248,-6.959221],[107.796277,-6.959669],[107.796307,-6.959757],[107.796454,-6.960063],[107.796403,-6.9603],[107.796229,-6.96035],[107.796148,-6.960329],[107.79597,-6.960355],[107.795856,-6.960284],[107.795722,-6.960308],[107.795534,-6.960201],[107.795431,-6.960203],[107.795322,-6.960297],[107.795231,-6.9603],[107.795102,-6.960228],[107.79503,-6.960214],[107.794882,-6.960563],[107.794705,-6.960992],[107.794523,-6.961072],[107.79426,-6.96116],[107.793988,-6.961185],[107.793722,-6.961254],[107.793467,-6.961316],[107.793367,-6.961322],[107.793034,-6.961282],[107.792905,-6.961296],[107.792881,-6.961352],[107.792834,-6.961386],[107.792613,-6.961343],[107.79254,-6.961314],[107.792504,-6.961278],[107.792452,-6.961123],[107.792107,-6.960927],[107.791763,-6.960784],[107.791586,-6.960683],[107.791264,-6.96072],[107.791087,-6.96088],[107.791028,-6.961151],[107.790865,-6.961702],[107.790803,-6.961838],[107.790576,-6.962059],[107.790309,-6.962355],[107.789765,-6.962904],[107.789709,-6.962966],[107.789532,-6.963171],[107.78928,-6.963408],[107.788945,-6.963747],[107.788676,-6.964043],[107.788464,-6.964221],[107.788235,-6.964425],[107.78766,-6.965031],[107.786922,-6.965784],[107.78644,-6.966225],[107.786388,-6.966332],[107.786159,-6.966572],[107.785987,-6.966754],[107.785581,-6.967191],[107.785355,-6.96742],[107.785136,-6.967558],[107.784894,-6.967658],[107.784744,-6.967701],[107.783902,-6.967941],[107.783597,-6.968036],[107.783092,-6.968175],[107.782731,-6.968268],[107.782404,-6.968362],[107.782111,-6.968437],[107.781694,-6.968423],[107.781109,-6.968372],[107.780509,-6.96815],[107.780338,-6.968107],[107.780095,-6.967877],[107.779846,-6.967784],[107.779653,-6.967773],[107.779462,-6.967748],[107.779068,-6.967718],[107.778859,-6.967697],[107.778483,-6.967699],[107.778256,-6.967723],[107.778082,-6.967778],[107.777918,-6.967835],[107.777866,-6.9679],[107.777773,-6.967949],[107.777551,-6.968038],[107.777303,-6.968145],[107.777,-6.968383],[107.776809,-6.968583],[107.776646,-6.968854],[107.776611,-6.968963],[107.776437,-6.969181],[107.776184,-6.969396],[107.775702,-6.969835],[107.77549,-6.969982],[107.775205,-6.970175],[107.77446,-6.970509],[107.773824,-6.970709],[107.773498,-6.970795],[107.773356,-6.97079],[107.773118,-6.97085],[107.772997,-6.970994],[107.772887,-6.971174],[107.772666,-6.971205],[107.772403,-6.9713],[107.772129,-6.971418],[107.771904,-6.971402],[107.771035,-6.971382],[107.770648,-6.971336],[107.770539,-6.971329],[107.770133,-6.971289],[107.769854,-6.971139],[107.769489,-6.970939],[107.769205,-6.970786],[107.768997,-6.970712],[107.768838,-6.970622],[107.768583,-6.970446],[107.76817,-6.970222],[107.767796,-6.969924],[107.767515,-6.969733],[107.767447,-6.969694],[107.767414,-6.96969],[107.767392,-6.969691],[107.767279,-6.969726],[107.767174,-6.969792],[107.766767,-6.970083],[107.766553,-6.970324],[107.766303,-6.970545],[107.766246,-6.970591],[107.76617,-6.970652],[107.765925,-6.97085],[107.765697,-6.971049],[107.765626,-6.971188],[107.765598,-6.971479],[107.765517,-6.971858],[107.765073,-6.973578],[107.765146,-6.973838],[107.76482,-6.974773],[107.764196,-6.976911],[107.763888,-6.977995],[107.763768,-6.978392],[107.763394,-6.980012],[107.763395,-6.980034],[107.763414,-6.980053],[107.763557,-6.980106]]}},{"type":"Feature","properties":{"name":"Ci Kijing","waterway":"river","kelas":"utama","is_citarum":false},"geometry":{"type":"LineString","coordinates":[[107.784793,-6.968089],[107.784817,-6.968458],[107.784788,-6.96888],[107.78474,-6.968927],[107.784609,-6.968985],[107.784426,-6.969084],[107.784368,-6.969205],[107.784584,-6.96965],[107.784778,-6.970028],[107.784859,-6.97041],[107.784808,-6.970551],[107.784748,-6.970692],[107.784687,-6.971254],[107.784783,-6.971551],[107.784686,-6.971724],[107.784668,-6.971873],[107.784644,-6.972073],[107.784441,-6.972287],[107.784328,-6.972349],[107.784224,-6.97252],[107.78406,-6.972672],[107.783995,-6.972803],[107.784024,-6.972892],[107.784027,-6.973105],[107.783859,-6.973191],[107.783541,-6.973379],[107.783376,-6.973384],[107.783315,-6.973386],[107.782964,-6.973382],[107.782701,-6.973361],[107.782069,-6.973351],[107.781916,-6.973776],[107.781468,-6.973799],[107.781305,-6.973787],[107.781237,-6.973808],[107.781188,-6.973846],[107.781144,-6.973855],[107.780991,-6.97388],[107.780942,-6.973906],[107.780923,-6.973971],[107.780886,-6.974062],[107.780841,-6.974107],[107.780739,-6.974107],[107.780616,-6.974123],[107.780498,-6.974123],[107.780339,-6.974069],[107.780219,-6.974008],[107.780096,-6.973975],[107.779911,-6.973877],[107.779798,-6.973923],[107.779685,-6.973934],[107.779465,-6.973958],[107.779359,-6.974061],[107.779414,-6.974248],[107.779492,-6.974434],[107.779487,-6.974626],[107.779521,-6.974812],[107.779555,-6.974952],[107.779639,-6.97522],[107.779694,-6.975501],[107.7798,-6.975694],[107.779835,-6.975869],[107.779838,-6.976133],[107.779816,-6.976466],[107.779816,-6.9767],[107.779792,-6.976857],[107.779685,-6.977113],[107.779677,-6.977437],[107.779642,-6.977656],[107.779562,-6.977895],[107.779567,-6.977946],[107.779599,-6.978188],[107.779575,-6.978457],[107.779457,-6.978907],[107.779342,-6.979317],[107.779237,-6.979575],[107.779209,-6.979934],[107.779176,-6.980131],[107.779055,-6.98048],[107.779044,-6.981034],[107.778951,-6.981377],[107.778835,-6.982056],[107.778706,-6.982685],[107.778624,-6.983278],[107.778549,-6.983853],[107.778411,-6.984101],[107.778304,-6.984357],[107.778105,-6.984554],[107.777848,-6.984751],[107.777374,-6.985083],[107.777117,-6.985375],[107.776962,-6.985608],[107.776993,-6.985983],[107.776891,-6.986243],[107.776786,-6.986636],[107.776655,-6.987213],[107.77658,-6.987596],[107.776435,-6.987953],[107.776333,-6.988096],[107.776242,-6.988384],[107.776083,-6.988808],[107.775793,-6.989064],[107.775561,-6.989097],[107.775319,-6.989215],[107.775096,-6.989234],[107.774799,-6.989273],[107.774672,-6.989404],[107.774575,-6.989452],[107.774477,-6.989433],[107.774334,-6.98933],[107.774216,-6.989143],[107.774114,-6.988978],[107.774034,-6.988978],[107.773717,-6.989016],[107.773465,-6.988957],[107.773342,-6.988946],[107.773116,-6.98901],[107.773013,-6.98922],[107.772735,-6.989351],[107.772573,-6.989385],[107.772433,-6.989587],[107.772256,-6.989694],[107.772086,-6.989761],[107.772011,-6.989953],[107.771979,-6.990395],[107.772026,-6.990823],[107.771897,-6.991121],[107.771695,-6.99114],[107.771603,-6.991034],[107.771216,-6.990913],[107.770933,-6.991039],[107.770396,-6.991082],[107.770143,-6.990993],[107.769731,-6.991007],[107.769499,-6.990902],[107.769485,-6.990853],[107.769569,-6.990444],[107.769506,-6.990256],[107.769238,-6.990166],[107.768905,-6.989974],[107.76861,-6.989745],[107.76846,-6.989548],[107.76839,-6.989378],[107.768422,-6.989143],[107.768369,-6.989058],[107.767843,-6.988797],[107.767757,-6.988813],[107.767686,-6.988986],[107.767612,-6.989319],[107.767423,-6.989518],[107.7673,-6.98987],[107.767133,-6.990045],[107.767052,-6.990264],[107.767007,-6.990275],[107.766959,-6.99026],[107.766848,-6.990113],[107.766658,-6.989913],[107.766532,-6.98983],[107.766368,-6.989693],[107.76619,-6.989483],[107.766025,-6.989306],[107.765845,-6.989172],[107.765749,-6.989126],[107.765574,-6.989098],[107.765319,-6.989098],[107.765145,-6.989061],[107.764977,-6.989015],[107.764863,-6.988966],[107.764701,-6.988848],[107.764571,-6.988694],[107.764431,-6.988502],[107.76442,-6.988377],[107.764431,-6.988233],[107.764437,-6.987956],[107.764292,-6.987413],[107.76404,-6.987248],[107.763965,-6.987035],[107.763873,-6.986854],[107.76377,-6.986824],[107.76353,-6.986827],[107.763466,-6.986918],[107.76346,-6.987109],[107.763416,-6.987228],[107.763266,-6.98725],[107.762675,-6.98741],[107.762452,-6.987408],[107.762178,-6.987173],[107.761867,-6.986826],[107.761681,-6.986704]]}},{"type":"Feature","properties":{"name":"(river)","waterway":"river","kelas":"utama","is_citarum":false},"geometry":{"type":"LineString","coordinates":[[107.763089,-6.937071],[107.763102,-6.937259],[107.763152,-6.937622],[107.76315,-6.937664],[107.763136,-6.937698],[107.763108,-6.937727],[107.763074,-6.937746],[107.762898,-6.937778],[107.762847,-6.937816],[107.762838,-6.937891],[107.762867,-6.938198],[107.762874,-6.938373],[107.762858,-6.938555],[107.762858,-6.938598],[107.762825,-6.938761],[107.762717,-6.938981],[107.762698,-6.93905],[107.762704,-6.939094],[107.762783,-6.939374],[107.762806,-6.939468],[107.762805,-6.939656],[107.762762,-6.939789],[107.762625,-6.940009],[107.762417,-6.940129],[107.762126,-6.940234],[107.761743,-6.940373],[107.761094,-6.940633],[107.760552,-6.940847],[107.760399,-6.940937],[107.760137,-6.941165],[107.759894,-6.941389],[107.759339,-6.941873],[107.759208,-6.94194],[107.758956,-6.942007],[107.758839,-6.942034],[107.758609,-6.942088],[107.758342,-6.942137],[107.758122,-6.942244],[107.758036,-6.942325],[107.757909,-6.942459],[107.757919,-6.942665],[107.758067,-6.942728],[107.758284,-6.942737],[107.758379,-6.942858],[107.758446,-6.943001],[107.758541,-6.943153],[107.758586,-6.943318],[107.758675,-6.943324],[107.758793,-6.943327],[107.758922,-6.943383],[107.758982,-6.943542],[107.75903,-6.94367],[107.759037,-6.943763],[107.758935,-6.943824],[107.758887,-6.94394],[107.758816,-6.944109],[107.758847,-6.944184],[107.758939,-6.944298],[107.758993,-6.944344],[107.759006,-6.944449],[107.75891,-6.944598],[107.758764,-6.94478],[107.758684,-6.944974],[107.758649,-6.94508],[107.758542,-6.945169],[107.758405,-6.945314],[107.75826,-6.94553],[107.758228,-6.945575],[107.758204,-6.945665],[107.758286,-6.945992],[107.758355,-6.946207],[107.758116,-6.946387],[107.758032,-6.946487],[107.757957,-6.946617],[107.757811,-6.946867],[107.757713,-6.947169],[107.757662,-6.947379],[107.757518,-6.947693],[107.757391,-6.947972],[107.757338,-6.948202],[107.757282,-6.948445],[107.75713,-6.948879],[107.75703,-6.949039],[107.75694,-6.949261],[107.756892,-6.949464],[107.756878,-6.9497],[107.756916,-6.949945],[107.756944,-6.95011],[107.756968,-6.950299],[107.756921,-6.950412],[107.756835,-6.950516],[107.756711,-6.950728],[107.756636,-6.950902],[107.756559,-6.951129],[107.756493,-6.95153],[107.756417,-6.951667],[107.75636,-6.951936],[107.756407,-6.952087],[107.756379,-6.952379],[107.756321,-6.952656],[107.756271,-6.952848],[107.756204,-6.953109],[107.756156,-6.9534],[107.756133,-6.953781],[107.756265,-6.954042],[107.756419,-6.954349],[107.756476,-6.954736],[107.756557,-6.954859],[107.756728,-6.954849],[107.757037,-6.954864],[107.757212,-6.954991],[107.757208,-6.955198],[107.757098,-6.955566],[107.75709,-6.955599],[107.757057,-6.955715],[107.757043,-6.9559],[107.757039,-6.955956],[107.757017,-6.956114],[107.757006,-6.956278],[107.756928,-6.956517],[107.756857,-6.95671],[107.756771,-6.957028],[107.756731,-6.957227],[107.756712,-6.957499]]}},{"type":"Feature","properties":{"name":"Ci Pamokolan","waterway":"river","kelas":"utama","is_citarum":false},"geometry":{"type":"LineString","coordinates":[[107.677807,-6.950482],[107.677973,-6.951573],[107.678143,-6.95228],[107.678,-6.953008],[107.677936,-6.953832],[107.678448,-6.955427],[107.678686,-6.95605],[107.679005,-6.957522],[107.67905,-6.958136],[107.679011,-6.958653],[107.678661,-6.960628],[107.678405,-6.961359],[107.678247,-6.961691],[107.677848,-6.962883],[107.677792,-6.963146],[107.677848,-6.963779],[107.677952,-6.964524],[107.67804,-6.965338],[107.678005,-6.966168],[107.677942,-6.967736],[107.677942,-6.968802],[107.677878,-6.970543],[107.677705,-6.975027],[107.677594,-6.976736],[107.677447,-6.979819],[107.677407,-6.980795],[107.677407,-6.982091],[107.677407,-6.984243],[107.676682,-6.988222],[107.676452,-6.989084],[107.675956,-6.990405],[107.675277,-6.991936],[107.675183,-6.992152],[107.675004,-6.992493],[107.674899,-6.992746],[107.674768,-6.993089],[107.674633,-6.993359],[107.674499,-6.993576],[107.674376,-6.99372],[107.674207,-6.993922],[107.673992,-6.994157],[107.67385,-6.994346],[107.673672,-6.994621],[107.672908,-6.995984]]}},{"type":"Feature","properties":{"name":"(river)","waterway":"river","kelas":"utama","is_citarum":false},"geometry":{"type":"LineString","coordinates":[[107.764825,-7.188492],[107.764918,-7.188507],[107.764981,-7.188479],[107.765069,-7.188436],[107.765167,-7.188464],[107.765263,-7.188457],[107.765342,-7.188464],[107.765425,-7.188478],[107.765496,-7.188459],[107.765558,-7.188474],[107.765651,-7.188476],[107.765762,-7.188529],[107.765851,-7.188601],[107.765942,-7.18871],[107.766019,-7.188831],[107.766075,-7.188871],[107.766162,-7.18889],[107.766207,-7.188887],[107.76625,-7.188895],[107.766268,-7.188925],[107.766308,-7.188986],[107.7664,-7.189116],[107.766453,-7.189203],[107.766537,-7.18932],[107.76661,-7.189434],[107.766639,-7.18954],[107.766677,-7.189614],[107.76675,-7.189681],[107.766803,-7.189723],[107.766871,-7.189772],[107.766922,-7.189903],[107.766919,-7.189966],[107.76699,-7.190155],[107.767014,-7.1902],[107.76701,-7.190262],[107.76705,-7.190307],[107.767081,-7.190316],[107.767191,-7.190307],[107.76729,-7.190249],[107.7674,-7.190171],[107.767596,-7.190071],[107.767759,-7.190023],[107.767879,-7.189981],[107.768038,-7.189957],[107.768147,-7.189907],[107.768214,-7.189879],[107.768312,-7.189865],[107.768429,-7.189885],[107.768549,-7.189952],[107.768681,-7.189967],[107.76869,-7.189966],[107.768706,-7.189962],[107.768732,-7.189955],[107.768746,-7.189946]]}},{"type":"Feature","properties":{"name":"Ci Cadas","waterway":"river","kelas":"utama","is_citarum":false},"geometry":{"type":"LineString","coordinates":[[107.65326,-6.94544],[107.65327,-6.945509],[107.653277,-6.945617],[107.653292,-6.945777],[107.653331,-6.946085],[107.653423,-6.946577],[107.653425,-6.94715],[107.653399,-6.947492],[107.653229,-6.947881],[107.652855,-6.948659],[107.652589,-6.949212],[107.652243,-6.949883],[107.651854,-6.950741],[107.651556,-6.951465],[107.651424,-6.951857],[107.651414,-6.951965],[107.651427,-6.952075],[107.651753,-6.952386],[107.651954,-6.952479],[107.652479,-6.952767],[107.652824,-6.95285],[107.653106,-6.953033],[107.653225,-6.953499],[107.653311,-6.953856],[107.653576,-6.954232],[107.653894,-6.954518],[107.654186,-6.955053],[107.654515,-6.955541],[107.654853,-6.956284],[107.654921,-6.95672],[107.654992,-6.957074],[107.655108,-6.957274],[107.655553,-6.957492],[107.656018,-6.957674],[107.656313,-6.957807],[107.656487,-6.958164],[107.656649,-6.958585],[107.656911,-6.959124],[107.65702,-6.959392],[107.657219,-6.959884],[107.657322,-6.960017],[107.657729,-6.960203],[107.658217,-6.960419],[107.658628,-6.960578],[107.6589,-6.960678],[107.659149,-6.960813],[107.65927,-6.960897],[107.65933,-6.960975],[107.659391,-6.961074],[107.659411,-6.961153],[107.659424,-6.961257],[107.659415,-6.961342],[107.659396,-6.961458],[107.659195,-6.961815],[107.659138,-6.962014],[107.659028,-6.962618],[107.659087,-6.96294],[107.659172,-6.963631],[107.659402,-6.964292],[107.65949,-6.964617],[107.659518,-6.964702],[107.659586,-6.964808],[107.660442,-6.966069],[107.660494,-6.96619],[107.660503,-6.966279],[107.660492,-6.966322],[107.660373,-6.96674],[107.660222,-6.967368],[107.660036,-6.968271],[107.660012,-6.968793],[107.659973,-6.969823],[107.659953,-6.970084],[107.659936,-6.970218],[107.659919,-6.970338],[107.659775,-6.971028],[107.659707,-6.971474],[107.659632,-6.971696],[107.659469,-6.971947],[107.659159,-6.972297],[107.658554,-6.973055],[107.658415,-6.973256],[107.658313,-6.973467],[107.658228,-6.973686],[107.658143,-6.974016],[107.658106,-6.97424],[107.658069,-6.974689],[107.657873,-6.975753],[107.6577,-6.976631],[107.657687,-6.976784],[107.657699,-6.976876],[107.657731,-6.976934],[107.657812,-6.977001],[107.657926,-6.977095],[107.658176,-6.977233],[107.658636,-6.977451],[107.658992,-6.977648],[107.659216,-6.977789],[107.659346,-6.977911],[107.659417,-6.978021],[107.659605,-6.97838],[107.659866,-6.978847],[107.660058,-6.979193],[107.66018,-6.979383],[107.660205,-6.979454],[107.660213,-6.979514],[107.660205,-6.979609],[107.660191,-6.97974],[107.660146,-6.980217],[107.660096,-6.980663],[107.660046,-6.981068],[107.660005,-6.981173],[107.659908,-6.981274],[107.659662,-6.981427],[107.658644,-6.982013],[107.658391,-6.982162],[107.658318,-6.982235],[107.658269,-6.982352],[107.65816,-6.982928],[107.658122,-6.983084],[107.658082,-6.983193],[107.657995,-6.983368],[107.657839,-6.98363],[107.657531,-6.98417],[107.657446,-6.984264],[107.657352,-6.984345],[107.657144,-6.984431],[107.656879,-6.984476],[107.65667,-6.98451],[107.656552,-6.984549],[107.656464,-6.984639],[107.656328,-6.984985],[107.656148,-6.9855],[107.656124,-6.985584],[107.656108,-6.985736],[107.65606,-6.985823],[107.65599,-6.985869],[107.655813,-6.985952],[107.655151,-6.986144],[107.654949,-6.986231],[107.654846,-6.986359],[107.654799,-6.986784],[107.654739,-6.987318],[107.654667,-6.987678],[107.654501,-6.987889],[107.654329,-6.987971],[107.653653,-6.987989],[107.653453,-6.987993],[107.653298,-6.987998],[107.653152,-6.988075],[107.653047,-6.988238],[107.652919,-6.988877],[107.652805,-6.989398],[107.652384,-6.990874],[107.652186,-6.991603],[107.652059,-6.992187],[107.65209,-6.993052],[107.652428,-6.993866],[107.652776,-6.994373],[107.652903,-6.99491],[107.652775,-6.995253],[107.65225,-6.995637],[107.651761,-6.995868],[107.65114,-6.995941],[107.650724,-6.996003],[107.650567,-6.996131],[107.650428,-6.996435],[107.65006,-6.99679],[107.64965,-6.997207],[107.649578,-6.997575],[107.649217,-6.997966],[107.648666,-6.998449],[107.648308,-6.998895],[107.648035,-6.999367],[107.647471,-7.000266],[107.647378,-7.000435],[107.647123,-7.000902],[107.646316,-7.001879],[107.645909,-7.002491],[107.645351,-7.003211],[107.643544,-7.005471],[107.643211,-7.005888],[107.642721,-7.006703]]}},{"type":"Feature","properties":{"name":"(river)","waterway":"river","kelas":"utama","is_citarum":false},"geometry":{"type":"LineString","coordinates":[[107.643255,-6.959374],[107.643255,-6.959446],[107.64326,-6.959557],[107.643297,-6.959645],[107.643367,-6.959752],[107.6434,-6.959877],[107.643405,-6.959996],[107.643381,-6.960132],[107.643348,-6.960297],[107.643313,-6.960449],[107.643249,-6.96057],[107.64315,-6.960726],[107.643088,-6.960864],[107.64311,-6.961129],[107.643134,-6.96131],[107.64314,-6.961515],[107.643022,-6.961696],[107.642817,-6.961857],[107.642691,-6.962015],[107.642715,-6.962319],[107.642719,-6.962449],[107.642581,-6.962647],[107.642318,-6.962839],[107.642255,-6.962943],[107.642261,-6.963084],[107.64235,-6.963278],[107.64246,-6.963503],[107.64254,-6.963739],[107.642548,-6.963841],[107.642424,-6.963997],[107.642418,-6.964121],[107.642498,-6.964226],[107.642725,-6.964286],[107.642797,-6.964395],[107.642782,-6.964592],[107.642677,-6.965002],[107.642581,-6.965341],[107.642503,-6.965572],[107.642469,-6.965652],[107.6424,-6.966043],[107.642316,-6.966433],[107.642214,-6.966692],[107.642105,-6.966802],[107.642059,-6.966811],[107.641979,-6.966777],[107.641885,-6.966715],[107.641768,-6.966638],[107.64159,-6.966596],[107.641469,-6.966611],[107.641347,-6.966675],[107.641252,-6.966708],[107.641169,-6.966696],[107.641119,-6.966611],[107.641075,-6.966539],[107.641055,-6.966492],[107.641006,-6.966459],[107.640939,-6.966485],[107.64091,-6.966532],[107.640864,-6.966604],[107.640843,-6.966677],[107.640774,-6.966726],[107.640717,-6.966785],[107.640716,-6.966882],[107.640749,-6.967056],[107.640768,-6.967127],[107.640731,-6.967266],[107.640709,-6.967369],[107.640728,-6.967458],[107.640671,-6.967594],[107.640636,-6.96762],[107.640586,-6.967603],[107.640412,-6.967503],[107.64034,-6.967499],[107.640246,-6.967493],[107.640203,-6.967514],[107.640195,-6.96758],[107.640243,-6.967711],[107.640348,-6.967834],[107.640364,-6.967936],[107.640314,-6.968005],[107.640235,-6.968013],[107.640056,-6.96799],[107.639975,-6.968031],[107.639412,-6.968589],[107.639317,-6.968702],[107.639289,-6.968762],[107.63924,-6.968849],[107.63911,-6.969016],[107.639077,-6.969152],[107.639053,-6.969256],[107.639077,-6.969335],[107.639224,-6.969479],[107.63927,-6.969562],[107.639249,-6.969652],[107.639116,-6.969845],[107.639048,-6.970019],[107.638967,-6.970181],[107.638845,-6.970304],[107.638773,-6.970413],[107.638698,-6.970422],[107.63856,-6.970364],[107.638481,-6.970343],[107.638383,-6.970366],[107.638306,-6.970487],[107.638257,-6.970603],[107.637986,-6.970753],[107.637829,-6.970851],[107.637713,-6.970955],[107.637666,-6.971127],[107.637724,-6.971224],[107.63775,-6.971307],[107.637692,-6.971402],[107.637566,-6.971641],[107.637482,-6.971822],[107.637482,-6.97201],[107.637491,-6.972462],[107.637517,-6.972568],[107.637631,-6.972619],[107.637837,-6.972716],[107.63817,-6.972839],[107.638408,-6.972934],[107.638411,-6.972997],[107.638315,-6.973276],[107.638079,-6.97385],[107.637998,-6.973993],[107.637991,-6.974029],[107.637978,-6.974108],[107.637969,-6.974334],[107.637948,-6.974419],[107.637916,-6.974449],[107.637882,-6.974454],[107.637784,-6.974434],[107.637669,-6.974438],[107.637647,-6.974458],[107.637648,-6.974511],[107.637737,-6.974642],[107.6378,-6.974721],[107.637811,-6.974754],[107.637785,-6.974913],[107.637643,-6.975246],[107.637562,-6.975367],[107.637512,-6.975451],[107.637498,-6.975566],[107.637537,-6.975655],[107.637586,-6.975843],[107.637614,-6.975999],[107.637616,-6.976042],[107.637567,-6.976106],[107.6375,-6.976136],[107.637439,-6.97618],[107.637411,-6.976248],[107.637415,-6.97641]]}},{"type":"Feature","properties":{"name":"(river)","waterway":"river","kelas":"utama","is_citarum":false},"geometry":{"type":"LineString","coordinates":[[107.487166,-7.07252],[107.4874,-7.072386],[107.487973,-7.071621],[107.488879,-7.071138],[107.48942,-7.070217],[107.489564,-7.068505],[107.489926,-7.067889],[107.490754,-7.067193],[107.490886,-7.066674],[107.490489,-7.066442],[107.490004,-7.06623],[107.489754,-7.066037],[107.489596,-7.065835],[107.489616,-7.065635],[107.489766,-7.065425],[107.489942,-7.065256],[107.490068,-7.065037],[107.490031,-7.064829],[107.490004,-7.064596],[107.490008,-7.064356],[107.490081,-7.064087],[107.490294,-7.063824],[107.49052,-7.063599],[107.49109,-7.063221],[107.491379,-7.063028],[107.491795,-7.06288],[107.49209,-7.062904],[107.492361,-7.062955],[107.49265,-7.062967],[107.492958,-7.062974],[107.493337,-7.062875],[107.4935,-7.062678],[107.493625,-7.062438],[107.493664,-7.0623],[107.493639,-7.062148],[107.493515,-7.062075],[107.493377,-7.062027],[107.4931,-7.061938],[107.492856,-7.061799],[107.492826,-7.061524],[107.492928,-7.061351],[107.4933,-7.061346],[107.494006,-7.061395],[107.494431,-7.061622],[107.494986,-7.061732],[107.495306,-7.061735],[107.495577,-7.061573],[107.495707,-7.061521],[107.495804,-7.061341],[107.495611,-7.061108],[107.495364,-7.060918],[107.495045,-7.060417],[107.49514,-7.060171],[107.495334,-7.059974],[107.495714,-7.059896],[107.495939,-7.059804],[107.496427,-7.059351],[107.495969,-7.057172],[107.495997,-7.056683],[107.496053,-7.056258],[107.496169,-7.056021],[107.496367,-7.055916],[107.49652,-7.055897],[107.496695,-7.055904],[107.496933,-7.056069],[107.497032,-7.056151],[107.497145,-7.056186],[107.49722,-7.056151],[107.497191,-7.055872],[107.497183,-7.055285],[107.497328,-7.054976],[107.497475,-7.054773],[107.497623,-7.054691],[107.497797,-7.054656],[107.497969,-7.054647],[107.498453,-7.054873],[107.49873,-7.0549],[107.498857,-7.054833],[107.498864,-7.05434],[107.498669,-7.053848],[107.498365,-7.053456],[107.498001,-7.053294],[107.497636,-7.053146],[107.497422,-7.05295],[107.49736,-7.052752],[107.497401,-7.052578],[107.497777,-7.052043],[107.498218,-7.051185],[107.498182,-7.0509],[107.497995,-7.050482],[107.497689,-7.050336],[107.497476,-7.050448],[107.497176,-7.050542],[107.496975,-7.050537],[107.496849,-7.05044],[107.496778,-7.050154],[107.496809,-7.049931],[107.496981,-7.049738],[107.497286,-7.049513],[107.497452,-7.049375],[107.497543,-7.049129],[107.49738,-7.048672],[107.496599,-7.047652],[107.496583,-7.04757],[107.496531,-7.047315],[107.49658,-7.047],[107.496969,-7.046642],[107.4975,-7.046066],[107.497486,-7.045504],[107.497249,-7.045107],[107.497162,-7.044962],[107.49674,-7.044515],[107.496679,-7.044211],[107.497415,-7.044085],[107.497884,-7.043456],[107.497449,-7.042515],[107.497147,-7.042247],[107.49681,-7.041972],[107.496743,-7.041688],[107.496835,-7.04138],[107.497281,-7.041057],[107.49741,-7.040793],[107.497365,-7.040589],[107.497231,-7.040439],[107.496938,-7.040254],[107.49659,-7.040168],[107.495952,-7.040031],[107.495899,-7.04002],[107.495713,-7.039986],[107.495405,-7.039751],[107.4952,-7.039315],[107.495462,-7.039062],[107.495728,-7.038689],[107.495892,-7.038197],[107.496096,-7.037551],[107.496103,-7.037309],[107.495953,-7.037087],[107.49571,-7.037095],[107.494549,-7.036814],[107.494244,-7.036428],[107.494192,-7.036317],[107.494174,-7.036027],[107.494495,-7.035475],[107.494853,-7.035244],[107.495136,-7.035171],[107.495398,-7.035254],[107.496049,-7.035781],[107.496236,-7.036071],[107.496565,-7.036189],[107.496881,-7.036227],[107.497136,-7.036216],[107.497318,-7.036098],[107.49737,-7.03585],[107.49707,-7.035501],[107.496929,-7.03522],[107.496738,-7.034467],[107.496917,-7.034202],[107.4972,-7.034166],[107.497446,-7.034221],[107.497673,-7.034555],[107.497989,-7.034833],[107.498253,-7.034883],[107.498505,-7.034833],[107.49869,-7.034594],[107.498732,-7.034299],[107.49881,-7.033231],[107.499256,-7.03307],[107.499758,-7.033273],[107.500233,-7.033723],[107.500594,-7.033866],[107.500958,-7.033919],[107.501411,-7.033807],[107.501482,-7.033625],[107.501517,-7.032859],[107.501648,-7.032318],[107.501902,-7.031974],[107.50225,-7.031814],[107.502548,-7.031861],[107.502766,-7.031927],[107.50303,-7.032177],[107.503144,-7.032483],[107.503243,-7.032577],[107.503368,-7.032509],[107.503482,-7.032124],[107.503687,-7.0319],[107.503935,-7.031707],[107.504109,-7.03169],[107.504234,-7.031761],[107.504317,-7.031774],[107.505103,-7.031721],[107.505421,-7.031384],[107.505513,-7.030857],[107.505315,-7.03066],[107.504515,-7.030632],[107.504274,-7.030351],[107.504289,-7.029655],[107.504763,-7.028883],[107.505449,-7.028229],[107.505823,-7.028026],[107.506476,-7.027569],[107.506655,-7.027548],[107.507267,-7.027681],[107.507497,-7.027471],[107.507761,-7.027052],[107.508186,-7.026781],[107.508819,-7.026431],[107.508937,-7.026284],[107.508948,-7.026078],[107.508683,-7.025938],[107.50838,-7.025756],[107.507415,-7.025321],[107.507276,-7.025258],[107.507191,-7.025155],[107.50719,-7.024924],[107.50809,-7.024239],[107.508868,-7.024148],[107.509378,-7.024611],[107.509785,-7.024673],[107.510142,-7.024422],[107.510192,-7.023909],[107.510029,-7.023059],[107.510057,-7.022595],[107.510539,-7.022412],[107.511204,-7.022848],[107.511756,-7.022967],[107.512046,-7.023108],[107.512096,-7.02367],[107.51228,-7.023789],[107.513589,-7.022975],[107.514446,-7.02263],[107.515713,-7.022813],[107.516959,-7.023115],[107.518134,-7.023733],[107.518806,-7.023832],[107.519196,-7.023522],[107.519196,-7.022806],[107.518795,-7.022131],[107.518626,-7.021622],[107.518615,-7.021007],[107.518806,-7.020572],[107.519196,-7.02048],[107.520158,-7.021218],[107.520786,-7.021361],[107.521131,-7.021161],[107.521333,-7.020687],[107.521373,-7.02018],[107.521258,-7.019637],[107.521016,-7.019181],[107.521258,-7.018953],[107.521517,-7.01889],[107.522005,-7.018901],[107.522235,-7.019295],[107.522252,-7.01978],[107.522212,-7.020328],[107.522408,-7.020682],[107.522781,-7.020802],[107.523333,-7.020802],[107.523592,-7.02063],[107.52354,-7.019181],[107.523563,-7.018525],[107.524023,-7.01812],[107.524943,-7.018028],[107.525495,-7.01792],[107.525814,-7.017723],[107.525972,-7.01744],[107.525903,-7.016955],[107.525266,-7.01657],[107.525106,-7.016232],[107.525162,-7.016052],[107.525306,-7.01597],[107.525768,-7.015771],[107.52609,-7.0158],[107.526398,-7.015637],[107.526687,-7.015154],[107.526846,-7.01465],[107.5268,-7.014199],[107.526465,-7.013987],[107.526191,-7.013792],[107.525866,-7.013504],[107.525783,-7.013278],[107.525793,-7.01297],[107.526041,-7.012316],[107.525964,-7.011689],[107.525956,-7.011622],[107.525926,-7.011386],[107.526043,-7.010872],[107.52611,-7.010579],[107.526253,-7.010428],[107.526845,-7.010343],[107.527192,-7.010319],[107.527433,-7.010259],[107.527826,-7.009951],[107.528025,-7.009715],[107.528074,-7.009375],[107.528045,-7.008992],[107.527879,-7.008678],[107.527697,-7.008365],[107.527607,-7.008055],[107.527606,-7.007476],[107.527816,-7.00725],[107.528009,-7.006978],[107.528412,-7.006327],[107.52837,-7.005804],[107.528422,-7.005622],[107.528485,-7.005577],[107.528967,-7.005409],[107.529353,-7.005373],[107.529681,-7.005234],[107.529758,-7.005092],[107.529813,-7.004892],[107.529621,-7.004025],[107.529733,-7.003679],[107.529835,-7.003248],[107.529841,-7.00307],[107.52988,-7.002927],[107.530142,-7.002791],[107.530435,-7.002556],[107.530799,-7.002449],[107.530985,-7.002483],[107.531154,-7.002471],[107.531385,-7.002467],[107.531673,-7.002298],[107.531949,-7.002187],[107.532403,-7.001957],[107.532817,-7.001757],[107.533278,-7.00163],[107.533694,-7.001485],[107.534338,-7.001371],[107.535794,-7.001188],[107.536277,-7.001036],[107.536578,-7.000799],[107.536821,-7.000251],[107.536891,-7.00012],[107.537141,-6.999987],[107.53735,-6.999718],[107.537342,-6.999363],[107.537532,-6.998661],[107.537797,-6.998436],[107.538111,-6.998135],[107.53831,-6.997751],[107.538518,-6.997205],[107.538626,-6.997018],[107.538785,-6.996742],[107.539029,-6.996429],[107.539656,-6.995756],[107.54051,-6.995256],[107.541352,-6.994911],[107.541851,-6.994718],[107.542319,-6.99438],[107.542658,-6.994101],[107.54298,-6.993768],[107.543305,-6.993406],[107.543465,-6.992985],[107.543691,-6.992787],[107.543857,-6.992583],[107.543934,-6.992344],[107.543848,-6.992089],[107.543754,-6.991895],[107.543689,-6.99187],[107.543558,-6.991931],[107.54347,-6.99196],[107.543396,-6.99195],[107.543211,-6.991834],[107.543167,-6.991614],[107.543197,-6.991485],[107.543333,-6.991403],[107.543409,-6.991311],[107.543427,-6.991184],[107.543519,-6.991047],[107.543676,-6.990886],[107.543868,-6.990549],[107.54395,-6.99037],[107.543955,-6.990218],[107.544038,-6.990066],[107.544204,-6.989922],[107.544392,-6.989809],[107.544536,-6.989782],[107.544804,-6.989928],[107.545043,-6.990089],[107.545136,-6.990058],[107.545216,-6.989942],[107.545117,-6.989319],[107.545164,-6.989189],[107.545466,-6.989072],[107.545716,-6.989051],[107.545997,-6.989072],[107.546286,-6.989029],[107.546679,-6.988747],[107.546841,-6.988623],[107.547012,-6.988553],[107.547199,-6.988518],[107.547418,-6.988567],[107.547632,-6.988648],[107.547826,-6.988641],[107.548194,-6.988601],[107.548496,-6.988465],[107.548701,-6.988227],[107.548992,-6.987616],[107.549147,-6.987208],[107.549196,-6.987049],[107.549222,-6.986851],[107.549237,-6.986689],[107.549271,-6.986539],[107.549259,-6.986303],[107.549215,-6.986139],[107.549128,-6.985989],[107.549128,-6.985828],[107.54917,-6.985665],[107.54935,-6.985487],[107.549556,-6.985436],[107.54974,-6.985457],[107.549861,-6.985511],[107.549931,-6.98558],[107.549994,-6.985703],[107.550013,-6.985826],[107.550019,-6.986019],[107.549992,-6.986234],[107.549908,-6.986371],[107.549885,-6.986504],[107.549883,-6.986601],[107.549877,-6.986832],[107.549865,-6.987133],[107.549881,-6.98736],[107.550014,-6.987591],[107.550117,-6.987629],[107.550218,-6.987607],[107.550557,-6.98726],[107.550675,-6.987038],[107.550747,-6.986809],[107.550914,-6.986037],[107.55113,-6.985324],[107.551092,-6.985142],[107.550845,-6.984878],[107.550668,-6.984745],[107.550505,-6.984667],[107.550382,-6.984608],[107.550209,-6.984549],[107.550066,-6.98453],[107.549914,-6.984469],[107.549743,-6.984414],[107.549602,-6.984395],[107.549424,-6.984471],[107.549265,-6.984527],[107.549064,-6.984642],[107.548852,-6.984662],[107.548713,-6.984607],[107.548616,-6.984446],[107.548514,-6.984127],[107.54848,-6.983843],[107.54849,-6.983612],[107.548507,-6.983465],[107.548717,-6.983227],[107.548906,-6.983181],[107.549199,-6.983112],[107.549656,-6.982968]]}},{"type":"Feature","properties":{"name":"(river)","waterway":"river","kelas":"utama","is_citarum":false},"geometry":{"type":"LineString","coordinates":[[107.549656,-6.982968],[107.550057,-6.982876],[107.550303,-6.982807],[107.550602,-6.982695],[107.550815,-6.982467],[107.550895,-6.982219],[107.550837,-6.98193],[107.55074,-6.981734],[107.55054,-6.981533],[107.550485,-6.981399],[107.550579,-6.981249],[107.55077,-6.981201],[107.550918,-6.981236],[107.551305,-6.981533],[107.551507,-6.98169],[107.551736,-6.981716],[107.552342,-6.982091],[107.552571,-6.982135],[107.552746,-6.981978],[107.552667,-6.98176],[107.552405,-6.981096],[107.552204,-6.980406],[107.552081,-6.979892],[107.551934,-6.979334],[107.551596,-6.978334],[107.551474,-6.978026]]}},{"type":"Feature","properties":{"name":"Ci Tarik","waterway":"river","kelas":"utama","is_citarum":false},"geometry":{"type":"LineString","coordinates":[[107.892178,-6.959358],[107.892057,-6.959521],[107.891927,-6.959868],[107.891894,-6.960054],[107.891849,-6.960155],[107.89191,-6.960522],[107.891898,-6.960675],[107.89179,-6.960793],[107.891479,-6.961288],[107.891599,-6.961488],[107.891737,-6.961622],[107.891702,-6.961717],[107.891525,-6.961731],[107.891096,-6.961713],[107.890817,-6.96191],[107.890689,-6.96231],[107.890774,-6.962476],[107.891028,-6.962795],[107.891081,-6.962871],[107.891077,-6.962966],[107.890915,-6.963067],[107.890599,-6.963148],[107.890461,-6.963123],[107.890291,-6.962954],[107.890169,-6.962964],[107.890097,-6.963063],[107.890017,-6.963321],[107.889979,-6.963762],[107.88985,-6.963927],[107.889604,-6.963942],[107.88948,-6.963863],[107.889425,-6.963719],[107.889206,-6.963569],[107.889071,-6.963511],[107.888969,-6.963523],[107.888852,-6.96359],[107.888753,-6.963554],[107.888642,-6.963407],[107.888433,-6.963284],[107.88818,-6.963346],[107.887974,-6.963495],[107.887817,-6.963407],[107.887576,-6.963092],[107.88737,-6.962969],[107.887186,-6.96296],[107.886916,-6.963034],[107.886564,-6.963131],[107.886224,-6.963296],[107.885955,-6.963306],[107.885782,-6.963219],[107.885739,-6.963015],[107.885697,-6.962758],[107.885564,-6.962588],[107.885387,-6.962385],[107.885033,-6.962314],[107.884849,-6.96256],[107.884736,-6.963003],[107.884467,-6.963298],[107.884028,-6.963368],[107.88366,-6.963186],[107.883376,-6.962947],[107.883192,-6.962637],[107.88316,-6.962421],[107.883066,-6.962226],[107.882729,-6.962156],[107.882498,-6.962318],[107.882388,-6.962651],[107.8823,-6.963024],[107.882031,-6.96301],[107.881798,-6.962891],[107.881494,-6.962448],[107.880994,-6.961419],[107.880452,-6.961196],[107.880092,-6.961048],[107.87956,-6.961048],[107.879254,-6.961386],[107.879215,-6.961755],[107.879038,-6.962233],[107.879091,-6.96236],[107.879339,-6.96244],[107.879459,-6.962507],[107.879508,-6.962707],[107.879413,-6.96308],[107.87919,-6.963305],[107.878988,-6.963322],[107.878634,-6.963122],[107.878439,-6.962799],[107.878302,-6.962707],[107.878128,-6.96282],[107.877958,-6.963055],[107.87776,-6.963136],[107.877622,-6.963062],[107.877512,-6.962887],[107.877339,-6.962883],[107.87719,-6.963119],[107.876946,-6.963189],[107.87655,-6.963024],[107.876351,-6.962813],[107.876235,-6.962606],[107.876235,-6.962293],[107.876097,-6.962156],[107.875863,-6.962096],[107.875555,-6.962307],[107.875389,-6.96262],[107.875162,-6.962855],[107.875006,-6.962834],[107.874801,-6.962599],[107.874667,-6.962465],[107.874557,-6.962412],[107.874221,-6.962497],[107.874065,-6.962602],[107.874136,-6.962862],[107.874072,-6.96328],[107.873934,-6.963537],[107.873718,-6.963607],[107.873488,-6.963533],[107.873325,-6.963262],[107.873049,-6.96289],[107.872894,-6.962655],[107.872678,-6.96257],[107.872455,-6.962732],[107.8722,-6.962785],[107.872069,-6.962827],[107.871835,-6.962704],[107.871386,-6.962672],[107.870997,-6.962627],[107.870654,-6.962752],[107.870464,-6.962899],[107.870323,-6.963033],[107.8701,-6.963117],[107.86981,-6.96303],[107.869505,-6.962777],[107.869225,-6.962639],[107.869095,-6.962611],[107.868819,-6.962696],[107.868426,-6.962819],[107.868316,-6.962935],[107.868263,-6.963121],[107.868274,-6.963419],[107.868348,-6.96356],[107.86839,-6.963897],[107.868334,-6.964133],[107.868157,-6.964428],[107.867955,-6.964628],[107.867522,-6.964789],[107.867375,-6.964877],[107.867273,-6.965045],[107.866935,-6.965436],[107.866782,-6.965609],[107.866519,-6.965692],[107.866308,-6.965718],[107.866021,-6.96558],[107.865873,-6.965394],[107.865605,-6.965231],[107.865414,-6.965194],[107.865184,-6.965383],[107.864921,-6.965497],[107.864602,-6.965606],[107.864253,-6.965583],[107.864127,-6.965479],[107.864068,-6.965157],[107.86404,-6.964985],[107.863885,-6.9649],[107.863568,-6.964945],[107.86332,-6.965086],[107.863096,-6.965352],[107.862905,-6.965566],[107.862531,-6.965756],[107.862198,-6.966038],[107.862133,-6.966131],[107.862133,-6.966208],[107.862401,-6.96672],[107.86243,-6.966963],[107.862312,-6.967241],[107.861893,-6.967568],[107.861466,-6.967652],[107.861206,-6.967499],[107.860877,-6.967245],[107.860568,-6.967193],[107.860303,-6.967366],[107.860112,-6.96739],[107.859978,-6.967306],[107.85958,-6.967176],[107.859226,-6.96712],[107.858921,-6.967148],[107.858694,-6.967281],[107.858478,-6.967322],[107.858295,-6.967318],[107.858193,-6.967237],[107.858075,-6.966946],[107.857929,-6.966745],[107.85771,-6.966628],[107.857527,-6.966652],[107.857364,-6.966757],[107.857283,-6.966854],[107.857123,-6.967106],[107.857,-6.967317],[107.85675,-6.967418],[107.856519,-6.96743],[107.856217,-6.967351],[107.855851,-6.967396],[107.855623,-6.96746],[107.855525,-6.967622],[107.855249,-6.967783],[107.854891,-6.967824],[107.854623,-6.967622],[107.85433,-6.967299],[107.853997,-6.967],[107.853485,-6.966952],[107.852718,-6.966891],[107.852472,-6.966684],[107.852275,-6.966456],[107.852136,-6.966176],[107.852097,-6.966031],[107.852016,-6.966006],[107.851872,-6.9661],[107.851736,-6.966296],[107.851665,-6.966509],[107.851531,-6.966576],[107.85128,-6.966565],[107.851014,-6.966578],[107.850782,-6.966755],[107.850586,-6.967015],[107.850565,-6.967337],[107.850416,-6.967536],[107.849705,-6.967833],[107.849358,-6.967917],[107.849139,-6.967826],[107.848948,-6.967868],[107.848735,-6.967938],[107.848636,-6.968071],[107.84865,-6.968261],[107.848644,-6.968389],[107.848582,-6.968481],[107.848459,-6.96856],[107.848322,-6.968587],[107.84819,-6.96874],[107.848013,-6.968928],[107.847735,-6.969133],[107.847465,-6.969144],[107.847322,-6.969143],[107.847156,-6.969233],[107.84663,-6.969335],[107.846416,-6.96926],[107.846201,-6.969143],[107.846035,-6.969196],[107.845938,-6.969433]]}},{"type":"Feature","properties":{"name":"Walungan Cimanuk","waterway":"river","kelas":"utama","is_citarum":false},"geometry":{"type":"LineString","coordinates":[[107.860558,-7.24767],[107.860556,-7.247616]]}},{"type":"Feature","properties":{"name":"Walungan Cimanuk","waterway":"river","kelas":"utama","is_citarum":false},"geometry":{"type":"LineString","coordinates":[[107.841651,-7.25789],[107.842029,-7.257868],[107.842366,-7.257663],[107.842613,-7.257511],[107.842886,-7.257298],[107.842967,-7.257154],[107.842957,-7.257028],[107.842956,-7.25673],[107.842908,-7.256471],[107.842869,-7.256053],[107.842906,-7.255832],[107.842998,-7.255649],[107.843269,-7.25532],[107.843389,-7.255121],[107.8436,-7.254759],[107.843891,-7.254444],[107.844125,-7.254262],[107.844405,-7.254088],[107.844585,-7.253976],[107.844934,-7.253871],[107.845313,-7.253551],[107.845478,-7.253371],[107.845522,-7.253153],[107.845538,-7.252962],[107.845511,-7.252788],[107.84556,-7.252652],[107.845626,-7.252554],[107.8459,-7.252554],[107.846043,-7.252668],[107.846181,-7.252951],[107.846131,-7.253164],[107.846131,-7.253447],[107.846186,-7.253725],[107.846395,-7.253867],[107.846647,-7.253867],[107.846856,-7.253703],[107.847125,-7.25342],[107.847543,-7.253022],[107.847784,-7.252815],[107.847971,-7.252755],[107.848163,-7.252821],[107.848405,-7.25312],[107.848536,-7.253398],[107.848498,-7.25373],[107.848547,-7.253883],[107.848767,-7.253976],[107.849042,-7.253818],[107.849228,-7.253567],[107.849399,-7.253278],[107.849508,-7.253224],[107.849717,-7.253273],[107.849855,-7.253442],[107.849838,-7.253747],[107.849789,-7.254025],[107.849827,-7.254275],[107.849937,-7.254411],[107.850091,-7.254433],[107.850239,-7.254291],[107.850426,-7.254046],[107.850645,-7.253965],[107.850887,-7.254014],[107.851178,-7.253997],[107.851392,-7.253807],[107.851453,-7.253589],[107.85142,-7.253474],[107.851672,-7.253039],[107.851782,-7.252761],[107.851859,-7.252363],[107.851837,-7.252178],[107.852046,-7.251878],[107.852254,-7.251731],[107.8526,-7.251649],[107.852869,-7.251508],[107.852952,-7.251399],[107.852985,-7.251263],[107.852886,-7.251132],[107.85271,-7.250876],[107.852617,-7.250685],[107.852617,-7.250549],[107.852705,-7.250402],[107.852929,-7.250282],[107.853111,-7.250313],[107.853329,-7.250452],[107.85348,-7.250602],[107.853605,-7.250738],[107.853771,-7.250846],[107.853885,-7.250893],[107.854002,-7.250921],[107.854248,-7.250919],[107.854545,-7.250838],[107.854814,-7.250821],[107.855055,-7.250712],[107.855204,-7.250451],[107.85528,-7.250255],[107.855533,-7.250146],[107.855807,-7.250152],[107.855983,-7.249993],[107.856236,-7.249797],[107.856691,-7.249386],[107.856924,-7.249326],[107.85703,-7.24958],[107.857119,-7.249647],[107.857378,-7.249699],[107.857709,-7.249471],[107.857818,-7.249127],[107.857958,-7.249166],[107.858101,-7.249133],[107.858275,-7.249091],[107.858563,-7.249033],[107.858678,-7.249334],[107.858757,-7.249617],[107.858729,-7.249738],[107.858794,-7.249876],[107.85909,-7.249985],[107.859356,-7.249864],[107.859433,-7.249423],[107.859653,-7.249243],[107.859813,-7.249093],[107.859952,-7.248789],[107.860064,-7.248561],[107.860132,-7.248445],[107.860273,-7.248342],[107.860492,-7.248092],[107.860536,-7.247781],[107.860558,-7.24767]]}},{"type":"Feature","properties":{"name":"Ci Lameta","waterway":"river","kelas":"utama","is_citarum":false},"geometry":{"type":"LineString","coordinates":[[107.705373,-6.951052],[107.705439,-6.951175],[107.705532,-6.951382],[107.705665,-6.951685],[107.705717,-6.951806],[107.705763,-6.952059],[107.705766,-6.952325],[107.705755,-6.952865],[107.705725,-6.953616],[107.705691,-6.954341],[107.705658,-6.955027],[107.705615,-6.955561],[107.705568,-6.956092],[107.70554,-6.956428],[107.705493,-6.956956],[107.705423,-6.957731],[107.705363,-6.958539],[107.705272,-6.959385],[107.705174,-6.96034],[107.705001,-6.961597],[107.704989,-6.961672],[107.704758,-6.963391],[107.704749,-6.963457],[107.704691,-6.963876],[107.704661,-6.96418],[107.704661,-6.965047]]}},{"type":"Feature","properties":{"name":"(river)","waterway":"river","kelas":"utama","is_citarum":false},"geometry":{"type":"LineString","coordinates":[[107.694406,-7.083634],[107.694395,-7.083575]]}},{"type":"Feature","properties":{"name":"Ci Tarik","waterway":"river","kelas":"utama","is_citarum":false},"geometry":{"type":"LineString","coordinates":[[107.83009,-6.967292],[107.830315,-6.967493],[107.830623,-6.967711],[107.830855,-6.967828],[107.831065,-6.967983],[107.831264,-6.968178],[107.831389,-6.968376],[107.83149,-6.96861],[107.831588,-6.968805],[107.831673,-6.968997],[107.831726,-6.969201],[107.831735,-6.969422],[107.831699,-6.969562],[107.831467,-6.969643],[107.831251,-6.969662],[107.831016,-6.969627],[107.830914,-6.969688],[107.830742,-6.969834],[107.830594,-6.96999],[107.830384,-6.970227],[107.830265,-6.970253],[107.830164,-6.970263],[107.830071,-6.970282],[107.829849,-6.970324],[107.82979,-6.970342],[107.829744,-6.970363],[107.829672,-6.970414],[107.829579,-6.970481],[107.829483,-6.970518],[107.829401,-6.970547],[107.829307,-6.970599],[107.82921,-6.970651],[107.829157,-6.970697],[107.829087,-6.970761],[107.829049,-6.970839],[107.829034,-6.970905],[107.828999,-6.971029],[107.828984,-6.971112],[107.828948,-6.971197],[107.828887,-6.971291],[107.828841,-6.971343],[107.82877,-6.971422],[107.828706,-6.971525],[107.828652,-6.971586],[107.828588,-6.971601],[107.828531,-6.971581],[107.828502,-6.97152],[107.828436,-6.971468],[107.828302,-6.971426],[107.82817,-6.971389],[107.828025,-6.971309],[107.827915,-6.971256],[107.827847,-6.971173],[107.827787,-6.971047],[107.827737,-6.970903],[107.827653,-6.970765],[107.82755,-6.9707],[107.82744,-6.970673],[107.827286,-6.97068],[107.827145,-6.970756],[107.827033,-6.970785],[107.826852,-6.970669],[107.826649,-6.970599]]}},{"type":"Feature","properties":{"name":"Ci Tarik","waterway":"river","kelas":"utama","is_citarum":false},"geometry":{"type":"LineString","coordinates":[[107.826649,-6.970599],[107.826421,-6.97052],[107.826308,-6.970486],[107.826189,-6.970452],[107.826089,-6.97048],[107.825996,-6.970486],[107.825869,-6.97047],[107.825743,-6.97037],[107.825608,-6.970218],[107.8255,-6.970166],[107.825426,-6.9701],[107.825352,-6.970077],[107.825225,-6.970072],[107.825162,-6.970127],[107.825143,-6.970229],[107.82518,-6.970302],[107.825175,-6.97037],[107.825072,-6.970418],[107.824956,-6.970446],[107.824874,-6.970415],[107.82485,-6.970305],[107.824832,-6.97019],[107.824779,-6.970116],[107.824713,-6.970051],[107.824679,-6.970024],[107.824552,-6.970009],[107.824449,-6.970024],[107.824356,-6.970056],[107.824224,-6.970153],[107.824201,-6.97025],[107.824185,-6.970339],[107.824113,-6.970428],[107.824082,-6.970488],[107.823968,-6.970522],[107.823881,-6.970499],[107.823831,-6.970397],[107.823789,-6.970245],[107.823757,-6.970148],[107.82372,-6.970035],[107.82362,-6.969956],[107.823543,-6.969909],[107.823406,-6.969867],[107.823282,-6.969867],[107.823181,-6.969878],[107.82307,-6.969878],[107.822962,-6.969883],[107.822822,-6.969849],[107.822682,-6.969807],[107.822563,-6.969799],[107.822407,-6.969775],[107.822315,-6.969712],[107.82222,-6.969571],[107.822138,-6.969435],[107.822093,-6.969372],[107.822048,-6.969348],[107.821972,-6.96934],[107.82193,-6.969372],[107.821718,-6.969419],[107.821591,-6.969424],[107.821528,-6.969414],[107.821491,-6.969387],[107.821402,-6.969367],[107.821315,-6.969403],[107.821219,-6.96944],[107.821183,-6.969491],[107.82111,-6.969573],[107.821045,-6.969655],[107.820978,-6.969724],[107.820909,-6.969753]]}},{"type":"Feature","properties":{"name":"Ci Tarik","waterway":"river","kelas":"utama","is_citarum":false},"geometry":{"type":"LineString","coordinates":[[107.820909,-6.969753],[107.82087,-6.969931],[107.820746,-6.970048],[107.820526,-6.970085],[107.820387,-6.970053],[107.82028,-6.969926],[107.820124,-6.969824],[107.820027,-6.969888],[107.819909,-6.969995],[107.819727,-6.970133],[107.819539,-6.970144],[107.819351,-6.970144],[107.819223,-6.970155],[107.819094,-6.970218],[107.818955,-6.970235],[107.818853,-6.970224],[107.818761,-6.970277],[107.81859,-6.970357],[107.818638,-6.970485],[107.81867,-6.970586],[107.818579,-6.970607],[107.818397,-6.970581],[107.818257,-6.970437],[107.818187,-6.970389],[107.81801,-6.970293],[107.81786,-6.970203],[107.817651,-6.970101],[107.81741,-6.970123],[107.817281,-6.970256],[107.817243,-6.970373],[107.817174,-6.970485],[107.817136,-6.970597],[107.817072,-6.970714],[107.816991,-6.970783],[107.816852,-6.970815],[107.816685,-6.970751],[107.816471,-6.970623],[107.816347,-6.970522],[107.816138,-6.97041],[107.81602,-6.970394],[107.815908,-6.970442],[107.815854,-6.970479],[107.815763,-6.97057],[107.815709,-6.970714],[107.815629,-6.970927],[107.815505,-6.971001],[107.81528,-6.970991],[107.815145,-6.970979],[107.814995,-6.970913],[107.814842,-6.970803],[107.814738,-6.970814],[107.814692,-6.970915],[107.814708,-6.971011],[107.81473,-6.971118],[107.814759,-6.971264],[107.814773,-6.971394],[107.814802,-6.971549],[107.814834,-6.971669],[107.814821,-6.971802],[107.814797,-6.97185],[107.814706,-6.971876],[107.814558,-6.971946],[107.814496,-6.972058],[107.814464,-6.972111],[107.814405,-6.972175],[107.814355,-6.972254],[107.814294,-6.972299],[107.814231,-6.972299],[107.814181,-6.972243],[107.814149,-6.972179],[107.814117,-6.972121],[107.814084,-6.972057],[107.814027,-6.971982],[107.813977,-6.971946],[107.813917,-6.97195],[107.813879,-6.971976],[107.81382,-6.972003],[107.813778,-6.972012],[107.81368,-6.972038],[107.813577,-6.972011],[107.813484,-6.972016],[107.813405,-6.972036],[107.813296,-6.972082],[107.813192,-6.972148],[107.813095,-6.972183],[107.813023,-6.972215],[107.81294,-6.972258],[107.812796,-6.97233],[107.812707,-6.972395],[107.812598,-6.972459],[107.812516,-6.972514],[107.812492,-6.972615],[107.812536,-6.972706],[107.812609,-6.972788],[107.812672,-6.972883],[107.812689,-6.972995],[107.81278,-6.973212],[107.812843,-6.973261],[107.812974,-6.973295],[107.813059,-6.973337],[107.813078,-6.973369],[107.813135,-6.973425],[107.8132,-6.973527],[107.813226,-6.973763],[107.813234,-6.973827],[107.813277,-6.97398]]}},{"type":"Feature","properties":{"name":"Ci Tarik","waterway":"river","kelas":"utama","is_citarum":false},"geometry":{"type":"LineString","coordinates":[[107.813277,-6.97398],[107.813249,-6.974058],[107.813238,-6.974117],[107.813178,-6.974168],[107.81308,-6.97419],[107.812996,-6.974166],[107.812899,-6.974109],[107.812824,-6.974025],[107.812769,-6.97397],[107.812703,-6.973951],[107.81263,-6.973951],[107.812509,-6.97405],[107.812435,-6.974094],[107.812313,-6.974115],[107.812121,-6.974163],[107.812008,-6.9742],[107.811881,-6.974251],[107.811816,-6.974333],[107.811827,-6.974414],[107.811858,-6.974563],[107.811826,-6.974781],[107.811814,-6.974913],[107.811758,-6.975042],[107.811688,-6.975168],[107.811572,-6.975161],[107.811445,-6.975078],[107.811307,-6.975065],[107.811148,-6.975171],[107.811194,-6.9754],[107.811218,-6.975607],[107.811164,-6.975683],[107.811013,-6.975684],[107.810791,-6.975558],[107.810739,-6.975649],[107.810768,-6.975805],[107.810822,-6.975975],[107.810787,-6.97606],[107.810726,-6.976174],[107.810642,-6.976249],[107.810564,-6.976368],[107.810458,-6.976505],[107.810361,-6.976656],[107.810066,-6.976747],[107.809905,-6.976917],[107.80986,-6.977049],[107.809785,-6.977179],[107.809591,-6.977319],[107.809458,-6.977415],[107.809303,-6.977337],[107.809152,-6.977215],[107.80902,-6.977101],[107.808911,-6.977021],[107.808841,-6.977008],[107.808808,-6.977036],[107.808794,-6.977196],[107.808665,-6.977333],[107.80837,-6.977566],[107.80814,-6.977749],[107.807988,-6.977841],[107.807845,-6.97796],[107.807665,-6.978014],[107.80755,-6.978024],[107.807389,-6.978079],[107.807322,-6.978178],[107.80731,-6.978317],[107.807227,-6.978497],[107.807094,-6.978536],[107.807008,-6.978555],[107.806913,-6.978519],[107.806841,-6.978398],[107.806777,-6.978269],[107.806656,-6.978238],[107.80656,-6.978264],[107.806394,-6.978374],[107.806328,-6.9785],[107.80633,-6.978707],[107.80645,-6.978932],[107.806438,-6.979065],[107.80641,-6.979147],[107.806241,-6.979196],[107.806087,-6.979249],[107.806049,-6.979373],[107.806155,-6.979478],[107.806238,-6.979686],[107.806347,-6.97979],[107.806599,-6.979862],[107.806867,-6.980116],[107.806933,-6.980233],[107.806915,-6.980341],[107.806649,-6.980474],[107.806541,-6.980528],[107.806426,-6.980489],[107.806271,-6.980339],[107.80621,-6.980301],[107.806122,-6.98028],[107.805879,-6.980326],[107.805792,-6.980328],[107.805746,-6.980276],[107.805756,-6.980157],[107.805803,-6.979939],[107.805779,-6.979851],[107.805714,-6.979795],[107.805626,-6.979827],[107.805551,-6.979954],[107.805513,-6.98013],[107.805438,-6.980327],[107.805313,-6.980366],[107.805102,-6.980312],[107.804952,-6.980273],[107.804806,-6.980346],[107.804856,-6.980566],[107.804949,-6.980898],[107.804986,-6.981179],[107.804869,-6.981253],[107.804669,-6.981146],[107.80448,-6.981113],[107.804225,-6.981253],[107.804065,-6.981246],[107.803784,-6.981177],[107.803581,-6.981192],[107.803457,-6.981245],[107.803362,-6.98139],[107.803225,-6.981734],[107.803128,-6.981995],[107.803115,-6.982022],[107.803054,-6.982125],[107.802976,-6.982251],[107.802907,-6.982381],[107.802902,-6.982572],[107.802915,-6.982819],[107.802832,-6.982868],[107.802758,-6.982838],[107.802651,-6.982749],[107.802567,-6.982545],[107.802517,-6.982378],[107.80246,-6.982338],[107.802388,-6.982363],[107.802237,-6.982472],[107.802097,-6.98252],[107.80194,-6.982588],[107.801797,-6.982654],[107.80159,-6.982789],[107.801491,-6.982929],[107.801477,-6.983128],[107.801484,-6.983258],[107.801567,-6.983528],[107.801639,-6.983667],[107.801776,-6.983773],[107.801926,-6.983869],[107.802069,-6.983995],[107.8022,-6.984153],[107.802249,-6.984292],[107.802112,-6.984459],[107.801945,-6.98458],[107.801719,-6.984622],[107.801521,-6.98466],[107.801401,-6.98474],[107.80132,-6.984813],[107.801194,-6.984775],[107.801046,-6.984665],[107.800952,-6.984691],[107.800889,-6.984852],[107.800982,-6.985048],[107.801098,-6.985352],[107.801202,-6.985637],[107.801259,-6.98575],[107.801495,-6.985919],[107.801825,-6.986158],[107.801879,-6.986198],[107.802111,-6.986347],[107.802252,-6.986411],[107.802356,-6.986456],[107.802522,-6.986542],[107.802561,-6.986567],[107.802584,-6.986598],[107.80258,-6.986642],[107.802536,-6.986742],[107.802488,-6.986841],[107.802433,-6.986908],[107.802409,-6.986956],[107.802348,-6.987061],[107.802221,-6.987101],[107.802129,-6.987229],[107.802154,-6.987317],[107.802306,-6.987401],[107.80273,-6.98743],[107.80299,-6.987361],[107.803196,-6.98724],[107.803259,-6.987232],[107.803337,-6.987309],[107.803361,-6.987404],[107.803301,-6.98747],[107.803115,-6.98756],[107.802971,-6.987651],[107.802891,-6.987784],[107.802824,-6.98789],[107.802769,-6.988078],[107.802714,-6.988244]]}},{"type":"Feature","properties":{"name":"Ci Tarik","waterway":"river","kelas":"utama","is_citarum":false},"geometry":{"type":"LineString","coordinates":[[107.801894,-6.9915],[107.801681,-6.991555],[107.80145,-6.991651],[107.801263,-6.991806],[107.80121,-6.992029],[107.801006,-6.992493],[107.800802,-6.992716],[107.800597,-6.992864],[107.800383,-6.992966],[107.799885,-6.993132],[107.799573,-6.993232],[107.798173,-6.993684],[107.79703,-6.994063],[107.796242,-6.994318],[107.795603,-6.99452],[107.795281,-6.994616],[107.794982,-6.99474],[107.794745,-6.994878],[107.794568,-6.995032],[107.794086,-6.99565],[107.793662,-6.996177],[107.793152,-6.996694],[107.792508,-6.997316],[107.792299,-6.997546],[107.792187,-6.997828],[107.792066,-6.998264],[107.791934,-6.998472],[107.791709,-6.998658],[107.791392,-6.998748],[107.79113,-6.99876],[107.79085,-6.998764],[107.790437,-6.998887],[107.790025,-6.999122],[107.78974,-6.999201],[107.789526,-6.999249],[107.78871,-6.999287],[107.787793,-6.999318],[107.787042,-6.99936],[107.786505,-6.999366],[107.786071,-6.999392],[107.785727,-6.999462],[107.785465,-6.999573],[107.785256,-6.999707],[107.785051,-6.999866],[107.784569,-7.000298],[107.78414,-7.000676],[107.783539,-7.001214],[107.783174,-7.001538],[107.782606,-7.002034],[107.782123,-7.002455],[107.781404,-7.003082],[107.781206,-7.003259],[107.780931,-7.00338],[107.780701,-7.003445],[107.780412,-7.003504],[107.780181,-7.00352],[107.780009,-7.003498],[107.779328,-7.003408],[107.778336,-7.00328],[107.777761,-7.00321],[107.777434,-7.003216],[107.777187,-7.003268],[107.776957,-7.003349],[107.776764,-7.003488],[107.775884,-7.004083],[107.775514,-7.004344],[107.775321,-7.004462],[107.775101,-7.004531],[107.774629,-7.004648],[107.774366,-7.004706],[107.774156,-7.004759],[107.773512,-7.004962],[107.772376,-7.005362],[107.771974,-7.005511],[107.771608,-7.005622],[107.770782,-7.005925],[107.770208,-7.006117],[107.769667,-7.006448],[107.768867,-7.00698],[107.768293,-7.007336],[107.767988,-7.007502],[107.767693,-7.007555],[107.767354,-7.007576],[107.767005,-7.007549],[107.766759,-7.007475],[107.766303,-7.007215],[107.765874,-7.006799],[107.765675,-7.006591],[107.76545,-7.006383],[107.765268,-7.006256],[107.765032,-7.00615],[107.764571,-7.005985],[107.763867,-7.005739],[107.762982,-7.005446],[107.762725,-7.005319],[107.762537,-7.005148],[107.762376,-7.004919],[107.762183,-7.004515],[107.76198,-7.004143],[107.761818,-7.003977],[107.761615,-7.003898],[107.761368,-7.003855],[107.761154,-7.00386],[107.760912,-7.003929],[107.760692,-7.004099],[107.760161,-7.004478],[107.75993,-7.004664],[107.759657,-7.004792],[107.759125,-7.00485],[107.758288,-7.004967],[107.757286,-7.005085],[107.756095,-7.005229],[107.75529,-7.005346],[107.754887,-7.00535],[107.75463,-7.005318],[107.754357,-7.005229],[107.754078,-7.00508],[107.753702,-7.004803],[107.752666,-7.003971],[107.751583,-7.003151],[107.750913,-7.002646],[107.750655,-7.002455],[107.75043,-7.002258],[107.750263,-7.002039],[107.75014,-7.001832],[107.750081,-7.001587],[107.750022,-7.001129],[107.749775,-6.99951],[107.749528,-6.997768],[107.749469,-6.99738],[107.749367,-6.997135],[107.749239,-6.996954],[107.749013,-6.996751],[107.748708,-6.996582],[107.748466,-6.996506]]}},{"type":"Feature","properties":{"name":"(river)","waterway":"river","kelas":"utama","is_citarum":false},"geometry":{"type":"LineString","coordinates":[[107.858229,-7.234423],[107.858187,-7.234306],[107.858173,-7.234236],[107.85813,-7.234195],[107.858065,-7.234167],[107.858037,-7.234139],[107.858023,-7.234075],[107.858006,-7.234017],[107.857984,-7.233969],[107.857956,-7.233904],[107.857946,-7.233885],[107.857912,-7.233842],[107.857869,-7.233818],[107.857829,-7.233781],[107.857802,-7.233742],[107.857781,-7.233691],[107.857766,-7.23364],[107.857752,-7.233591],[107.85773,-7.233554],[107.857686,-7.233504],[107.85765,-7.233461],[107.857616,-7.233423],[107.857588,-7.233393],[107.85754,-7.233356],[107.857493,-7.233324],[107.857452,-7.233291],[107.857417,-7.233248],[107.857395,-7.233207],[107.857347,-7.233191],[107.857293,-7.233173],[107.857244,-7.233157],[107.857202,-7.233134]]}},{"type":"Feature","properties":{"name":"(river)","waterway":"river","kelas":"utama","is_citarum":false},"geometry":{"type":"LineString","coordinates":[[107.857044,-7.232789],[107.856996,-7.232774],[107.856963,-7.232745],[107.856961,-7.232721],[107.856945,-7.232691],[107.856894,-7.232621],[107.856848,-7.232548],[107.856811,-7.232512],[107.856776,-7.232494],[107.856719,-7.232481],[107.856663,-7.232462],[107.856618,-7.23243],[107.856605,-7.232386],[107.856593,-7.232354],[107.85656,-7.232333],[107.856516,-7.232318],[107.856462,-7.232299],[107.856419,-7.232279],[107.856378,-7.232256],[107.856339,-7.23223],[107.856307,-7.232196],[107.856275,-7.232155],[107.856235,-7.232109],[107.856214,-7.23208],[107.856177,-7.232035],[107.856129,-7.231981],[107.856102,-7.231936],[107.856089,-7.231916]]}},{"type":"Feature","properties":{"name":"Ci Kijing","waterway":"river","kelas":"utama","is_citarum":false},"geometry":{"type":"LineString","coordinates":[[107.784744,-6.967701],[107.784793,-6.968089]]}},{"type":"Feature","properties":{"name":"(river)","waterway":"river","kelas":"utama","is_citarum":false},"geometry":{"type":"LineString","coordinates":[[107.763557,-6.980106],[107.763659,-6.980144]]}},{"type":"Feature","properties":{"name":"(river)","waterway":"river","kelas":"utama","is_citarum":false},"geometry":{"type":"LineString","coordinates":[[107.763659,-6.980144],[107.763721,-6.980167]]}},{"type":"Feature","properties":{"name":"(river)","waterway":"river","kelas":"utama","is_citarum":false},"geometry":{"type":"LineString","coordinates":[[107.755624,-6.989933],[107.755651,-6.989995],[107.755807,-6.990198],[107.755781,-6.990571],[107.75551,-6.991135],[107.755229,-6.991412],[107.755172,-6.991886],[107.755141,-6.991957],[107.755031,-6.992022],[107.754826,-6.99216],[107.754658,-6.992338],[107.754475,-6.992436],[107.75426,-6.992521],[107.754061,-6.992571],[107.753861,-6.992659],[107.753729,-6.992741],[107.7536,-6.99287],[107.753508,-6.992999],[107.753455,-6.99308],[107.753455,-6.99319],[107.75349,-6.993301],[107.753663,-6.993689],[107.753749,-6.993864],[107.753821,-6.993973],[107.753955,-6.994084],[107.754139,-6.99424],[107.754214,-6.994283],[107.754274,-6.994387],[107.754306,-6.994498],[107.754316,-6.994636],[107.754297,-6.994867],[107.75374,-6.994782],[107.753176,-6.994703],[107.752817,-6.994628],[107.752337,-6.994522],[107.75188,-6.994458],[107.751466,-6.994416],[107.751034,-6.994451],[107.750661,-6.994681],[107.750161,-6.994974],[107.749953,-6.995321],[107.749738,-6.995687],[107.749444,-6.995928],[107.749057,-6.996132],[107.748652,-6.996265],[107.748466,-6.996506]]}},{"type":"Feature","properties":{"name":"Ci Sangkuy","waterway":"river","kelas":"utama","is_citarum":false},"geometry":{"type":"LineString","coordinates":[[107.577619,-7.034521],[107.57795,-7.034685]]}},{"type":"Feature","properties":{"name":"(river)","waterway":"river","kelas":"utama","is_citarum":false},"geometry":{"type":"LineString","coordinates":[[107.569041,-7.03215],[107.56928,-7.031892],[107.56953,-7.031618],[107.569621,-7.031495],[107.569696,-7.031447],[107.569761,-7.031429]]}},{"type":"Feature","properties":{"name":"(river)","waterway":"river","kelas":"utama","is_citarum":false},"geometry":{"type":"LineString","coordinates":[[107.570121,-7.03098],[107.570166,-7.030918]]}},{"type":"Feature","properties":{"name":"(river)","waterway":"river","kelas":"utama","is_citarum":false},"geometry":{"type":"LineString","coordinates":[[107.569826,-7.031349],[107.570121,-7.03098]]}},{"type":"Feature","properties":{"name":"(river)","waterway":"river","kelas":"utama","is_citarum":false},"geometry":{"type":"LineString","coordinates":[[107.569817,-7.03136],[107.569826,-7.031349]]}},{"type":"Feature","properties":{"name":"(river)","waterway":"river","kelas":"utama","is_citarum":false},"geometry":{"type":"LineString","coordinates":[[107.569761,-7.031429],[107.569817,-7.03136]]}},{"type":"Feature","properties":{"name":"(river)","waterway":"river","kelas":"utama","is_citarum":false},"geometry":{"type":"LineString","coordinates":[[107.632384,-6.993419],[107.633249,-6.993448],[107.633863,-6.993409],[107.634249,-6.993272],[107.634389,-6.993041],[107.634424,-6.992744],[107.634333,-6.992373],[107.634123,-6.991921],[107.633824,-6.991535]]}},{"type":"Feature","properties":{"name":"(river)","waterway":"river","kelas":"utama","is_citarum":false},"geometry":{"type":"LineString","coordinates":[[107.640081,-6.983763],[107.639895,-6.983967],[107.639737,-6.984107],[107.639612,-6.984294],[107.639557,-6.984485],[107.639515,-6.984639],[107.639331,-6.984925],[107.639139,-6.985282],[107.639111,-6.985417],[107.638962,-6.985678],[107.638863,-6.985784],[107.638684,-6.985839],[107.638262,-6.98594],[107.638163,-6.985985],[107.638097,-6.986017],[107.638084,-6.986068],[107.638144,-6.986295],[107.638172,-6.986403],[107.638122,-6.986479],[107.638073,-6.986552],[107.638066,-6.986673],[107.638046,-6.986772],[107.638014,-6.986845],[107.637963,-6.986941],[107.637952,-6.98705],[107.637963,-6.987264],[107.637956,-6.987317],[107.637895,-6.987389],[107.637902,-6.987461],[107.637937,-6.987642],[107.638008,-6.987914],[107.638021,-6.987983],[107.637995,-6.988064],[107.637931,-6.988147],[107.637913,-6.988212],[107.637936,-6.988309],[107.637962,-6.988424],[107.637902,-6.988497],[107.637823,-6.988571],[107.637762,-6.988661],[107.637719,-6.988746],[107.637738,-6.988848],[107.637805,-6.988954],[107.637805,-6.989039],[107.637784,-6.989152],[107.637566,-6.989248],[107.637515,-6.989317],[107.63744,-6.989471],[107.63735,-6.989622],[107.637346,-6.989668],[107.637392,-6.989707],[107.637656,-6.989783],[107.637688,-6.989797],[107.637685,-6.989835],[107.637636,-6.990068],[107.637603,-6.99011],[107.63754,-6.990126],[107.637385,-6.990136],[107.637304,-6.990138],[107.637275,-6.990118],[107.637231,-6.990066],[107.637168,-6.990046],[107.636969,-6.990064],[107.636839,-6.990126],[107.63678,-6.990174],[107.636726,-6.990168],[107.636596,-6.990096],[107.636155,-6.989849],[107.636108,-6.989845],[107.636049,-6.989903],[107.635998,-6.989989],[107.63591,-6.989976],[107.635805,-6.989965],[107.635753,-6.98992],[107.635656,-6.989819],[107.635536,-6.989707],[107.63544,-6.989642],[107.635336,-6.989639],[107.635246,-6.989668],[107.63516,-6.989771],[107.635098,-6.989872],[107.635067,-6.989967],[107.635078,-6.990072],[107.635112,-6.990313],[107.635106,-6.990374],[107.635057,-6.990422],[107.634669,-6.990527],[107.634625,-6.990563],[107.634585,-6.990644],[107.634473,-6.990826],[107.634424,-6.990857],[107.634165,-6.990935],[107.634105,-6.990986],[107.634078,-6.991093],[107.634045,-6.99128],[107.633995,-6.991424],[107.633824,-6.991535]]}},{"type":"Feature","properties":{"name":"(river)","waterway":"river","kelas":"utama","is_citarum":false},"geometry":{"type":"LineString","coordinates":[[107.637415,-6.97641],[107.637549,-6.976792]]}},{"type":"Feature","properties":{"name":"(river)","waterway":"river","kelas":"utama","is_citarum":false},"geometry":{"type":"LineString","coordinates":[[107.804337,-6.959413],[107.800013,-6.959245]]}},{"type":"Feature","properties":{"name":"(river)","waterway":"river","kelas":"utama","is_citarum":false},"geometry":{"type":"LineString","coordinates":[[107.800013,-6.959245],[107.799699,-6.959212]]}},{"type":"Feature","properties":{"name":"Ci Kapundung","waterway":"river","kelas":"utama","is_citarum":false},"geometry":{"type":"LineString","coordinates":[[107.629747,-6.983581],[107.629799,-6.983617],[107.629849,-6.983647],[107.629903,-6.983677],[107.629967,-6.983782],[107.63002,-6.983897],[107.630022,-6.984075],[107.630059,-6.984255],[107.630141,-6.984358],[107.630278,-6.984434],[107.630656,-6.984537],[107.630802,-6.984733],[107.631574,-6.987323],[107.631514,-6.987655],[107.631171,-6.988157],[107.63106,-6.988558],[107.63106,-6.989223],[107.63106,-6.989753],[107.631054,-6.989998]]}},{"type":"Feature","properties":{"name":"(river)","waterway":"river","kelas":"utama","is_citarum":false},"geometry":{"type":"LineString","coordinates":[[107.640106,-6.983735],[107.640081,-6.983763]]}},{"type":"Feature","properties":{"name":"(river)","waterway":"river","kelas":"utama","is_citarum":false},"geometry":{"type":"LineString","coordinates":[[107.637549,-6.976792],[107.637514,-6.976984],[107.637434,-6.977085],[107.637314,-6.977152],[107.637182,-6.97718],[107.637135,-6.977221],[107.637102,-6.977291],[107.63712,-6.977351],[107.637188,-6.977443],[107.637228,-6.977525],[107.637205,-6.977593],[107.637155,-6.977665],[107.637159,-6.977747],[107.637194,-6.977834],[107.637196,-6.977893],[107.637168,-6.977979],[107.637129,-6.978153],[107.637034,-6.978546],[107.63706,-6.978618],[107.637184,-6.978767],[107.637201,-6.978818],[107.63719,-6.978902],[107.63706,-6.979257],[107.636993,-6.97943],[107.636996,-6.979478],[107.637039,-6.979537],[107.637091,-6.979589],[107.637141,-6.979602],[107.637276,-6.979616],[107.637345,-6.979617],[107.637389,-6.979647],[107.637407,-6.979694],[107.637405,-6.979787],[107.637359,-6.980017],[107.637364,-6.980145],[107.637418,-6.98028],[107.637529,-6.980426],[107.637561,-6.980538],[107.637583,-6.980717],[107.637526,-6.98092],[107.637521,-6.98108],[107.63763,-6.981303],[107.637667,-6.981455],[107.637978,-6.982131],[107.638386,-6.982403],[107.638976,-6.982759],[107.639164,-6.982807],[107.639317,-6.98301],[107.639379,-6.983185],[107.640132,-6.983663],[107.640128,-6.983687],[107.640106,-6.983735]]}},{"type":"Feature","properties":{"name":"(river)","waterway":"river","kelas":"utama","is_citarum":false},"geometry":{"type":"LineString","coordinates":[[107.5511,-7.020607],[107.551121,-7.020555],[107.551078,-7.020467],[107.551149,-7.020411],[107.551315,-7.020396],[107.551441,-7.020402],[107.551605,-7.020463],[107.55174,-7.020488],[107.551848,-7.020555],[107.551956,-7.02058],[107.552067,-7.020531],[107.552166,-7.020467],[107.552264,-7.02046],[107.552344,-7.020512],[107.55243,-7.02054],[107.552495,-7.020522],[107.55256,-7.020509],[107.552671,-7.020525],[107.552763,-7.020503],[107.552763,-7.020415],[107.552729,-7.020216],[107.552702,-7.020112],[107.552628,-7.020045],[107.552541,-7.019919],[107.552551,-7.019671],[107.552563,-7.019561],[107.552535,-7.019454],[107.552535,-7.019381],[107.552575,-7.019317],[107.552578,-7.019201],[107.552655,-7.019094],[107.552745,-7.019032],[107.552822,-7.018996],[107.552896,-7.018815],[107.553038,-7.018506],[107.553115,-7.018433],[107.553167,-7.018311],[107.553161,-7.018256],[107.553084,-7.018164],[107.553087,-7.018051],[107.553142,-7.017934],[107.553247,-7.017824],[107.553305,-7.017723],[107.553327,-7.01762],[107.553339,-7.017473],[107.553398,-7.017384],[107.553423,-7.017387],[107.553597,-7.017377],[107.553728,-7.017318],[107.553799,-7.017195],[107.55384,-7.017096],[107.553805,-7.017016],[107.553683,-7.016933],[107.553561,-7.016843],[107.553618,-7.016716],[107.553673,-7.016577],[107.553734,-7.01656],[107.553794,-7.0166],[107.553859,-7.016634],[107.553907,-7.016697],[107.553943,-7.016807],[107.553996,-7.01685],[107.554103,-7.016883],[107.554248,-7.016919],[107.554412,-7.016977],[107.554558,-7.016973],[107.554658,-7.016986],[107.554742,-7.01702],[107.554852,-7.017043],[107.555046,-7.017029],[107.555225,-7.016971],[107.555388,-7.016779],[107.555367,-7.01654],[107.555357,-7.016427],[107.55537,-7.016133],[107.555422,-7.015675],[107.555478,-7.015555],[107.55552,-7.015429],[107.555548,-7.015277],[107.555524,-7.015096],[107.555473,-7.014971],[107.555454,-7.014808],[107.555408,-7.014706],[107.555403,-7.014577],[107.555473,-7.014489],[107.555473,-7.014391],[107.555548,-7.014201],[107.55566,-7.014104],[107.555791,-7.014039],[107.555893,-7.013997],[107.555837,-7.01383],[107.555746,-7.013619],[107.555767,-7.013538],[107.555791,-7.013413],[107.55573,-7.013341],[107.555581,-7.013294],[107.555454,-7.013283],[107.55541,-7.013155],[107.555504,-7.012993],[107.555604,-7.012944],[107.555714,-7.012729],[107.555723,-7.012548],[107.555599,-7.012358],[107.555478,-7.012187],[107.555433,-7.012075],[107.555461,-7.01199],[107.555534,-7.011913],[107.55569,-7.011864],[107.555882,-7.011823],[107.555935,-7.011751],[107.555935,-7.011635],[107.555921,-7.011531],[107.555875,-7.01144],[107.555891,-7.011355],[107.555905,-7.011267],[107.555854,-7.011227],[107.555791,-7.011232],[107.55559,-7.011276],[107.555433,-7.01132],[107.555366,-7.011243],[107.555419,-7.011167],[107.555534,-7.011097],[107.555613,-7.011016],[107.555847,-7.010917],[107.556024,-7.01074],[107.556022,-7.010576],[107.555905,-7.010377],[107.555774,-7.010293],[107.555669,-7.010258],[107.555653,-7.010149],[107.555644,-7.010068],[107.555812,-7.009985],[107.555945,-7.009925],[107.556015,-7.009693],[107.555959,-7.009616],[107.555914,-7.009517],[107.555891,-7.009387],[107.555945,-7.009301],[107.556068,-7.009264],[107.556148,-7.009315],[107.556211,-7.009396],[107.556286,-7.009468],[107.556405,-7.009452],[107.556629,-7.009396],[107.556722,-7.009343],[107.556769,-7.009276],[107.556774,-7.009107],[107.556767,-7.008747],[107.556809,-7.008472],[107.556806,-7.008374],[107.556778,-7.008309],[107.556708,-7.008286],[107.556554,-7.008249],[107.556507,-7.008217],[107.556491,-7.008115],[107.556512,-7.00802],[107.556601,-7.007936],[107.55668,-7.007871],[107.556933,-7.00782],[107.556928,-7.0077],[107.556902,-7.007572],[107.556928,-7.007494],[107.557103,-7.007491],[107.557348,-7.007489],[107.557423,-7.007515],[107.557451,-7.007589],[107.557488,-7.007612],[107.557593,-7.007589],[107.557715,-7.007547],[107.557785,-7.007464],[107.557955,-7.007211],[107.557972,-7.007086],[107.557925,-7.007042],[107.557782,-7.006993],[107.557633,-7.006856],[107.557519,-7.00671],[107.557467,-7.006425],[107.557458,-7.006295],[107.557409,-7.006261],[107.557355,-7.006221],[107.557273,-7.006249],[107.557187,-7.006291],[107.557138,-7.006284],[107.557031,-7.00621],[107.556972,-7.006085],[107.556995,-7.006001],[107.557049,-7.005952],[107.557091,-7.005943],[107.557203,-7.005948],[107.557308,-7.006001],[107.557402,-7.006015],[107.557498,-7.006047],[107.557589,-7.006085],[107.557635,-7.006126],[107.557694,-7.006136],[107.557733,-7.006105],[107.557794,-7.005997],[107.55785,-7.00592],[107.557906,-7.005813],[107.558,-7.005691],[107.558126,-7.005635],[107.558179,-7.005649],[107.558247,-7.005693],[107.55831,-7.005681],[107.558403,-7.005586],[107.558591,-7.005387],[107.558711,-7.005294],[107.558711,-7.005227],[107.55867,-7.005132],[107.558605,-7.004957],[107.558561,-7.004818],[107.558575,-7.004705],[107.558591,-7.004646],[107.558518,-7.004558],[107.558446,-7.004465],[107.55833,-7.004419],[107.558304,-7.004372],[107.55838,-7.004129],[107.558412,-7.00407],[107.558506,-7.003971],[107.558525,-7.003897],[107.558598,-7.003776],[107.558638,-7.003692],[107.558596,-7.003652],[107.558516,-7.003625],[107.558293,-7.00365],[107.558143,-7.003595],[107.558024,-7.00352],[107.557969,-7.003423],[107.557998,-7.003353],[107.558104,-7.00304],[107.558171,-7.002944],[107.5583,-7.002863],[107.558431,-7.002812],[107.558481,-7.002777],[107.558504,-7.002722],[107.558479,-7.002642],[107.558435,-7.002615],[107.558341,-7.002626],[107.558242,-7.002556],[107.558086,-7.002485],[107.557998,-7.002394],[107.557948,-7.002326],[107.557964,-7.002259],[107.557992,-7.00221],[107.558051,-7.002166],[107.558106,-7.002092],[107.558148,-7.001988],[107.558182,-7.001858],[107.558131,-7.001725],[107.558007,-7.00164],[107.557932,-7.001591],[107.557945,-7.0015],[107.557973,-7.001393],[107.558069,-7.00133],[107.558265,-7.001333],[107.558299,-7.001272],[107.558382,-7.001249],[107.558483,-7.001268],[107.558573,-7.001252],[107.558642,-7.001231],[107.558697,-7.001094],[107.558709,-7.000917],[107.558714,-7.00084],[107.558672,-7.000776],[107.558178,-7.000386],[107.558171,-7.000302],[107.558198,-7.000214],[107.55826,-7.000028],[107.55835,-6.999805],[107.55841,-6.999751],[107.558502,-6.999766],[107.558569,-6.999773],[107.558619,-6.999773],[107.558644,-6.999701],[107.558645,-6.999557],[107.558607,-6.999405],[107.558546,-6.999317],[107.558431,-6.999283],[107.558353,-6.999278],[107.558137,-6.999294],[107.558003,-6.999302],[107.557871,-6.999297],[107.557788,-6.99923],[107.557697,-6.999199],[107.557648,-6.99914],[107.557659,-6.998977],[107.557654,-6.998767],[107.557694,-6.998562],[107.557718,-6.998413],[107.557681,-6.998341],[107.557595,-6.998288],[107.557517,-6.998152],[107.557493,-6.997966],[107.557555,-6.997913],[107.557654,-6.997867],[107.557748,-6.997843],[107.557785,-6.99778],[107.557716,-6.997705],[107.557654,-6.997652],[107.557579,-6.997425],[107.557469,-6.997172],[107.557463,-6.997037],[107.557402,-6.996936],[107.557305,-6.996723],[107.557303,-6.996629],[107.557372,-6.996547],[107.557412,-6.996488],[107.557469,-6.996342],[107.557541,-6.996275],[107.557627,-6.996254],[107.557686,-6.996305],[107.557726,-6.996326],[107.557809,-6.996315],[107.557847,-6.996204],[107.557906,-6.996142],[107.557992,-6.996137],[107.558056,-6.996073],[107.557981,-6.995929],[107.557882,-6.995849],[107.55771,-6.995836],[107.55745,-6.995844],[107.557217,-6.995628],[107.557158,-6.995501],[107.557171,-6.995368],[107.557306,-6.995221],[107.557509,-6.99501],[107.557581,-6.994915],[107.557596,-6.994799],[107.557689,-6.994676],[107.557768,-6.994553],[107.557869,-6.994421],[107.558007,-6.99425],[107.558156,-6.994092],[107.558343,-6.993902],[107.558558,-6.993756],[107.558656,-6.993682],[107.558793,-6.993666],[107.558877,-6.993691],[107.559141,-6.99364],[107.559314,-6.993531],[107.559375,-6.993443],[107.559361,-6.993378],[107.559298,-6.993313],[107.559256,-6.993232],[107.559263,-6.993144],[107.559384,-6.993017],[107.55948,-6.992922],[107.559501,-6.992843],[107.559477,-6.992745],[107.559492,-6.99265],[107.559459,-6.992495],[107.559412,-6.992358],[107.559375,-6.992305],[107.5593,-6.992229],[107.559179,-6.992122],[107.559127,-6.992066],[107.559144,-6.99189],[107.559179,-6.991696],[107.55927,-6.991587],[107.559382,-6.991554],[107.559527,-6.991496],[107.559634,-6.991485],[107.55972,-6.991485],[107.5598,-6.991473],[107.559891,-6.991492],[107.559988,-6.991491],[107.560138,-6.991468]]}},{"type":"Feature","properties":{"name":"(river)","waterway":"river","kelas":"utama","is_citarum":false},"geometry":{"type":"LineString","coordinates":[[107.699743,-7.065666],[107.699934,-7.065575],[107.700301,-7.065746],[107.700994,-7.066061],[107.701385,-7.066027],[107.701524,-7.066052],[107.701736,-7.066159],[107.701998,-7.066199],[107.702168,-7.066296],[107.70239,-7.066358],[107.702707,-7.066196],[107.703003,-7.066278],[107.703175,-7.066819],[107.703274,-7.067165],[107.703446,-7.067354],[107.703625,-7.067382],[107.703813,-7.067305],[107.704044,-7.067174],[107.704324,-7.066847],[107.704586,-7.066309],[107.704716,-7.065914],[107.704642,-7.065703],[107.704435,-7.065489],[107.704355,-7.065251],[107.704411,-7.064871],[107.704405,-7.064499],[107.704506,-7.06433],[107.704645,-7.0643],[107.704784,-7.064358],[107.704978,-7.064462],[107.705175,-7.064495],[107.70536,-7.064339],[107.705431,-7.064223],[107.705455,-7.064055],[107.705471,-7.063749],[107.705822,-7.06296],[107.706148,-7.062144],[107.706379,-7.061652],[107.706413,-7.061089],[107.706148,-7.060627],[107.706155,-7.060282],[107.706413,-7.06001],[107.706657,-7.059848],[107.707051,-7.059441],[107.707248,-7.059083],[107.707239,-7.058857],[107.706885,-7.058744],[107.706737,-7.058515],[107.706839,-7.058169],[107.707261,-7.057873],[107.707744,-7.057726],[107.708012,-7.05746],[107.708173,-7.057078],[107.708253,-7.056561],[107.70808,-7.056408],[107.707929,-7.056221],[107.707972,-7.055888],[107.707945,-7.05542],[107.707877,-7.055255],[107.707664,-7.055102],[107.707208,-7.055038],[107.706783,-7.054977],[107.706682,-7.05483],[107.706632,-7.054686],[107.706447,-7.054451],[107.706164,-7.054115],[107.70609,-7.05387],[107.706121,-7.053586],[107.706284,-7.053469],[107.706623,-7.053427],[107.706774,-7.053411],[107.706916,-7.053396],[107.706983,-7.053332],[107.707005,-7.053216],[107.706999,-7.053106],[107.706768,-7.052705],[107.706682,-7.052473],[107.706755,-7.052158],[107.706737,-7.051837],[107.706654,-7.051519],[107.706626,-7.051249],[107.706682,-7.050925],[107.706759,-7.050607],[107.706876,-7.050465],[107.707026,-7.050357],[107.707295,-7.050029],[107.707565,-7.0497],[107.70759,-7.04952],[107.707545,-7.049407],[107.707461,-7.049048],[107.707427,-7.048687],[107.707442,-7.048577],[107.707332,-7.04836],[107.707241,-7.048012],[107.707147,-7.047827],[107.707062,-7.047627],[107.706578,-7.046853],[107.706485,-7.04668],[107.706429,-7.046495],[107.706373,-7.046323],[107.706329,-7.046188],[107.706315,-7.046045],[107.706272,-7.045715],[107.70605,-7.045128],[107.706013,-7.044993],[107.706009,-7.044968],[107.705994,-7.04488],[107.706041,-7.044746],[107.706117,-7.044659],[107.706221,-7.044569],[107.70634,-7.044494],[107.706469,-7.044467],[107.706624,-7.044486],[107.706802,-7.044526],[107.707178,-7.044599],[107.707268,-7.044622],[107.70738,-7.044603],[107.7076,-7.044467],[107.707809,-7.044183],[107.708028,-7.043972],[107.708112,-7.043899],[107.708367,-7.043678],[107.708601,-7.043388],[107.708764,-7.043201],[107.70902,-7.04307],[107.709282,-7.042972],[107.709649,-7.042828],[107.710006,-7.042532],[107.71008,-7.042403],[107.710015,-7.042293],[107.709846,-7.042116],[107.709769,-7.041868],[107.709762,-7.041498],[107.7098,-7.041269],[107.709953,-7.041049],[107.710092,-7.040908],[107.710142,-7.040459],[107.710154,-7.040089],[107.710142,-7.039667],[107.710185,-7.039294],[107.710333,-7.038991],[107.71048,-7.038813],[107.710847,-7.038642],[107.711189,-7.038566],[107.711485,-7.038584],[107.711879,-7.038621],[107.712138,-7.038615],[107.712301,-7.038443],[107.712326,-7.038177],[107.712323,-7.037884],[107.712326,-7.037758],[107.712409,-7.037688],[107.712588,-7.037639],[107.712705,-7.037615],[107.713038,-7.037563],[107.71403,-7.03793],[107.71415,-7.037954],[107.714258,-7.037844],[107.714381,-7.037688],[107.714668,-7.037174],[107.714865,-7.036991],[107.715105,-7.036933],[107.715256,-7.037019],[107.715342,-7.03715],[107.715444,-7.037181],[107.715623,-7.037122],[107.715891,-7.036945],[107.716436,-7.036499],[107.716653,-7.036084],[107.716982,-7.035829],[107.717173,-7.035688],[107.717502,-7.035345],[107.7176,-7.035156],[107.71771,-7.034885],[107.717779,-7.0347],[107.71786,-7.034579],[107.717954,-7.034502],[107.718149,-7.034393],[107.718222,-7.034345],[107.71834,-7.03424],[107.718498,-7.034191],[107.718946,-7.03405],[107.719194,-7.033868],[107.719946,-7.033404],[107.72058,-7.034082],[107.720901,-7.034304],[107.721279,-7.034453],[107.721686,-7.034615],[107.721942,-7.034643],[107.722782,-7.034624],[107.723485,-7.034342],[107.723748,-7.034108],[107.723758,-7.033985],[107.723603,-7.033581],[107.723608,-7.033416],[107.723769,-7.033117],[107.724037,-7.032771],[107.724064,-7.032553],[107.723994,-7.032298],[107.72415,-7.032026],[107.724354,-7.031919],[107.724692,-7.031845],[107.724858,-7.031707],[107.724965,-7.031403],[107.724944,-7.031233],[107.725067,-7.031089],[107.725486,-7.030759],[107.725604,-7.030706],[107.725748,-7.030727],[107.725856,-7.030849],[107.725952,-7.03111],[107.726135,-7.031387],[107.726317,-7.031472],[107.726993,-7.031408],[107.728039,-7.031068],[107.728425,-7.031148],[107.728559,-7.031408],[107.728645,-7.031637],[107.728887,-7.031792],[107.729214,-7.031824],[107.729584,-7.031808],[107.72975,-7.031605],[107.729922,-7.031275],[107.730061,-7.031174],[107.730255,-7.03111],[107.730485,-7.031163],[107.730839,-7.031195],[107.731011,-7.031105],[107.731263,-7.030881],[107.731456,-7.030572],[107.731553,-7.030216],[107.731692,-7.030093],[107.732057,-7.030003],[107.732239,-7.029896],[107.732291,-7.029839],[107.732267,-7.029709],[107.73216,-7.029542],[107.73194,-7.029464],[107.731693,-7.02945],[107.73145,-7.029626],[107.731226,-7.029719],[107.731035,-7.029677],[107.730801,-7.029584],[107.730736,-7.029445],[107.730759,-7.029264],[107.731002,-7.029088],[107.731301,-7.028819],[107.731422,-7.02855],[107.731361,-7.028161],[107.731357,-7.02792],[107.731399,-7.027526],[107.731544,-7.02709],[107.731586,-7.026859],[107.731488,-7.026627],[107.73129,-7.026364],[107.731183,-7.026167],[107.731255,-7.025922],[107.731314,-7.025741],[107.731281,-7.025445],[107.731301,-7.025163],[107.731116,-7.024974],[107.731032,-7.024769],[107.730826,-7.024465],[107.730667,-7.024141]]}},{"type":"Feature","properties":{"name":"Ci Keruh","waterway":"river","kelas":"utama","is_citarum":false},"geometry":{"type":"LineString","coordinates":[[107.778129,-6.941754],[107.777859,-6.942058],[107.777673,-6.942285],[107.777517,-6.942501],[107.77731,-6.942717],[107.777097,-6.9428],[107.776682,-6.942826],[107.776223,-6.942844],[107.776025,-6.942882],[107.775908,-6.942984],[107.775805,-6.942904],[107.775807,-6.942796],[107.775677,-6.942691],[107.775517,-6.94275],[107.775401,-6.94289],[107.77524,-6.943084],[107.775181,-6.943268],[107.775012,-6.943421],[107.774858,-6.943611],[107.774785,-6.943742],[107.774637,-6.943768],[107.774457,-6.943673],[107.774411,-6.943523],[107.774293,-6.943414],[107.774137,-6.94342],[107.774044,-6.943501],[107.774,-6.943633],[107.774022,-6.943871],[107.77395,-6.944179],[107.773765,-6.944376],[107.773553,-6.944602],[107.773531,-6.944697],[107.773538,-6.944908],[107.773538,-6.945112],[107.773523,-6.945301],[107.773479,-6.945403],[107.773333,-6.945389],[107.773149,-6.945345],[107.772951,-6.945243],[107.772848,-6.945316],[107.772812,-6.945432],[107.772863,-6.945556],[107.773076,-6.945629],[107.773377,-6.945724],[107.773494,-6.945906],[107.773736,-6.945928],[107.774081,-6.945789],[107.774382,-6.945724],[107.77469,-6.945804],[107.774939,-6.945942],[107.775048,-6.946081],[107.77499,-6.946299],[107.774845,-6.946488],[107.774649,-6.946743],[107.774466,-6.946882],[107.774415,-6.947115],[107.774525,-6.947304],[107.774833,-6.947304],[107.774994,-6.947384],[107.774987,-6.947617],[107.774847,-6.947734],[107.774671,-6.947814],[107.774547,-6.947807],[107.774326,-6.947712],[107.774246,-6.947501],[107.774128,-6.947362],[107.773982,-6.94737],[107.773871,-6.947515],[107.773849,-6.947836],[107.773819,-6.948144],[107.773814,-6.948238],[107.773808,-6.948366],[107.773889,-6.948425],[107.774017,-6.948414],[107.774098,-6.948345],[107.774323,-6.948297],[107.774409,-6.948361],[107.774479,-6.948447],[107.774521,-6.948575],[107.774489,-6.948724],[107.77443,-6.948911],[107.774301,-6.949028],[107.774108,-6.949081],[107.774034,-6.949144],[107.774044,-6.949251],[107.774189,-6.949358],[107.774419,-6.94948],[107.774495,-6.949619],[107.774489,-6.949816],[107.774301,-6.950066],[107.774168,-6.950315],[107.774076,-6.950503],[107.773945,-6.950689],[107.773878,-6.950806],[107.7738,-6.950964],[107.77373,-6.951065],[107.773704,-6.951205],[107.773655,-6.951287],[107.773631,-6.951413],[107.773618,-6.951503],[107.773588,-6.951583],[107.773588,-6.951648],[107.773529,-6.951726],[107.773462,-6.95176],[107.773406,-6.951794],[107.773331,-6.951806],[107.773282,-6.951782],[107.773215,-6.951737],[107.773092,-6.951687],[107.77295,-6.951668],[107.772853,-6.951666],[107.772732,-6.951696],[107.772666,-6.95174],[107.772628,-6.951802],[107.772633,-6.951902],[107.772652,-6.952082],[107.772682,-6.952232],[107.772681,-6.952308],[107.77262,-6.95234],[107.772523,-6.952371],[107.77233,-6.952392],[107.772191,-6.9524],[107.772081,-6.952385],[107.771976,-6.952323],[107.771823,-6.952243],[107.771751,-6.952232],[107.771713,-6.952244],[107.771609,-6.95231],[107.771536,-6.952414],[107.771461,-6.952534],[107.771378,-6.952666],[107.771333,-6.952773],[107.771319,-6.952805],[107.771295,-6.952942],[107.771254,-6.953075],[107.771206,-6.953186],[107.771129,-6.953239],[107.771043,-6.953223],[107.770933,-6.953169],[107.770753,-6.953103],[107.770595,-6.953039],[107.770496,-6.953052],[107.770431,-6.953109],[107.77041,-6.953229],[107.770415,-6.953373],[107.770391,-6.953597],[107.770332,-6.953847],[107.770179,-6.954085],[107.77001,-6.954232],[107.769844,-6.954309],[107.769689,-6.954555],[107.769518,-6.954828],[107.769365,-6.95512],[107.769165,-6.95524],[107.768848,-6.95509],[107.768589,-6.955013],[107.768231,-6.95507],[107.767567,-6.955389],[107.767209,-6.955554],[107.766984,-6.955595],[107.766958,-6.955817],[107.766792,-6.956239],[107.766674,-6.956401],[107.766167,-6.95696],[107.766048,-6.956999],[107.765842,-6.956811],[107.765662,-6.956809],[107.765527,-6.956929],[107.765469,-6.957058],[107.764908,-6.957353],[107.764698,-6.957473],[107.764536,-6.957558],[107.7645,-6.957687],[107.764442,-6.958112],[107.764216,-6.958198],[107.764029,-6.958209],[107.763787,-6.958154],[107.763557,-6.958121],[107.763354,-6.958086],[107.763152,-6.958027],[107.763008,-6.957979],[107.762908,-6.958022],[107.762678,-6.958125],[107.762538,-6.958114],[107.76247,-6.958066],[107.762463,-6.957967],[107.762473,-6.957834],[107.762348,-6.957727],[107.762171,-6.957666],[107.762017,-6.957736],[107.761878,-6.9579],[107.761852,-6.958033],[107.761788,-6.95822],[107.761702,-6.958291],[107.761555,-6.95829],[107.761434,-6.958173],[107.761367,-6.957974],[107.761176,-6.957883],[107.761048,-6.957802],[107.760871,-6.957788],[107.76075,-6.957737],[107.760659,-6.957649],[107.760501,-6.957467],[107.760376,-6.95734],[107.760171,-6.957267],[107.759932,-6.957238],[107.759782,-6.957205],[107.75954,-6.957198],[107.759404,-6.957205],[107.759327,-6.95726],[107.759195,-6.957347],[107.759099,-6.957493],[107.759019,-6.957639],[107.758876,-6.957715],[107.758725,-6.957635],[107.758534,-6.957442],[107.75838,-6.957262],[107.758289,-6.957224],[107.758174,-6.95723],[107.758069,-6.957307],[107.757964,-6.957395],[107.757822,-6.957438],[107.757737,-6.957446],[107.757675,-6.957453],[107.757483,-6.957475],[107.757255,-6.957486],[107.757028,-6.957499],[107.756866,-6.957502],[107.756724,-6.957505],[107.756712,-6.957499],[107.756484,-6.957584],[107.756338,-6.957617],[107.756103,-6.957648],[107.755781,-6.957675],[107.755364,-6.957694],[107.754962,-6.957702],[107.754712,-6.957707],[107.754393,-6.957771],[107.754157,-6.95788],[107.754027,-6.958026],[107.753894,-6.958285],[107.75385,-6.958401]]}},{"type":"Feature","properties":{"name":"Ci Lameta","waterway":"river","kelas":"utama","is_citarum":false},"geometry":{"type":"LineString","coordinates":[[107.699902,-6.949844],[107.700722,-6.949926],[107.701139,-6.949958],[107.701686,-6.950008],[107.702391,-6.950071],[107.703057,-6.950142],[107.703526,-6.950196],[107.704275,-6.950278],[107.704406,-6.95031],[107.704605,-6.950374],[107.704739,-6.950443],[107.704851,-6.950496],[107.704961,-6.950572],[107.705068,-6.950661],[107.70517,-6.950773],[107.705264,-6.950896],[107.705373,-6.951052]]}},{"type":"Feature","properties":{"name":"Ci Tarum","waterway":"river","kelas":"utama","is_citarum":false},"geometry":{"type":"LineString","coordinates":[[107.701335,-6.988408],[107.70067,-6.988131],[107.699694,-6.987769],[107.698846,-6.987546],[107.698181,-6.987493],[107.697627,-6.987545],[107.696814,-6.987667],[107.695638,-6.987942],[107.691558,-6.989284]]}},{"type":"Feature","properties":{"name":"Ci Tarum","waterway":"river","kelas":"utama","is_citarum":false},"geometry":{"type":"LineString","coordinates":[[107.626858,-6.991368],[107.626801,-6.991343],[107.626252,-6.991021],[107.625999,-6.99086],[107.625737,-6.990602],[107.624995,-6.989721],[107.624677,-6.989256],[107.62438,-6.988823],[107.624014,-6.988338],[107.623729,-6.988044],[107.62336,-6.987815],[107.622837,-6.987698],[107.621898,-6.987759],[107.621014,-6.987882],[107.620198,-6.987951],[107.619726,-6.987892],[107.619377,-6.987695],[107.619225,-6.987568],[107.61912,-6.987381],[107.618865,-6.986614],[107.6186,-6.986338],[107.618325,-6.986189],[107.617873,-6.986055],[107.61719,-6.985808],[107.616813,-6.985518],[107.616675,-6.985341],[107.616593,-6.985038],[107.61657,-6.984789],[107.616616,-6.984415],[107.616779,-6.983967],[107.616928,-6.983768],[107.617017,-6.983617],[107.617151,-6.983459],[107.617641,-6.983106],[107.618201,-6.982806],[107.618653,-6.982466],[107.618967,-6.982083],[107.61903,-6.981717],[107.619023,-6.981514],[107.618939,-6.981332],[107.6186,-6.980987],[107.618168,-6.980584],[107.617888,-6.980214],[107.617707,-6.979865],[107.617628,-6.979635],[107.617549,-6.979285],[107.617538,-6.978494],[107.617528,-6.978022],[107.617513,-6.977712],[107.617389,-6.977265],[107.617186,-6.976827],[107.61695,-6.976477],[107.616783,-6.976303]]}},{"type":"Feature","properties":{"name":"Ci Kapundung Kolot","waterway":"river","kelas":"utama","is_citarum":false},"geometry":{"type":"LineString","coordinates":[[107.636595,-6.965582],[107.63665,-6.965759]]}},{"type":"Feature","properties":{"name":"Ci Kapundung Kolot","waterway":"river","kelas":"utama","is_citarum":false},"geometry":{"type":"LineString","coordinates":[[107.637795,-6.958581],[107.637795,-6.958666],[107.637873,-6.958904],[107.637932,-6.959105],[107.637912,-6.959222],[107.637828,-6.959416],[107.637672,-6.959803],[107.637659,-6.96004],[107.637692,-6.960477],[107.637601,-6.960944],[107.637432,-6.961352],[107.63736,-6.961474],[107.637109,-6.961814],[107.636985,-6.962276],[107.636915,-6.962466],[107.636578,-6.963306],[107.63639,-6.963732],[107.636278,-6.964056],[107.636258,-6.964307],[107.636278,-6.964558],[107.636441,-6.965044],[107.636533,-6.965363]]}},{"type":"Feature","properties":{"name":"Ci Kapundung Kolot","waterway":"river","kelas":"utama","is_citarum":false},"geometry":{"type":"LineString","coordinates":[[107.639478,-6.953849],[107.639445,-6.953887],[107.639309,-6.953919],[107.639206,-6.953894],[107.639133,-6.953842],[107.639077,-6.953843],[107.638688,-6.954022],[107.638621,-6.95406],[107.638625,-6.954228],[107.638631,-6.954604],[107.638632,-6.95477],[107.638682,-6.95496],[107.638824,-6.955313],[107.638896,-6.955617],[107.638889,-6.955878],[107.638552,-6.956527],[107.638477,-6.956724],[107.638412,-6.956917],[107.638079,-6.958071],[107.637853,-6.958396],[107.637795,-6.958581]]}},{"type":"Feature","properties":{"name":"(river)","waterway":"river","kelas":"utama","is_citarum":false},"geometry":{"type":"LineString","coordinates":[[107.639478,-6.953849],[107.639539,-6.95395],[107.63958,-6.954243],[107.639644,-6.95449],[107.639693,-6.954654],[107.63976,-6.954736],[107.639956,-6.954805],[107.640277,-6.95486],[107.64049,-6.954928],[107.640642,-6.955045],[107.640698,-6.955177],[107.640672,-6.955292],[107.640599,-6.95545],[107.640551,-6.955641],[107.640527,-6.955788],[107.640548,-6.955936],[107.640661,-6.956174],[107.640795,-6.956392],[107.641025,-6.956461],[107.641125,-6.956526],[107.641177,-6.956646],[107.641412,-6.95706],[107.641463,-6.95709],[107.641629,-6.957138],[107.641785,-6.957193],[107.641962,-6.957291],[107.64212,-6.957374],[107.642385,-6.957406],[107.642745,-6.957425],[107.642849,-6.957456],[107.64293,-6.957478],[107.642954,-6.957547],[107.642964,-6.957588],[107.642995,-6.95771],[107.643126,-6.958248],[107.643209,-6.95866],[107.643265,-6.95886],[107.643319,-6.958969],[107.643332,-6.959128],[107.643262,-6.959279],[107.643257,-6.959323],[107.643255,-6.959374]]}},{"type":"Feature","properties":{"name":"Ci Kapundung Kolot","waterway":"river","kelas":"utama","is_citarum":false},"geometry":{"type":"LineString","coordinates":[[107.640258,-6.945888],[107.64027,-6.946134],[107.640296,-6.946315],[107.64028,-6.946413],[107.640229,-6.946581],[107.640184,-6.946692],[107.64018,-6.946914],[107.640203,-6.947053],[107.640254,-6.947226],[107.640248,-6.947322],[107.640216,-6.947399],[107.640088,-6.947584],[107.64002,-6.947695],[107.639987,-6.9478],[107.639962,-6.947944],[107.639932,-6.948217],[107.639884,-6.948368],[107.639784,-6.948601],[107.63973,-6.948821],[107.639717,-6.949001],[107.639757,-6.949278],[107.639846,-6.949571],[107.640095,-6.950094],[107.640147,-6.95027],[107.640142,-6.950418],[107.640067,-6.950668],[107.639788,-6.951575],[107.639723,-6.95167],[107.639678,-6.951724],[107.63964,-6.951796],[107.639568,-6.952037],[107.639519,-6.95214],[107.639425,-6.952248],[107.639255,-6.9525],[107.639223,-6.952579],[107.639237,-6.952677],[107.639482,-6.952998],[107.639561,-6.953157],[107.639564,-6.953294],[107.639494,-6.953793],[107.639478,-6.953849]]}},{"type":"Feature","properties":{"name":"Ci Kapundung","waterway":"river","kelas":"utama","is_citarum":false},"geometry":{"type":"LineString","coordinates":[[107.622567,-6.954908],[107.622614,-6.955103],[107.622685,-6.955428],[107.62269,-6.95554],[107.622663,-6.955639],[107.622614,-6.955745],[107.622571,-6.955857],[107.622567,-6.955983],[107.622582,-6.956092],[107.622638,-6.956168],[107.622764,-6.956285],[107.622799,-6.956343],[107.622841,-6.956429],[107.622866,-6.95653],[107.622876,-6.95666],[107.62295,-6.956769],[107.623002,-6.956932],[107.622993,-6.957102],[107.622962,-6.957285],[107.622913,-6.957512],[107.622862,-6.957676],[107.622839,-6.957773],[107.622849,-6.957832],[107.622888,-6.957937],[107.622926,-6.958001],[107.623016,-6.958102],[107.623084,-6.958201],[107.623168,-6.95831],[107.623195,-6.95845],[107.623185,-6.958632],[107.623226,-6.958894],[107.623279,-6.959155],[107.623294,-6.95942],[107.623291,-6.959451],[107.623277,-6.959595],[107.62329,-6.959743],[107.623364,-6.959866],[107.623487,-6.959976],[107.62365,-6.960107],[107.623781,-6.96021],[107.623812,-6.960276],[107.623828,-6.960352],[107.623845,-6.96042],[107.62387,-6.960521],[107.623899,-6.960621],[107.623923,-6.960699],[107.623936,-6.96086],[107.623925,-6.961012],[107.623899,-6.961123],[107.623884,-6.961205],[107.623855,-6.961347],[107.623828,-6.961461],[107.62381,-6.961545],[107.623824,-6.961707],[107.623853,-6.961915],[107.623913,-6.96232],[107.624049,-6.963289],[107.62416,-6.963828],[107.62423,-6.964141],[107.62437,-6.964717],[107.624468,-6.965023],[107.624719,-6.96557],[107.62484,-6.965866],[107.624941,-6.966218],[107.625126,-6.966636],[107.625262,-6.966948],[107.625363,-6.967074],[107.625577,-6.96728],[107.625641,-6.967379],[107.625669,-6.967534],[107.625667,-6.967571],[107.625657,-6.9676],[107.625639,-6.967635],[107.625596,-6.967707],[107.625419,-6.967907],[107.62538,-6.968081],[107.625401,-6.968193],[107.625468,-6.968314],[107.625546,-6.96838],[107.625692,-6.968483],[107.625762,-6.968569],[107.625809,-6.96869],[107.625824,-6.968762],[107.625834,-6.969011],[107.62591,-6.969225],[107.625964,-6.969445],[107.626002,-6.969599],[107.626005,-6.969694],[107.625976,-6.969778],[107.625928,-6.96983],[107.625846,-6.969912],[107.625743,-6.970015],[107.625554,-6.970177],[107.625451,-6.970286],[107.625377,-6.970346],[107.62533,-6.970407],[107.6253,-6.97048],[107.625296,-6.970554],[107.625314,-6.970624],[107.625369,-6.970804],[107.625394,-6.970977],[107.6254,-6.971158],[107.625384,-6.971339],[107.625311,-6.971596],[107.625287,-6.971728],[107.625277,-6.971874],[107.625276,-6.97202],[107.625269,-6.972817],[107.62525,-6.972976],[107.625198,-6.973232],[107.625149,-6.973516],[107.625135,-6.97375],[107.625163,-6.973974],[107.625262,-6.974554],[107.625277,-6.974768],[107.625267,-6.975081],[107.625286,-6.975245],[107.625318,-6.975362],[107.625386,-6.975487],[107.625739,-6.975971],[107.625844,-6.976214],[107.625918,-6.976494],[107.625988,-6.976778],[107.626007,-6.977036],[107.625996,-6.977302],[107.625955,-6.977561],[107.625871,-6.977835],[107.625821,-6.9781],[107.625587,-6.979458],[107.625514,-6.979908],[107.625477,-6.980061],[107.625429,-6.980173],[107.625323,-6.980344],[107.625269,-6.980443],[107.625239,-6.98055],[107.625232,-6.980682],[107.625275,-6.981517],[107.625261,-6.981674],[107.625236,-6.981817],[107.625081,-6.982332],[107.625056,-6.982463],[107.625037,-6.982616],[107.625024,-6.982739],[107.625024,-6.983001],[107.625034,-6.983112],[107.625052,-6.983291],[107.625046,-6.983485],[107.625032,-6.983583],[107.624998,-6.983695],[107.624933,-6.983858],[107.624805,-6.984652],[107.624806,-6.984716]]}},{"type":"Feature","properties":{"name":"Ci Kapundung","waterway":"river","kelas":"utama","is_citarum":false},"geometry":{"type":"LineString","coordinates":[[107.622197,-6.9522],[107.622266,-6.952734],[107.622325,-6.953169],[107.622324,-6.953397],[107.62231,-6.953638],[107.622316,-6.953675],[107.622355,-6.953843],[107.622396,-6.954002],[107.622432,-6.954221],[107.622485,-6.954595],[107.622567,-6.954908]]}},{"type":"Feature","properties":{"name":"Ci Kapundung","waterway":"river","kelas":"utama","is_citarum":false},"geometry":{"type":"LineString","coordinates":[[107.621839,-6.949223],[107.621845,-6.949466],[107.621865,-6.949795],[107.621914,-6.95028],[107.621958,-6.950691],[107.622007,-6.951025],[107.622126,-6.951751],[107.622197,-6.9522]]}},{"type":"Feature","properties":{"name":"Ci Sangkuy","waterway":"river","kelas":"utama","is_citarum":false},"geometry":{"type":"LineString","coordinates":[[107.547293,-7.108813],[107.547276,-7.108517],[107.547384,-7.108272],[107.547834,-7.107963],[107.549175,-7.10757],[107.54969,-7.10724],[107.550141,-7.106867],[107.550484,-7.106324],[107.550806,-7.106026],[107.550935,-7.105845],[107.550924,-7.105643],[107.550838,-7.10543],[107.550463,-7.105121],[107.550302,-7.105004],[107.550152,-7.104769],[107.550066,-7.104376],[107.550119,-7.104152],[107.550484,-7.103886],[107.55057,-7.103694],[107.550473,-7.103481],[107.550302,-7.103396],[107.549926,-7.103247],[107.549787,-7.103141],[107.549647,-7.102864],[107.549304,-7.102332],[107.549207,-7.102001],[107.549123,-7.101678],[107.549261,-7.101439],[107.549407,-7.101207],[107.549513,-7.10082],[107.549586,-7.100564],[107.549744,-7.100351],[107.549862,-7.10017],[107.550066,-7.100096],[107.550173,-7.099904],[107.550184,-7.09968],[107.549917,-7.099305],[107.54994,-7.099153],[107.550054,-7.099031],[107.550331,-7.09898],[107.550502,-7.098984],[107.550828,-7.098978],[107.551378,-7.098929],[107.551552,-7.098893],[107.551787,-7.099361],[107.55186,-7.099515],[107.551956,-7.099588],[107.552,-7.099619],[107.552039,-7.099608],[107.55211,-7.099588]]}},{"type":"Feature","properties":{"name":"Ci Sangkuy","waterway":"river","kelas":"utama","is_citarum":false},"geometry":{"type":"LineString","coordinates":[[107.55211,-7.099588],[107.552426,-7.099488],[107.552623,-7.099321],[107.552866,-7.098935],[107.552909,-7.098605],[107.55322,-7.097924],[107.553242,-7.097743],[107.553209,-7.097477],[107.553113,-7.097338],[107.552759,-7.097115],[107.552555,-7.096923],[107.552437,-7.096742],[107.552448,-7.096433],[107.552609,-7.09622],[107.552952,-7.095773],[107.552973,-7.095571],[107.55293,-7.095219],[107.552727,-7.094613],[107.55206,-7.09333],[107.55188,-7.093021],[107.551819,-7.092835],[107.551884,-7.092705],[107.551977,-7.092604],[107.552053,-7.092395],[107.551986,-7.092292],[107.551868,-7.092206],[107.55131,-7.092163],[107.551027,-7.092121],[107.550906,-7.091998],[107.550941,-7.091876],[107.551235,-7.091578],[107.551621,-7.091312],[107.55219,-7.091152],[107.552448,-7.091089],[107.552609,-7.090929],[107.55263,-7.090727],[107.552533,-7.090428],[107.552265,-7.089939],[107.552104,-7.089396],[107.55204,-7.088853],[107.552174,-7.087779],[107.55216,-7.087615],[107.552167,-7.087422],[107.552144,-7.0874],[107.552102,-7.087386],[107.551684,-7.087451],[107.551364,-7.087511],[107.551192,-7.087458],[107.550991,-7.087208],[107.550948,-7.086974],[107.550932,-7.086138],[107.550806,-7.085755],[107.550656,-7.085595],[107.550463,-7.085488],[107.550044,-7.085403],[107.549765,-7.085307],[107.549551,-7.085148],[107.54954,-7.084924],[107.549658,-7.084786],[107.550023,-7.084434],[107.550398,-7.083668],[107.550431,-7.08338],[107.550398,-7.083029],[107.550213,-7.082784],[107.549806,-7.082427],[107.549428,-7.082164],[107.549079,-7.081922],[107.548929,-7.081804],[107.548918,-7.081613],[107.549004,-7.081262],[107.549411,-7.080868],[107.549583,-7.08025],[107.549529,-7.079537],[107.549395,-7.078967],[107.549031,-7.078014],[107.549084,-7.077503],[107.549356,-7.077211],[107.549509,-7.077121],[107.549755,-7.076816],[107.54991,-7.076401],[107.550028,-7.076066],[107.550125,-7.075794],[107.550516,-7.074873],[107.550688,-7.074485],[107.550962,-7.074192],[107.551235,-7.073809],[107.551074,-7.073234],[107.551225,-7.072052],[107.551482,-7.071637],[107.551547,-7.07126],[107.551236,-7.07077],[107.551129,-7.070301],[107.551289,-7.069694],[107.551879,-7.068932],[107.551933,-7.068289],[107.551869,-7.067661],[107.552019,-7.067405],[107.552169,-7.06732],[107.552523,-7.067367],[107.552909,-7.067452],[107.553457,-7.067235],[107.554047,-7.066948],[107.554562,-7.066703],[107.555044,-7.066351],[107.555462,-7.065898],[107.555806,-7.065131],[107.556014,-7.064616],[107.556072,-7.064461]]}},{"type":"Feature","properties":{"name":"(river)","waterway":"river","kelas":"utama","is_citarum":false},"geometry":{"type":"LineString","coordinates":[[107.550398,-7.083029],[107.550412,-7.082876],[107.550423,-7.082601],[107.550418,-7.082452],[107.550254,-7.082394],[107.550088,-7.08237],[107.549956,-7.082317],[107.549804,-7.082274],[107.549683,-7.082218],[107.549522,-7.082162],[107.549428,-7.082164]]}},{"type":"Feature","properties":{"name":"Ci Sangkuy","waterway":"river","kelas":"utama","is_citarum":false},"geometry":{"type":"LineString","coordinates":[[107.556072,-7.064461],[107.556219,-7.064159],[107.556444,-7.063364],[107.556592,-7.062787],[107.556675,-7.062341],[107.556734,-7.062022],[107.556766,-7.061968],[107.556844,-7.061836],[107.557075,-7.061667],[107.55735,-7.061535],[107.557834,-7.06147],[107.558078,-7.061307],[107.558139,-7.061],[107.558188,-7.060744],[107.558287,-7.060091],[107.558391,-7.059722],[107.558497,-7.059305],[107.558654,-7.059035],[107.558981,-7.058535],[107.559156,-7.058301],[107.55925,-7.057793],[107.559336,-7.057284],[107.559424,-7.056794],[107.559502,-7.05632],[107.559523,-7.055977],[107.559368,-7.055687],[107.558306,-7.054973],[107.55778,-7.054494],[107.557555,-7.05409],[107.557382,-7.053811],[107.557359,-7.053545],[107.557359,-7.053259],[107.557423,-7.052993],[107.557748,-7.052663],[107.558016,-7.052624],[107.558267,-7.052699],[107.558443,-7.052818],[107.558794,-7.052791],[107.559018,-7.052633],[107.559097,-7.052457],[107.559219,-7.05227],[107.559475,-7.051704],[107.559724,-7.051321],[107.560091,-7.051133],[107.560403,-7.050957],[107.560666,-7.050724],[107.561229,-7.05039],[107.561755,-7.050145],[107.562123,-7.04993],[107.562629,-7.049884],[107.563091,-7.049777],[107.563595,-7.049586],[107.564003,-7.04933],[107.564314,-7.049266],[107.56514,-7.049405],[107.566792,-7.0495],[107.567822,-7.049564],[107.568369,-7.049756],[107.568916,-7.04999],[107.56919,-7.050214],[107.569373,-7.050477],[107.569446,-7.050708],[107.569571,-7.051033],[107.569651,-7.051276],[107.569828,-7.051524],[107.570032,-7.051662],[107.57029,-7.051609],[107.570708,-7.05147],[107.571287,-7.051492],[107.571749,-7.051396],[107.572057,-7.051271],[107.572208,-7.051051],[107.572307,-7.050744],[107.572127,-7.050557],[107.571974,-7.050121],[107.571873,-7.049648],[107.571856,-7.049085],[107.57191,-7.04884],[107.571998,-7.048543],[107.572232,-7.048394],[107.572482,-7.048411],[107.572817,-7.048293],[107.573092,-7.048257],[107.573412,-7.048532],[107.573551,-7.048681],[107.573597,-7.048855],[107.573531,-7.049019],[107.573369,-7.049198],[107.573321,-7.04957],[107.57354,-7.050209],[107.573755,-7.050379],[107.574088,-7.050288],[107.574399,-7.050129],[107.574686,-7.049975],[107.574924,-7.049639],[107.575343,-7.049437],[107.575714,-7.049096],[107.575898,-7.048993],[107.576175,-7.049022],[107.576575,-7.049278],[107.577022,-7.049322],[107.577338,-7.049405],[107.577811,-7.049224],[107.578168,-7.048983],[107.578575,-7.048919],[107.578749,-7.04883],[107.578873,-7.048744],[107.579012,-7.048329],[107.57895,-7.047981],[107.578894,-7.047584],[107.578733,-7.047307],[107.578612,-7.04705],[107.578413,-7.046964],[107.578231,-7.046996],[107.577896,-7.047158],[107.577615,-7.047328],[107.57736,-7.047456],[107.577124,-7.04744],[107.57695,-7.047222],[107.576947,-7.047001],[107.577013,-7.046858],[107.577174,-7.046698],[107.577328,-7.046594],[107.578161,-7.045484],[107.57837,-7.045208],[107.578465,-7.044943],[107.578454,-7.04472],[107.578712,-7.044294],[107.578841,-7.044081],[107.579023,-7.043729],[107.579187,-7.04331],[107.579314,-7.04266],[107.579302,-7.042452],[107.579066,-7.042334],[107.578444,-7.042356],[107.578044,-7.042327],[107.577501,-7.042123],[107.576613,-7.041692],[107.576374,-7.041479],[107.576215,-7.041289],[107.576108,-7.041076],[107.576236,-7.040757],[107.576494,-7.040395],[107.576646,-7.039903],[107.576859,-7.039394],[107.577266,-7.03933],[107.577653,-7.039628],[107.578897,-7.039926],[107.579176,-7.039799],[107.579176,-7.039522],[107.57879,-7.039202],[107.578449,-7.038966],[107.578138,-7.038538],[107.577805,-7.038053],[107.577397,-7.037411],[107.577496,-7.036835],[107.577585,-7.035321],[107.577561,-7.034912],[107.577466,-7.034541],[107.577619,-7.034521]]}},{"type":"Feature","properties":{"name":"Ci Sangkuy","waterway":"river","kelas":"utama","is_citarum":false},"geometry":{"type":"LineString","coordinates":[[107.55373,-7.14093],[107.553834,-7.1409],[107.554029,-7.140739],[107.55409,-7.140693],[107.554133,-7.140649],[107.554143,-7.140605],[107.554073,-7.140411],[107.553844,-7.140061],[107.55348,-7.139474],[107.55341,-7.139302],[107.553426,-7.13909],[107.553598,-7.138643],[107.55356,-7.138356],[107.553534,-7.138153],[107.553448,-7.13777],[107.55304,-7.137387],[107.552748,-7.137243],[107.55268,-7.13703],[107.552783,-7.136833],[107.553018,-7.136301],[107.55304,-7.135875],[107.552911,-7.135471],[107.552761,-7.134853],[107.553061,-7.132213],[107.553555,-7.131787],[107.553684,-7.131212],[107.553791,-7.130637],[107.554134,-7.130254],[107.554521,-7.129913],[107.554521,-7.129637],[107.554456,-7.129403],[107.554199,-7.129232],[107.553619,-7.129168],[107.553104,-7.129168],[107.552911,-7.128891],[107.553083,-7.128593],[107.553535,-7.12858],[107.553791,-7.128423],[107.554134,-7.128104],[107.554478,-7.127848],[107.555057,-7.127699],[107.555272,-7.127401],[107.555292,-7.127275],[107.555316,-7.127132],[107.555014,-7.12689],[107.554671,-7.126464],[107.554263,-7.126081],[107.554242,-7.125698],[107.554457,-7.125304],[107.554596,-7.125145],[107.5548,-7.125081],[107.55495,-7.124857],[107.555015,-7.124666],[107.55494,-7.124452],[107.554518,-7.124362],[107.55395,-7.124354],[107.553607,-7.124433],[107.553548,-7.124446],[107.553446,-7.124356],[107.553373,-7.124208],[107.553384,-7.123963],[107.553202,-7.123739],[107.553062,-7.123545],[107.552859,-7.123342],[107.552826,-7.123033],[107.552751,-7.122682],[107.552526,-7.122484],[107.552207,-7.122505],[107.551947,-7.122362],[107.55181,-7.122064],[107.55162,-7.121798],[107.551646,-7.121404],[107.551804,-7.121193],[107.552032,-7.1209],[107.552269,-7.120877],[107.552505,-7.120851],[107.552537,-7.120712],[107.552319,-7.120416],[107.552022,-7.119988],[107.552024,-7.11949],[107.552063,-7.118943],[107.551879,-7.118354],[107.551825,-7.118003],[107.551825,-7.117779],[107.551868,-7.11754],[107.55197,-7.117391],[107.551874,-7.117109],[107.551568,-7.116747],[107.551418,-7.11647],[107.551267,-7.116225],[107.551203,-7.115874],[107.551029,-7.115578],[107.550679,-7.115028],[107.550447,-7.114797],[107.550296,-7.114643],[107.550208,-7.114554],[107.550195,-7.11454],[107.55018,-7.11445],[107.550176,-7.114425],[107.550235,-7.114189],[107.550206,-7.113848],[107.550152,-7.11367],[107.550015,-7.113621],[107.549804,-7.113598],[107.549683,-7.1136],[107.549606,-7.113553],[107.549603,-7.113423],[107.549688,-7.113204],[107.549866,-7.112742],[107.549978,-7.112476],[107.549937,-7.11225],[107.549706,-7.112008],[107.549268,-7.111656],[107.549189,-7.111434],[107.549222,-7.111309],[107.549107,-7.11106],[107.549109,-7.110939],[107.548908,-7.110834],[107.548746,-7.110742],[107.548564,-7.110699]]}},{"type":"Feature","properties":{"name":"Ci Tarik","waterway":"river","kelas":"utama","is_citarum":false},"geometry":{"type":"LineString","coordinates":[[107.839262,-6.968587],[107.839161,-6.968531],[107.83874,-6.968228],[107.838402,-6.967969],[107.838105,-6.96786],[107.837721,-6.967709],[107.837244,-6.967512],[107.836933,-6.967474],[107.836691,-6.967546],[107.83646,-6.967504],[107.83634,-6.967424],[107.836291,-6.967317],[107.836259,-6.966947],[107.836206,-6.966772],[107.836066,-6.966702],[107.836002,-6.96663],[107.836023,-6.966534],[107.836098,-6.966441],[107.836079,-6.966359],[107.835903,-6.966244],[107.835677,-6.966159],[107.835489,-6.966242],[107.835371,-6.966329],[107.835168,-6.966311],[107.835052,-6.966276],[107.835009,-6.966135],[107.83491,-6.966034],[107.834763,-6.965869],[107.834599,-6.965379],[107.834473,-6.965155],[107.834355,-6.96499],[107.83413,-6.964876],[107.833877,-6.964873],[107.833802,-6.964924],[107.833647,-6.964908],[107.833397,-6.964783],[107.833218,-6.964687],[107.833041,-6.964701],[107.83288,-6.964778],[107.832807,-6.964719],[107.832799,-6.964602],[107.832679,-6.964533],[107.832499,-6.964583],[107.832255,-6.964599],[107.832062,-6.964466],[107.831844,-6.964352],[107.831461,-6.964197],[107.831214,-6.964173],[107.831016,-6.964248],[107.830903,-6.964352],[107.830699,-6.964469],[107.830608,-6.964445],[107.830442,-6.96424],[107.830291,-6.964179],[107.830222,-6.964219],[107.830204,-6.964304],[107.830089,-6.964581],[107.830068,-6.96491],[107.830097,-6.965051],[107.830113,-6.965168],[107.830037,-6.965259],[107.830045,-6.965355],[107.830003,-6.965455],[107.829929,-6.965539],[107.829817,-6.96565],[107.829706,-6.965767],[107.829648,-6.965921],[107.829625,-6.965994]]}},{"type":"Feature","properties":{"name":"Ci Tarik","waterway":"river","kelas":"utama","is_citarum":false},"geometry":{"type":"LineString","coordinates":[[107.845938,-6.969433],[107.845874,-6.969707],[107.84575,-6.97008],[107.845536,-6.97025],[107.845133,-6.970357],[107.844785,-6.970245],[107.844527,-6.970213],[107.844393,-6.970352],[107.844232,-6.970543],[107.843948,-6.970623],[107.843175,-6.970517],[107.842762,-6.970218],[107.842321,-6.969916],[107.842222,-6.969727],[107.842077,-6.969418],[107.842064,-6.969316]]}},{"type":"Feature","properties":{"name":"Ci Tarik","waterway":"river","kelas":"utama","is_citarum":false},"geometry":{"type":"LineString","coordinates":[[107.842064,-6.969316],[107.842045,-6.969168],[107.841948,-6.968987],[107.841632,-6.968715],[107.841023,-6.968529],[107.840806,-6.968436],[107.840578,-6.968403],[107.840221,-6.968483],[107.840025,-6.968555]]}},{"type":"Feature","properties":{"name":"Ci Tarik","waterway":"river","kelas":"utama","is_citarum":false},"geometry":{"type":"LineString","coordinates":[[107.840025,-6.968555],[107.839577,-6.968696],[107.839368,-6.968646],[107.839262,-6.968587]]}},{"type":"Feature","properties":{"name":"Ci Tarik","waterway":"river","kelas":"utama","is_citarum":false},"geometry":{"type":"LineString","coordinates":[[107.829625,-6.965994],[107.829672,-6.966066],[107.829751,-6.966146],[107.829843,-6.966216],[107.829966,-6.966307],[107.830002,-6.966422],[107.829966,-6.966528],[107.829912,-6.966658],[107.829949,-6.966777],[107.830028,-6.967116],[107.83009,-6.967292]]}},{"type":"Feature","properties":{"name":"Ci Lameta","waterway":"river","kelas":"utama","is_citarum":false},"geometry":{"type":"LineString","coordinates":[[107.704632,-6.967561],[107.704631,-6.968092],[107.70462,-6.969213],[107.704632,-6.969402],[107.704663,-6.969559],[107.704759,-6.969755],[107.704895,-6.969897],[107.705129,-6.97001],[107.706125,-6.970324],[107.707228,-6.970642],[107.707466,-6.970702],[107.708793,-6.971086],[107.708922,-6.971139],[107.709038,-6.971207],[107.709108,-6.971285],[107.709163,-6.971425],[107.709256,-6.971709],[107.709451,-6.972284],[107.709682,-6.97301],[107.709762,-6.973286],[107.709783,-6.973413],[107.709784,-6.973686],[107.709746,-6.974165],[107.709719,-6.974432],[107.709665,-6.974659]]}},{"type":"Feature","properties":{"name":"Ci Lameta","waterway":"river","kelas":"utama","is_citarum":false},"geometry":{"type":"LineString","coordinates":[[107.704662,-6.965746],[107.704683,-6.967173],[107.704683,-6.967236],[107.704678,-6.967371],[107.704632,-6.967561]]}},{"type":"Feature","properties":{"name":"Ci Lameta","waterway":"river","kelas":"utama","is_citarum":false},"geometry":{"type":"LineString","coordinates":[[107.704661,-6.965047],[107.704662,-6.965746]]}},{"type":"Feature","properties":{"name":"Ci Keruh","waterway":"river","kelas":"utama","is_citarum":false},"geometry":{"type":"LineString","coordinates":[[107.706286,-6.980613],[107.706243,-6.980757],[107.706147,-6.980992],[107.70598,-6.981295],[107.705793,-6.981545],[107.705514,-6.981817],[107.704967,-6.982163],[107.704189,-6.982541],[107.703701,-6.982722],[107.703148,-6.982844],[107.702757,-6.982919],[107.702553,-6.982978],[107.702353,-6.983074],[107.702183,-6.983207],[107.702038,-6.983361],[107.701925,-6.983569],[107.701743,-6.983995],[107.701238,-6.985049],[107.700847,-6.985858],[107.700407,-6.986742],[107.699986,-6.98753],[107.699865,-6.987642],[107.699694,-6.987769]]}},{"type":"Feature","properties":{"name":"Ci Keruh","waterway":"river","kelas":"utama","is_citarum":false},"geometry":{"type":"LineString","coordinates":[[107.718462,-6.97152],[107.71827,-6.971622],[107.718057,-6.971664],[107.717826,-6.971637],[107.717526,-6.971612],[107.717224,-6.971572],[107.716581,-6.97146],[107.715886,-6.971299],[107.715328,-6.971183]]}},{"type":"Feature","properties":{"name":"Ci Keruh","waterway":"river","kelas":"utama","is_citarum":false},"geometry":{"type":"LineString","coordinates":[[107.71898,-6.971063],[107.718827,-6.971242],[107.718668,-6.971395],[107.718462,-6.97152]]}},{"type":"Feature","properties":{"name":"Ci Keruh","waterway":"river","kelas":"utama","is_citarum":false},"geometry":{"type":"LineString","coordinates":[[107.719667,-6.968935],[107.719508,-6.969086],[107.719342,-6.969277],[107.719193,-6.969525],[107.719052,-6.969817],[107.719028,-6.97016],[107.719056,-6.970405],[107.719063,-6.970564],[107.71904,-6.970839],[107.71898,-6.971063]]}},{"type":"Feature","properties":{"name":"Ci Keruh","waterway":"river","kelas":"utama","is_citarum":false},"geometry":{"type":"LineString","coordinates":[[107.72253,-6.968868],[107.721802,-6.968863],[107.721585,-6.968855],[107.721252,-6.968833],[107.720792,-6.968793],[107.720501,-6.96878],[107.720243,-6.968797],[107.719998,-6.968802],[107.719667,-6.968935]]}},{"type":"Feature","properties":{"name":"Ci Keruh","waterway":"river","kelas":"utama","is_citarum":false},"geometry":{"type":"LineString","coordinates":[[107.723354,-6.969105],[107.723111,-6.969007],[107.722835,-6.96891],[107.722628,-6.968883],[107.72253,-6.968868]]}},{"type":"Feature","properties":{"name":"Ci Keruh","waterway":"river","kelas":"utama","is_citarum":false},"geometry":{"type":"LineString","coordinates":[[107.724437,-6.969503],[107.723881,-6.96929],[107.723572,-6.969204],[107.723354,-6.969105]]}},{"type":"Feature","properties":{"name":"Ci Keruh","waterway":"river","kelas":"utama","is_citarum":false},"geometry":{"type":"LineString","coordinates":[[107.748082,-6.961802],[107.748004,-6.961861],[107.74794,-6.962018],[107.747816,-6.962212],[107.74776,-6.96227],[107.747708,-6.962323],[107.747678,-6.962344],[107.747535,-6.962449],[107.747437,-6.962552],[107.747304,-6.962586],[107.747138,-6.96261],[107.746888,-6.962576],[107.746713,-6.962522],[107.746616,-6.962518],[107.746489,-6.962543],[107.746302,-6.962661],[107.746159,-6.962713],[107.746076,-6.962737],[107.746014,-6.962741],[107.745797,-6.962737],[107.745622,-6.962736],[107.745469,-6.962728],[107.745431,-6.962726],[107.74533,-6.962726],[107.745237,-6.962762],[107.745189,-6.962848],[107.745184,-6.962933],[107.745186,-6.963079],[107.745165,-6.963191],[107.745119,-6.963223],[107.745025,-6.963196],[107.744948,-6.963154],[107.744878,-6.963063],[107.744784,-6.963005],[107.744682,-6.962989],[107.744603,-6.963024],[107.744548,-6.963106],[107.744517,-6.963214],[107.744456,-6.963259],[107.744376,-6.963276],[107.744201,-6.96328],[107.744018,-6.963256],[107.743934,-6.963279],[107.743899,-6.963369],[107.743871,-6.963437],[107.743805,-6.963463],[107.743666,-6.963463],[107.743528,-6.963482],[107.743415,-6.963522],[107.743277,-6.963625],[107.743204,-6.963673],[107.74314,-6.963673],[107.743058,-6.963644],[107.742959,-6.963642],[107.742887,-6.963674],[107.742853,-6.963756],[107.742834,-6.963859],[107.742796,-6.963998],[107.742772,-6.964179],[107.742751,-6.96432],[107.742697,-6.964434],[107.74262,-6.96449],[107.742526,-6.964498],[107.742445,-6.964464],[107.742378,-6.964395],[107.742276,-6.964336],[107.742153,-6.964296],[107.74204,-6.964264],[107.741882,-6.964197],[107.741756,-6.964107],[107.741654,-6.964024],[107.741608,-6.963992],[107.741548,-6.964009],[107.741457,-6.964052],[107.741363,-6.96411],[107.741308,-6.964192],[107.741281,-6.964328],[107.741232,-6.964488],[107.741176,-6.964597],[107.741108,-6.964651],[107.741022,-6.964659],[107.740895,-6.964637],[107.740785,-6.964597],[107.740643,-6.96452],[107.740573,-6.964453],[107.740479,-6.964368],[107.740419,-6.964342],[107.740352,-6.964382],[107.740263,-6.96447],[107.740179,-6.964522],[107.740085,-6.964522],[107.740007,-6.964496],[107.739926,-6.964434],[107.739846,-6.964363],[107.739795,-6.964275],[107.739733,-6.964235],[107.739657,-6.964235],[107.73957,-6.96428],[107.739453,-6.964336],[107.739369,-6.964363],[107.739299,-6.964339],[107.739202,-6.964285],[107.739114,-6.964221],[107.739007,-6.964197],[107.73892,-6.964198],[107.738844,-6.964219],[107.738662,-6.964297],[107.738478,-6.964373],[107.738222,-6.964507],[107.73808,-6.964563],[107.737915,-6.964589],[107.737722,-6.964578],[107.73762,-6.96457],[107.737505,-6.964533],[107.737384,-6.964482],[107.737201,-6.964416],[107.736826,-6.964268],[107.736733,-6.964239],[107.736568,-6.964244],[107.736475,-6.96426],[107.73632,-6.964285],[107.736272,-6.964297],[107.736218,-6.964308],[107.736161,-6.964322],[107.736107,-6.964337],[107.736055,-6.964366],[107.735976,-6.964437],[107.735903,-6.964485],[107.73575,-6.964575],[107.735632,-6.964663],[107.73556,-6.964725],[107.735491,-6.964822],[107.735424,-6.964892],[107.735383,-6.964947],[107.735368,-6.964974],[107.735341,-6.965021],[107.735328,-6.965051],[107.735239,-6.965196],[107.735191,-6.965269],[107.735141,-6.965372],[107.735104,-6.965455],[107.735054,-6.965543],[107.734986,-6.965653],[107.734897,-6.965787],[107.734801,-6.965919],[107.734745,-6.966017],[107.734698,-6.966102],[107.734637,-6.966173],[107.734562,-6.966261],[107.734498,-6.966361],[107.734401,-6.966515],[107.734315,-6.966663],[107.734235,-6.966777],[107.734165,-6.966873],[107.734097,-6.966972],[107.734019,-6.967086],[107.733945,-6.967205],[107.733859,-6.967325],[107.733735,-6.967519],[107.73363,-6.967664],[107.733576,-6.967826],[107.733528,-6.967999],[107.733493,-6.968142],[107.733458,-6.968236],[107.733414,-6.968302],[107.733371,-6.968359],[107.733298,-6.968424],[107.733142,-6.968547],[107.73293,-6.968673],[107.732744,-6.968771],[107.732674,-6.968815],[107.732613,-6.968873],[107.732497,-6.968975],[107.732407,-6.969098],[107.732223,-6.969386],[107.732038,-6.969686],[107.731932,-6.969824],[107.731866,-6.969918],[107.731769,-6.970052],[107.731699,-6.970121],[107.731556,-6.970229],[107.731416,-6.970306],[107.731315,-6.970345],[107.731234,-6.970361],[107.730978,-6.970367],[107.730791,-6.970358],[107.730635,-6.970348],[107.730472,-6.970324],[107.730312,-6.9703],[107.730134,-6.970316],[107.729847,-6.970361],[107.729536,-6.97043],[107.729281,-6.970505],[107.728987,-6.970564],[107.728857,-6.970585],[107.728645,-6.97059],[107.728511,-6.970577],[107.728313,-6.970547],[107.727947,-6.970492],[107.727784,-6.970481],[107.72743,-6.970385],[107.727064,-6.970298],[107.726917,-6.97026],[107.726775,-6.970258],[107.726666,-6.970257],[107.726432,-6.970294],[107.726231,-6.970308],[107.725984,-6.970297],[107.725706,-6.970257],[107.72552,-6.970169],[107.72533,-6.970079],[107.725137,-6.969954],[107.724868,-6.969781],[107.724604,-6.969595],[107.724437,-6.969503]]}},{"type":"Feature","properties":{"name":"Ci Keruh","waterway":"river","kelas":"utama","is_citarum":false},"geometry":{"type":"LineString","coordinates":[[107.75385,-6.958401],[107.753817,-6.958487],[107.753783,-6.958566],[107.753685,-6.958695],[107.753598,-6.958763],[107.753523,-6.958854],[107.753438,-6.958919],[107.753301,-6.958932],[107.753191,-6.95891],[107.753101,-6.958877],[107.752999,-6.958935],[107.752815,-6.959025],[107.752747,-6.959047],[107.752629,-6.959087],[107.752475,-6.959077],[107.752357,-6.959029],[107.752275,-6.95901],[107.752198,-6.95904],[107.752105,-6.959116],[107.751813,-6.959257],[107.751583,-6.959363],[107.75147,-6.95944],[107.751363,-6.959554],[107.751204,-6.959683],[107.750967,-6.959818],[107.75083,-6.959924],[107.750722,-6.960015],[107.75068,-6.960121],[107.750685,-6.960225],[107.750709,-6.960348],[107.750755,-6.960473],[107.7508,-6.960587],[107.750814,-6.960712],[107.750798,-6.960971],[107.750776,-6.961253],[107.750741,-6.961599],[107.750682,-6.961964],[107.750671,-6.962078],[107.750618,-6.962115],[107.750543,-6.962094],[107.750465,-6.962038],[107.750371,-6.961977],[107.750261,-6.961964],[107.750122,-6.96202],[107.750022,-6.962102],[107.749928,-6.962153],[107.749848,-6.962139],[107.749727,-6.962091],[107.749558,-6.962017],[107.749416,-6.961969],[107.749266,-6.961958],[107.749137,-6.961958],[107.749011,-6.961966],[107.748853,-6.961953],[107.748601,-6.961918],[107.748349,-6.961849],[107.748184,-6.961807],[107.748082,-6.961802]]}},{"type":"Feature","properties":{"name":"Ci Kapundung Kolot","waterway":"river","kelas":"utama","is_citarum":false},"geometry":{"type":"LineString","coordinates":[[107.636544,-6.967222],[107.636309,-6.968361],[107.636043,-6.968711],[107.635814,-6.969031],[107.635531,-6.969741]]}},{"type":"Feature","properties":{"name":"Ci Kapundung Kolot","waterway":"river","kelas":"utama","is_citarum":false},"geometry":{"type":"LineString","coordinates":[[107.635531,-6.969741],[107.635488,-6.969849],[107.635411,-6.970582],[107.634827,-6.972362],[107.634685,-6.972568],[107.634561,-6.972668]]}},{"type":"Feature","properties":{"name":"Ci Kapundung","waterway":"river","kelas":"utama","is_citarum":false},"geometry":{"type":"LineString","coordinates":[[107.631054,-6.989998],[107.630978,-6.990346],[107.630834,-6.990626],[107.630492,-6.990927],[107.629949,-6.991286],[107.629517,-6.991462]]}},{"type":"Feature","properties":{"name":"Ci Tarum","waterway":"river","kelas":"utama","is_citarum":false},"geometry":{"type":"LineString","coordinates":[[107.631484,-6.993777],[107.631477,-6.993726],[107.631367,-6.993292],[107.63108,-6.99252],[107.630646,-6.991945],[107.630223,-6.991669],[107.629517,-6.991462]]}},{"type":"Feature","properties":{"name":"Ci Tarum","waterway":"river","kelas":"utama","is_citarum":false},"geometry":{"type":"LineString","coordinates":[[107.641194,-7.005789],[107.640524,-7.005023],[107.638122,-7.002809],[107.636435,-7.00165],[107.635537,-7.0008],[107.63511,-7.000418],[107.634636,-7.000231],[107.634251,-7.000168],[107.633597,-7.000092],[107.633282,-6.999885],[107.633232,-6.999604],[107.633618,-6.998414],[107.633675,-6.998068],[107.633617,-6.99756],[107.633347,-6.997214],[107.632165,-6.99651],[107.631952,-6.996392],[107.631795,-6.996169],[107.631647,-6.995533],[107.631586,-6.994561],[107.631484,-6.993777]]}},{"type":"Feature","properties":{"name":"Ci Tarum","waterway":"river","kelas":"utama","is_citarum":false},"geometry":{"type":"LineString","coordinates":[[107.642087,-7.006551],[107.641537,-7.00618],[107.641194,-7.005789]]}},{"type":"Feature","properties":{"name":"Ci Tarum","waterway":"river","kelas":"utama","is_citarum":false},"geometry":{"type":"LineString","coordinates":[[107.644346,-7.00702],[107.643704,-7.0068],[107.643316,-7.006703],[107.642721,-7.006703],[107.642462,-7.006683],[107.642087,-7.006551]]}},{"type":"Feature","properties":{"name":"Ci Tarum","waterway":"river","kelas":"utama","is_citarum":false},"geometry":{"type":"LineString","coordinates":[[107.647474,-7.008441],[107.646687,-7.008311],[107.646066,-7.008077],[107.645443,-7.007725],[107.644346,-7.00702]]}},{"type":"Feature","properties":{"name":"Ci Tarum","waterway":"river","kelas":"utama","is_citarum":false},"geometry":{"type":"LineString","coordinates":[[107.649089,-7.008256],[107.64814,-7.00845],[107.647474,-7.008441]]}},{"type":"Feature","properties":{"name":"Ci Tarum","waterway":"river","kelas":"utama","is_citarum":false},"geometry":{"type":"LineString","coordinates":[[107.653798,-7.007506],[107.653429,-7.007343],[107.652789,-7.007343],[107.651341,-7.007794],[107.649089,-7.008256]]}},{"type":"Feature","properties":{"name":"Ci Tarum","waterway":"river","kelas":"utama","is_citarum":false},"geometry":{"type":"LineString","coordinates":[[107.667525,-7.001089],[107.666846,-7.001733],[107.666207,-7.002494],[107.665865,-7.002899],[107.665666,-7.003087],[107.665364,-7.003228],[107.664891,-7.003118],[107.664213,-7.002838],[107.66311,-7.002068],[107.662053,-7.001433],[107.66158,-7.001599],[107.660915,-7.002067],[107.659595,-7.002372],[107.659218,-7.002564],[107.659087,-7.002887],[107.659049,-7.005296],[107.658853,-7.005769],[107.65852,-7.006127],[107.656906,-7.006707],[107.656401,-7.006993],[107.655812,-7.007567],[107.655359,-7.007936],[107.654892,-7.007952],[107.654486,-7.007812],[107.653798,-7.007506]]}},{"type":"Feature","properties":{"name":"Ci Tarum","waterway":"river","kelas":"utama","is_citarum":false},"geometry":{"type":"LineString","coordinates":[[107.669148,-6.999516],[107.668869,-6.999731],[107.667903,-7.00073],[107.667525,-7.001089]]}},{"type":"Feature","properties":{"name":"Ci Tarum","waterway":"river","kelas":"utama","is_citarum":false},"geometry":{"type":"LineString","coordinates":[[107.677055,-6.994513],[107.676249,-6.994804],[107.6751,-6.995223],[107.67354,-6.995675],[107.67326,-6.995778],[107.672908,-6.995984],[107.672678,-6.996276],[107.672517,-6.996557],[107.67181,-6.998455],[107.671597,-6.998882],[107.671413,-6.999102],[107.67131,-6.999226],[107.671078,-6.999317],[107.670663,-6.99937],[107.66973,-6.999364],[107.669433,-6.999415],[107.669148,-6.999516]]}},{"type":"Feature","properties":{"name":"Ci Tarum","waterway":"river","kelas":"utama","is_citarum":false},"geometry":{"type":"LineString","coordinates":[[107.680671,-6.9933],[107.680215,-6.993425],[107.679165,-6.993779],[107.677909,-6.994207],[107.677055,-6.994513]]}},{"type":"Feature","properties":{"name":"Ci Tarum","waterway":"river","kelas":"utama","is_citarum":false},"geometry":{"type":"LineString","coordinates":[[107.687326,-6.990048],[107.686553,-6.990281],[107.685737,-6.990453],[107.685135,-6.990572],[107.684646,-6.990696],[107.684078,-6.990874],[107.683638,-6.991162],[107.683343,-6.991449],[107.683069,-6.991811],[107.682704,-6.992264],[107.682404,-6.992685],[107.682184,-6.992868],[107.68191,-6.992967],[107.681685,-6.993041],[107.680956,-6.993222],[107.680671,-6.9933]]}},{"type":"Feature","properties":{"name":"Ci Tarum","waterway":"river","kelas":"utama","is_citarum":false},"geometry":{"type":"LineString","coordinates":[[107.691558,-6.989284],[107.690227,-6.989791],[107.689523,-6.989931],[107.689154,-6.989935],[107.688564,-6.989876],[107.687969,-6.989882],[107.687559,-6.989963],[107.687326,-6.990048]]}},{"type":"Feature","properties":{"name":"(river)","waterway":"river","kelas":"utama","is_citarum":false},"geometry":{"type":"LineString","coordinates":[[107.701886,-6.988294],[107.701335,-6.988408]]}},{"type":"Feature","properties":{"name":"(river)","waterway":"river","kelas":"utama","is_citarum":false},"geometry":{"type":"LineString","coordinates":[[107.706105,-6.98764],[107.705884,-6.987705],[107.70553,-6.987844],[107.704468,-6.988131],[107.704071,-6.988121],[107.703309,-6.987993],[107.703028,-6.988035],[107.702305,-6.988207],[107.701886,-6.988294]]}},{"type":"Feature","properties":{"name":"Ci Keruh","waterway":"river","kelas":"utama","is_citarum":false},"geometry":{"type":"LineString","coordinates":[[107.715328,-6.971183],[107.715066,-6.971129],[107.714614,-6.971029],[107.714214,-6.970956],[107.714011,-6.97098],[107.713839,-6.971043],[107.713704,-6.971159],[107.713531,-6.971253],[107.71302,-6.971643],[107.71247,-6.971953],[107.712114,-6.972187],[107.711861,-6.972382],[107.711597,-6.972573],[107.711179,-6.972839],[107.710932,-6.97302],[107.710728,-6.973255],[107.710009,-6.97432],[107.709821,-6.974549],[107.709665,-6.974659]]}},{"type":"Feature","properties":{"name":"Ci Keruh","waterway":"river","kelas":"utama","is_citarum":false},"geometry":{"type":"LineString","coordinates":[[107.7087,-6.975331],[107.707241,-6.976327],[107.707091,-6.976471],[107.706935,-6.976625],[107.706785,-6.976817],[107.706689,-6.976998],[107.706614,-6.977206],[107.706479,-6.977812]]}},{"type":"Feature","properties":{"name":"Ci Keruh","waterway":"river","kelas":"utama","is_citarum":false},"geometry":{"type":"LineString","coordinates":[[107.709665,-6.974659],[107.7087,-6.975331]]}},{"type":"Feature","properties":{"name":"(river)","waterway":"river","kelas":"utama","is_citarum":false},"geometry":{"type":"LineString","coordinates":[[107.633824,-6.991535],[107.633576,-6.991247],[107.633257,-6.99085],[107.632919,-6.990518],[107.632573,-6.990086],[107.632329,-6.989918],[107.632141,-6.989788],[107.63172,-6.989767],[107.631312,-6.989895],[107.631122,-6.989961],[107.631054,-6.989998]]}},{"type":"Feature","properties":{"name":"Ci Keruh","waterway":"river","kelas":"utama","is_citarum":false},"geometry":{"type":"LineString","coordinates":[[107.706479,-6.977812],[107.706453,-6.97793],[107.706399,-6.978249],[107.706356,-6.978745],[107.70635,-6.979619],[107.706308,-6.980315],[107.706286,-6.980613]]}},{"type":"Feature","properties":{"name":"(river)","waterway":"river","kelas":"utama","is_citarum":false},"geometry":{"type":"LineString","coordinates":[[107.593185,-6.980685],[107.592677,-6.980834],[107.592047,-6.980955],[107.591705,-6.980859],[107.591356,-6.980532],[107.591039,-6.9801],[107.590824,-6.979626],[107.590644,-6.979253],[107.590526,-6.97916],[107.590474,-6.979117],[107.590388,-6.979056],[107.590234,-6.978974],[107.589994,-6.978861],[107.589734,-6.978789],[107.589571,-6.978833]]}},{"type":"Feature","properties":{"name":"Ci Tarum","waterway":"river","kelas":"utama","is_citarum":false},"geometry":{"type":"LineString","coordinates":[[107.616783,-6.976303],[107.616151,-6.97564],[107.61566,-6.975502],[107.615282,-6.975558],[107.614801,-6.975763],[107.612774,-6.978106],[107.612457,-6.978335],[107.611813,-6.978484],[107.610092,-6.978452],[107.609469,-6.978596],[107.608954,-6.979128],[107.608675,-6.979826],[107.607999,-6.98055],[107.60757,-6.980821],[107.60697,-6.980965],[107.60639,-6.980891],[107.605087,-6.980134],[107.604319,-6.980001],[107.60367,-6.980172],[107.601621,-6.981844],[107.600087,-6.982909],[107.599863,-6.983034]]}},{"type":"Feature","properties":{"name":"Ci Tarum","waterway":"river","kelas":"utama","is_citarum":false},"geometry":{"type":"LineString","coordinates":[[107.629517,-6.991462],[107.628142,-6.991582],[107.627669,-6.991575],[107.627422,-6.991582],[107.627281,-6.991557],[107.626858,-6.991368]]}},{"type":"Feature","properties":{"name":"Ci Sangkuy","waterway":"river","kelas":"utama","is_citarum":false},"geometry":{"type":"LineString","coordinates":[[107.622565,-6.993049],[107.622784,-6.992253],[107.622931,-6.992019],[107.623138,-6.991838],[107.623766,-6.9914],[107.623944,-6.991224],[107.624013,-6.99096],[107.623959,-6.990741],[107.623874,-6.990458],[107.623908,-6.990291],[107.623976,-6.990174],[107.624189,-6.989926],[107.624377,-6.989747],[107.624522,-6.989512],[107.624576,-6.989383],[107.624677,-6.989256]]}},{"type":"Feature","properties":{"name":"(river)","waterway":"river","kelas":"utama","is_citarum":false},"geometry":{"type":"LineString","coordinates":[[107.566248,-7.119969],[107.56618,-7.119979],[107.56607,-7.120051],[107.56591,-7.120006],[107.565759,-7.119873],[107.565655,-7.119793],[107.565432,-7.119788],[107.565357,-7.119798],[107.565137,-7.119687],[107.56507,-7.119644],[107.565038,-7.119538],[107.564992,-7.119354],[107.564944,-7.119266],[107.564855,-7.119197],[107.56459,-7.11913],[107.564405,-7.119074],[107.564292,-7.118901],[107.564209,-7.118774],[107.564112,-7.118707],[107.564,-7.118683],[107.563874,-7.118678],[107.56382,-7.11863],[107.563732,-7.118524],[107.563753,-7.11847],[107.563777,-7.118433],[107.56386,-7.118364],[107.563927,-7.118292],[107.563876,-7.118164],[107.563627,-7.117914],[107.563461,-7.11781],[107.563356,-7.117733],[107.563289,-7.117616],[107.563235,-7.117459],[107.563219,-7.117297],[107.563125,-7.117123],[107.563088,-7.117068],[107.563053,-7.116958],[107.563066,-7.116817],[107.563042,-7.11673],[107.562916,-7.116676],[107.562682,-7.116634],[107.562455,-7.116602],[107.562289,-7.116602],[107.562059,-7.11669],[107.561769,-7.116704],[107.561585,-7.116627],[107.561578,-7.116511],[107.561588,-7.116391],[107.561391,-7.116268],[107.561176,-7.116109],[107.560837,-7.115907],[107.560652,-7.11562],[107.560448,-7.115449],[107.560159,-7.115406],[107.559962,-7.115375],[107.559851,-7.115253],[107.559703,-7.115082],[107.559302,-7.114911],[107.559136,-7.114843],[107.559099,-7.114697],[107.55905,-7.114519],[107.559006,-7.114434],[107.55876,-7.114293],[107.558544,-7.114097],[107.558353,-7.114006],[107.558113,-7.114042],[107.557778,-7.113814],[107.557698,-7.113747],[107.557658,-7.113615],[107.557646,-7.113416],[107.557643,-7.113279],[107.557356,-7.112869],[107.557202,-7.112496],[107.557076,-7.112126],[107.556783,-7.111882],[107.556503,-7.111668],[107.556358,-7.111551],[107.556201,-7.11149],[107.556046,-7.111392],[107.555923,-7.111163],[107.555853,-7.110875],[107.555746,-7.110577],[107.555633,-7.109933],[107.555467,-7.109741],[107.555327,-7.109433],[107.55515,-7.108991],[107.55515,-7.108906],[107.555215,-7.108794],[107.555354,-7.108687],[107.555477,-7.108656],[107.555515,-7.108554],[107.555477,-7.108395],[107.555408,-7.108235],[107.555215,-7.108192],[107.555032,-7.108022],[107.554877,-7.107761],[107.554785,-7.10724],[107.554694,-7.106713],[107.554528,-7.10618],[107.554458,-7.106074],[107.554276,-7.106111],[107.553782,-7.106228],[107.553433,-7.106239],[107.553332,-7.106138],[107.553337,-7.106015],[107.553412,-7.105818],[107.553353,-7.105627],[107.553219,-7.105456],[107.553219,-7.105222],[107.553359,-7.104849],[107.553579,-7.104492],[107.5536,-7.104285],[107.553702,-7.103891],[107.553643,-7.10371],[107.553509,-7.103672],[107.553091,-7.103555],[107.55286,-7.103406],[107.552753,-7.103305],[107.552549,-7.103002],[107.552426,-7.102906],[107.552168,-7.102741],[107.551937,-7.102544],[107.551862,-7.102139],[107.551857,-7.101814],[107.552013,-7.101564],[107.552157,-7.10149],[107.552431,-7.10157],[107.552587,-7.101527],[107.552651,-7.101383],[107.552587,-7.101154],[107.552409,-7.100984],[107.552345,-7.10091],[107.552093,-7.10058],[107.552034,-7.100239],[107.552029,-7.099893],[107.552039,-7.099608]]}},{"type":"Feature","properties":{"name":"Ci Sangkuy","waterway":"stream","kelas":"anak","is_citarum":false},"geometry":{"type":"LineString","coordinates":[[107.578642,-7.188099],[107.578532,-7.188058],[107.578425,-7.187792],[107.578211,-7.187845],[107.57805,-7.187909],[107.577773,-7.187918],[107.577449,-7.188079],[107.577215,-7.188077],[107.57702,-7.188207],[107.57687,-7.188239],[107.576979,-7.188524],[107.576827,-7.188761],[107.57659,-7.188793],[107.576408,-7.188952],[107.576065,-7.188995],[107.576022,-7.18908],[107.575915,-7.189048],[107.575818,-7.189186],[107.575561,-7.189155],[107.575346,-7.189016],[107.575123,-7.188982],[107.575005,-7.188854],[107.574949,-7.188686],[107.574874,-7.188644],[107.574586,-7.188578],[107.574498,-7.188473],[107.574455,-7.188367],[107.574423,-7.188261],[107.574327,-7.188175],[107.574091,-7.188186],[107.573943,-7.188099],[107.57376,-7.187971],[107.573632,-7.187833],[107.573479,-7.187654],[107.573275,-7.18759],[107.573084,-7.187492],[107.572998,-7.187343],[107.57305,-7.187164],[107.573106,-7.18697],[107.572784,-7.186725],[107.572514,-7.186791],[107.57217,-7.186664],[107.572009,-7.186685],[107.571988,-7.186898],[107.572151,-7.187066],[107.57202,-7.187217],[107.571966,-7.18743],[107.571827,-7.187398],[107.571732,-7.187268],[107.571645,-7.187153],[107.571559,-7.187334],[107.571344,-7.187217],[107.571314,-7.187109],[107.57125,-7.186981],[107.571226,-7.186802],[107.571368,-7.186598],[107.571323,-7.186334],[107.571194,-7.186227],[107.570982,-7.186193],[107.570872,-7.18611],[107.570679,-7.1861],[107.570346,-7.186153],[107.57023,-7.186097],[107.570166,-7.185938],[107.570048,-7.185863],[107.569866,-7.186012],[107.569812,-7.185991],[107.569703,-7.185844],[107.569499,-7.185802],[107.569447,-7.185693],[107.569424,-7.185514],[107.569427,-7.185318],[107.569424,-7.184987],[107.569358,-7.184847],[107.569227,-7.184752],[107.569042,-7.184711],[107.568797,-7.18468],[107.568746,-7.184598],[107.56876,-7.184301],[107.568718,-7.184113],[107.568588,-7.184083],[107.568453,-7.184021],[107.56834,-7.183813],[107.56823,-7.183704],[107.568082,-7.183687],[107.567776,-7.183779],[107.567604,-7.183734],[107.567552,-7.183591],[107.56758,-7.18342],[107.56771,-7.183257],[107.567741,-7.183086],[107.567669,-7.182994],[107.567545,-7.18298],[107.567418,-7.183069],[107.567287,-7.183093],[107.567146,-7.18299],[107.567067,-7.182861],[107.567108,-7.182478],[107.567122,-7.182199],[107.567053,-7.182045],[107.566874,-7.181942],[107.56662,-7.18182],[107.566489,-7.18171],[107.566302,-7.181488],[107.566228,-7.181401],[107.56618,-7.181353],[107.566087,-7.181258],[107.565949,-7.181189],[107.565798,-7.18121],[107.56566,-7.181244],[107.565567,-7.181155],[107.565433,-7.180789],[107.565313,-7.180469],[107.565151,-7.180469],[107.564993,-7.18035],[107.564938,-7.180227],[107.564986,-7.180042],[107.564993,-7.17981],[107.564948,-7.179691],[107.564855,-7.179616],[107.564738,-7.179619],[107.564539,-7.17978],[107.564432,-7.179862],[107.564332,-7.179892],[107.564236,-7.179821],[107.564205,-7.179684],[107.564243,-7.179524],[107.56426,-7.179134],[107.564246,-7.178786],[107.564198,-7.17864],[107.564071,-7.178578],[107.56395,-7.178506],[107.563899,-7.178356],[107.563919,-7.178083],[107.56403,-7.177882],[107.564074,-7.177752],[107.563985,-7.177547],[107.563984,-7.177482],[107.563983,-7.177438],[107.563981,-7.177329],[107.564005,-7.177131],[107.563981,-7.176967],[107.563947,-7.176834],[107.563861,-7.1768],[107.563713,-7.176824],[107.563479,-7.177015],[107.563369,-7.177042],[107.563255,-7.177001],[107.563138,-7.176871],[107.563046,-7.176673],[107.563056,-7.176527],[107.563304,-7.176274],[107.563331,-7.176151],[107.563259,-7.17594],[107.563121,-7.17568],[107.562911,-7.175592],[107.562698,-7.175547],[107.562464,-7.175547],[107.562344,-7.175448],[107.562151,-7.175318],[107.56212,-7.175213],[107.562189,-7.175025],[107.562124,-7.174933],[107.562041,-7.174844],[107.562024,-7.17468],[107.56169,-7.174021],[107.56157,-7.173741],[107.561374,-7.173526],[107.561174,-7.17338],[107.561023,-7.173287],[107.560808,-7.173262],[107.560443,-7.173049],[107.560412,-7.172801],[107.560225,-7.172591],[107.560003,-7.172623],[107.559779,-7.172428],[107.559875,-7.172144],[107.559714,-7.172102],[107.559381,-7.172102],[107.559113,-7.172006],[107.559167,-7.171836],[107.559285,-7.171704],[107.559392,-7.171548],[107.559188,-7.171346],[107.558985,-7.1713],[107.558652,-7.171165],[107.558459,-7.17125],[107.558341,-7.17141],[107.558158,-7.171303],[107.558137,-7.171065],[107.558105,-7.170852],[107.558051,-7.170516],[107.55789,-7.17026],[107.557611,-7.170217],[107.557258,-7.170363],[107.557064,-7.170186],[107.557022,-7.169852],[107.557064,-7.169504],[107.55715,-7.169224],[107.556978,-7.169015],[107.556968,-7.168468],[107.556978,-7.168117],[107.557075,-7.16778],[107.557215,-7.16751],[107.557118,-7.167258],[107.556914,-7.167191],[107.5567,-7.167042],[107.556624,-7.166605],[107.556592,-7.16647],[107.556313,-7.166449],[107.556152,-7.166264],[107.55612,-7.165917],[107.556291,-7.165715],[107.556485,-7.165509],[107.556388,-7.165257],[107.556173,-7.165001],[107.556045,-7.164423],[107.556067,-7.164146],[107.556528,-7.163582],[107.556571,-7.163401],[107.556528,-7.163092],[107.55642,-7.162904],[107.55612,-7.162741],[107.556142,-7.162485],[107.556152,-7.162198],[107.556547,-7.162041],[107.556603,-7.161864],[107.556449,-7.161668],[107.556275,-7.161378],[107.556881,-7.160552],[107.556903,-7.160261],[107.556496,-7.160112],[107.556077,-7.160165],[107.555702,-7.160005],[107.555648,-7.159654],[107.555874,-7.159239],[107.555874,-7.159058],[107.555691,-7.159026],[107.555305,-7.159281],[107.554929,-7.15926],[107.554726,-7.159037],[107.554768,-7.158653],[107.555026,-7.158419],[107.55523,-7.158174],[107.555251,-7.157791],[107.555101,-7.157355],[107.554972,-7.157078],[107.554704,-7.156865],[107.554404,-7.156801],[107.554071,-7.15678],[107.553867,-7.156577],[107.553985,-7.156407],[107.554232,-7.156258],[107.554425,-7.156066],[107.554489,-7.155644],[107.554843,-7.155495],[107.555069,-7.155289],[107.555025,-7.154942],[107.554961,-7.15475],[107.554683,-7.154566],[107.554671,-7.154378],[107.554843,-7.15425],[107.555024,-7.154053],[107.555101,-7.153969],[107.555518,-7.153768],[107.555729,-7.153588],[107.55586,-7.153295],[107.555766,-7.153075],[107.555534,-7.152855],[107.555133,-7.15249],[107.555047,-7.152142],[107.555047,-7.151855],[107.555208,-7.15161],[107.555615,-7.151514],[107.555874,-7.151446],[107.555992,-7.151074],[107.556185,-7.150627],[107.556185,-7.150286],[107.55613,-7.149811],[107.556216,-7.149523],[107.556292,-7.149253],[107.556184,-7.149044],[107.556464,-7.148625],[107.556656,-7.148408],[107.556753,-7.148299],[107.557128,-7.148076],[107.557472,-7.14798],[107.557654,-7.147635],[107.557622,-7.147362],[107.557536,-7.14705],[107.557504,-7.146794],[107.557557,-7.146585],[107.55773,-7.146432],[107.557783,-7.146298],[107.557633,-7.146102],[107.557493,-7.145989],[107.557397,-7.145804],[107.557396,-7.145531],[107.557193,-7.145261],[107.556742,-7.145265],[107.556399,-7.145315],[107.555949,-7.145123],[107.555552,-7.144665],[107.555122,-7.144115],[107.554982,-7.143679],[107.555037,-7.143186],[107.554972,-7.142849],[107.5545,-7.142142],[107.55421,-7.142008],[107.553997,-7.141913],[107.553678,-7.141754],[107.553483,-7.14157],[107.553387,-7.141482],[107.553397,-7.141371],[107.553477,-7.141193],[107.553596,-7.141037],[107.553616,-7.141021],[107.553654,-7.140991],[107.553691,-7.140961],[107.55373,-7.14093]]}},{"type":"Feature","properties":{"name":"Ci Bodas","waterway":"stream","kelas":"anak","is_citarum":false},"geometry":{"type":"LineString","coordinates":[[107.869976,-7.003309],[107.869728,-7.00341],[107.86948,-7.003475],[107.86935,-7.003572],[107.869203,-7.004169],[107.868809,-7.004572],[107.86822,-7.004794],[107.867963,-7.004645],[107.867626,-7.004435],[107.866935,-7.004302],[107.866504,-7.003899],[107.866333,-7.00381],[107.866053,-7.003789],[107.865727,-7.003394],[107.86565,-7.003237],[107.865642,-7.003039],[107.865494,-7.00267],[107.865346,-7.002181],[107.865186,-7.001909],[107.865053,-7.001765],[107.864606,-7.001716],[107.864459,-7.001591],[107.864311,-7.001221],[107.864185,-7.000991],[107.863938,-7.000864],[107.863852,-7.00085],[107.863788,-7.000784],[107.863718,-7.000672],[107.86371,-7.00055],[107.863654,-7.000286],[107.863485,-7.000102],[107.863431,-7.000009],[107.863434,-6.999799],[107.863487,-6.999674],[107.863592,-6.999442],[107.863595,-6.999336],[107.863517,-6.999269],[107.863361,-6.999211],[107.863289,-6.999128],[107.863292,-6.999021],[107.863356,-6.998782],[107.863458,-6.998449],[107.86341,-6.998225],[107.863345,-6.998154],[107.863249,-6.998127],[107.86316,-6.998039],[107.863082,-6.997871],[107.863072,-6.997778],[107.863125,-6.997661],[107.863128,-6.997579],[107.863088,-6.997347],[107.862949,-6.997132],[107.862906,-6.997068],[107.862831,-6.997004],[107.862681,-6.996903],[107.86259,-6.99678],[107.862472,-6.996706],[107.862402,-6.996605],[107.862381,-6.996514],[107.862321,-6.996418],[107.862198,-6.996275],[107.862128,-6.996248],[107.862001,-6.996166],[107.861874,-6.996042],[107.86175,-6.995906],[107.861594,-6.995768],[107.861506,-6.99561],[107.861417,-6.995544],[107.861049,-6.995463],[107.860518,-6.995512],[107.860324,-6.995579],[107.860214,-6.995667],[107.860094,-6.99579],[107.859995,-6.995825],[107.859853,-6.995818],[107.859634,-6.995691],[107.859471,-6.995607],[107.859354,-6.995554],[107.859173,-6.995565],[107.858968,-6.995565],[107.858858,-6.99553],[107.858781,-6.995435],[107.858784,-6.99528],[107.858795,-6.995143],[107.858689,-6.995031],[107.858554,-6.994947],[107.858367,-6.994831],[107.858172,-6.994785],[107.857942,-6.994845],[107.857754,-6.994827],[107.85745,-6.994897],[107.85716,-6.995133],[107.856848,-6.995488],[107.856777,-6.995512],[107.856717,-6.995537],[107.856643,-6.995533],[107.8566,-6.995484],[107.856604,-6.995407],[107.856569,-6.995308],[107.856466,-6.995171],[107.856331,-6.99502],[107.856232,-6.994824],[107.856195,-6.994595],[107.856173,-6.994436],[107.856034,-6.994308],[107.855697,-6.994218],[107.855354,-6.994101],[107.855079,-6.993978],[107.854886,-6.993882],[107.854602,-6.993814],[107.854495,-6.993707],[107.854467,-6.993648],[107.854532,-6.993477],[107.854585,-6.993307],[107.85466,-6.993094],[107.854746,-6.99287],[107.854821,-6.992615],[107.854785,-6.992525],[107.854677,-6.99244],[107.854542,-6.992476],[107.854306,-6.992593],[107.854145,-6.99254],[107.853984,-6.992476],[107.853824,-6.992327],[107.85368,-6.992163],[107.853545,-6.992104],[107.853448,-6.991944],[107.853326,-6.991822],[107.853142,-6.991686],[107.853008,-6.991646],[107.85289,-6.99171],[107.852804,-6.991816],[107.852815,-6.991976],[107.852783,-6.992242],[107.852697,-6.992381],[107.852467,-6.992547],[107.852279,-6.992561],[107.852182,-6.992487],[107.852075,-6.992359],[107.851967,-6.992114],[107.851785,-6.991828],[107.85148,-6.991752],[107.85125,-6.991755],[107.850985,-6.991787],[107.850884,-6.991733],[107.850831,-6.991614],[107.850745,-6.991417],[107.850584,-6.991193],[107.850465,-6.991008],[107.850498,-6.990783],[107.850465,-6.990652],[107.850375,-6.990507],[107.850305,-6.990331],[107.850288,-6.990156],[107.85024,-6.98999],[107.850235,-6.989816],[107.850246,-6.989649],[107.850214,-6.989351],[107.850171,-6.989143],[107.850128,-6.989026],[107.85002,-6.988899],[107.849945,-6.988787],[107.849817,-6.988685],[107.849677,-6.988563],[107.849548,-6.988479],[107.849463,-6.988366],[107.849495,-6.98824],[107.849682,-6.988128],[107.849881,-6.987967],[107.849983,-6.987828],[107.849988,-6.987685],[107.849919,-6.987605],[107.849806,-6.987546],[107.849779,-6.98745],[107.849789,-6.987382],[107.849865,-6.987292],[107.849967,-6.987216],[107.850085,-6.987084],[107.850117,-6.986897],[107.850133,-6.986731],[107.850133,-6.98654],[107.850192,-6.986289],[107.850251,-6.98612],[107.850364,-6.986009],[107.850498,-6.985934],[107.850589,-6.985821],[107.850648,-6.985742],[107.850686,-6.985581],[107.850745,-6.9854],[107.850793,-6.985288],[107.850895,-6.985231],[107.850943,-6.985097],[107.850857,-6.984986],[107.850739,-6.984905],[107.85067,-6.98482],[107.850584,-6.98474],[107.850476,-6.984704],[107.850326,-6.984681],[107.850176,-6.984676],[107.850053,-6.984703],[107.849795,-6.98474],[107.849629,-6.984729],[107.849532,-6.984697],[107.849511,-6.984644],[107.849607,-6.984559],[107.84965,-6.984475],[107.849548,-6.984362],[107.849436,-6.984234],[107.849334,-6.98416],[107.849184,-6.984074],[107.849098,-6.983957],[107.849114,-6.983835],[107.84914,-6.983751],[107.849135,-6.983659],[107.849071,-6.9836],[107.848915,-6.983511],[107.848712,-6.983478],[107.848583,-6.983478],[107.848406,-6.983515],[107.848255,-6.983565],[107.848105,-6.983558],[107.847944,-6.983574],[107.847832,-6.983579],[107.847751,-6.983617],[107.847682,-6.983654],[107.847542,-6.983664],[107.847451,-6.98365],[107.847397,-6.983515],[107.847306,-6.983393],[107.84721,-6.983249],[107.847156,-6.983169],[107.847097,-6.983111],[107.846947,-6.983041],[107.846807,-6.983031],[107.846684,-6.982999],[107.846576,-6.982999],[107.84648,-6.983068],[107.846533,-6.983144],[107.846582,-6.983224],[107.846668,-6.983308],[107.846657,-6.983366],[107.846565,-6.983437],[107.846475,-6.983494],[107.846383,-6.983542],[107.846254,-6.983591],[107.846147,-6.983638],[107.846062,-6.98368],[107.845986,-6.983696],[107.845777,-6.983835],[107.845573,-6.983809],[107.845498,-6.983729],[107.845461,-6.983606],[107.845246,-6.983489],[107.844945,-6.983441],[107.844651,-6.983473],[107.844441,-6.98359],[107.844318,-6.983649],[107.844262,-6.983629],[107.844238,-6.983574],[107.844251,-6.983505],[107.844305,-6.983393],[107.844358,-6.983295],[107.844313,-6.983188],[107.844087,-6.983111],[107.843891,-6.983127],[107.843757,-6.983194],[107.84365,-6.983375],[107.843521,-6.983473],[107.843377,-6.983465],[107.843213,-6.983393],[107.843055,-6.983364],[107.842955,-6.983423],[107.842853,-6.983753],[107.842805,-6.983958],[107.842703,-6.984091],[107.842609,-6.984301],[107.842569,-6.984679],[107.842567,-6.984948],[107.842494,-6.985009],[107.842322,-6.984964],[107.842167,-6.984767],[107.841933,-6.984623],[107.841802,-6.984567],[107.841676,-6.984591],[107.841579,-6.984666],[107.841569,-6.984775],[107.841697,-6.984951],[107.841692,-6.985015],[107.841609,-6.985148],[107.841488,-6.985252],[107.841279,-6.985374],[107.84125,-6.98551],[107.841223,-6.98563],[107.841185,-6.985773],[107.841116,-6.985826],[107.841013,-6.985819],[107.840804,-6.985739],[107.840708,-6.985614],[107.840563,-6.98543],[107.840461,-6.985198],[107.840461,-6.984991],[107.840563,-6.984642],[107.840548,-6.984608],[107.840439,-6.98449],[107.840246,-6.984394],[107.840053,-6.984256],[107.839876,-6.984075],[107.839737,-6.98399],[107.839651,-6.983777],[107.839506,-6.983628],[107.839356,-6.983311],[107.839227,-6.983223],[107.839055,-6.983021],[107.838755,-6.98269],[107.838669,-6.982435],[107.838663,-6.982218],[107.83853,-6.982105],[107.838347,-6.981988],[107.838165,-6.981849],[107.837752,-6.98178],[107.837634,-6.981657],[107.837682,-6.981402],[107.837634,-6.981208],[107.837543,-6.98112],[107.83735,-6.981205],[107.837149,-6.981427],[107.836973,-6.981526],[107.836789,-6.981494],[107.836402,-6.981495],[107.836246,-6.98149],[107.836011,-6.981446],[107.835923,-6.98139],[107.835855,-6.981316],[107.835795,-6.981202],[107.835683,-6.980815],[107.83578,-6.980437],[107.835802,-6.980228],[107.835782,-6.980078],[107.835769,-6.980044],[107.835583,-6.979868],[107.835353,-6.979716],[107.834755,-6.979453],[107.834672,-6.979342],[107.834555,-6.979046],[107.83449,-6.978942],[107.834409,-6.978728],[107.834283,-6.978675],[107.833753,-6.978415],[107.833602,-6.978372],[107.833355,-6.978342],[107.833162,-6.978298],[107.832934,-6.978214],[107.832694,-6.978128],[107.832465,-6.978076],[107.832217,-6.978065],[107.83204,-6.978089],[107.831669,-6.977991],[107.83148,-6.977885],[107.831216,-6.977881],[107.830963,-6.977842],[107.830785,-6.977731],[107.830595,-6.977761],[107.83052,-6.97767],[107.830283,-6.977549],[107.829937,-6.977372],[107.829638,-6.977261],[107.829279,-6.977127],[107.829046,-6.977041],[107.828636,-6.976888],[107.828177,-6.976717],[107.827855,-6.976717],[107.827776,-6.976639],[107.82749,-6.976462],[107.827132,-6.97649],[107.827032,-6.976383],[107.826566,-6.976099],[107.826054,-6.976011],[107.82552,-6.975822],[107.825119,-6.97568],[107.824872,-6.975548],[107.824548,-6.975504],[107.823952,-6.975424],[107.823223,-6.975325],[107.822228,-6.975282],[107.821798,-6.975263],[107.820768,-6.975177],[107.820254,-6.975154],[107.820038,-6.975101],[107.819356,-6.975074],[107.818756,-6.975194],[107.818108,-6.975315],[107.817757,-6.975235],[107.817541,-6.975322],[107.817136,-6.97565],[107.816959,-6.975947],[107.816562,-6.976345],[107.816384,-6.976438],[107.815955,-6.976663],[107.815517,-6.977172],[107.814937,-6.977639],[107.814579,-6.977718],[107.81432,-6.97785],[107.81402,-6.978094],[107.813697,-6.978261],[107.813536,-6.978417],[107.813479,-6.978563],[107.813343,-6.979001],[107.81267,-6.979625],[107.812461,-6.980054],[107.812133,-6.980266],[107.812032,-6.980447],[107.811966,-6.980598],[107.811555,-6.981005],[107.811264,-6.981349],[107.811166,-6.981721],[107.811069,-6.981992],[107.811059,-6.982123],[107.811059,-6.982198],[107.810981,-6.982516],[107.810819,-6.982786],[107.81075,-6.983026],[107.810644,-6.983196],[107.810619,-6.983356],[107.810589,-6.983567],[107.810579,-6.983673],[107.810437,-6.984182],[107.810342,-6.984473],[107.810317,-6.984578],[107.810312,-6.984597],[107.81007,-6.985369],[107.809812,-6.985987],[107.809534,-6.986857],[107.809301,-6.987309],[107.809301,-6.98746],[107.809569,-6.98742],[107.809787,-6.987575],[107.809873,-6.987711],[107.810157,-6.987817],[107.810465,-6.987932],[107.810724,-6.988088],[107.810764,-6.988204],[107.810643,-6.988444],[107.810599,-6.988532],[107.810499,-6.988773],[107.810513,-6.989178],[107.810456,-6.989662],[107.810434,-6.989763],[107.810365,-6.990163],[107.810183,-6.990195],[107.809921,-6.990379],[107.809678,-6.990539],[107.809287,-6.990511],[107.808919,-6.990585],[107.808772,-6.990539],[107.808646,-6.990365],[107.808518,-6.990468],[107.808482,-6.990721],[107.808399,-6.990735],[107.808215,-6.990706],[107.807858,-6.99082],[107.807399,-6.990952],[107.807203,-6.991049],[107.807144,-6.991177],[107.80704,-6.991358],[107.806972,-6.991469],[107.806954,-6.991629],[107.806902,-6.991743],[107.806763,-6.991775],[107.806646,-6.991659],[107.80653,-6.99158],[107.806459,-6.991556],[107.806337,-6.991613],[107.806175,-6.991705],[107.806025,-6.991875],[107.805903,-6.992003],[107.805698,-6.992113],[107.805671,-6.992097],[107.80562,-6.992097],[107.80559,-6.992061],[107.805529,-6.992007],[107.805462,-6.991973],[107.805339,-6.991946],[107.805235,-6.991963],[107.805168,-6.991975],[107.804784,-6.991946],[107.804541,-6.99184],[107.804298,-6.991689],[107.803979,-6.991644],[107.803847,-6.991725],[107.803787,-6.991919],[107.803649,-6.991922],[107.803614,-6.991855],[107.803498,-6.99182],[107.803417,-6.991891],[107.803245,-6.992098],[107.803113,-6.992193],[107.802822,-6.992219],[107.802717,-6.992239],[107.802515,-6.992275],[107.802256,-6.992268],[107.802077,-6.99213],[107.802039,-6.991876],[107.80196,-6.99167],[107.801894,-6.9915]]}},{"type":"Feature","properties":{"name":"Ci Sangkuy","waterway":"stream","kelas":"anak","is_citarum":false},"geometry":{"type":"LineString","coordinates":[[107.581123,-7.189266],[107.581072,-7.189215],[107.580883,-7.188898],[107.580749,-7.188745],[107.580411,-7.188603],[107.580141,-7.188444],[107.580079,-7.188263],[107.580075,-7.188081],[107.580002,-7.187994],[107.579852,-7.187994],[107.579605,-7.188058],[107.579436,-7.188184],[107.579305,-7.18825],[107.579026,-7.188303],[107.578833,-7.188346],[107.578704,-7.188175],[107.578642,-7.188099]]}},{"type":"Feature","properties":{"name":"Ci Ojar","waterway":"stream","kelas":"anak","is_citarum":false},"geometry":{"type":"LineString","coordinates":[[107.860374,-7.189184],[107.860385,-7.189231],[107.860414,-7.189277],[107.860543,-7.189365],[107.8606,-7.189423],[107.860626,-7.189509],[107.860677,-7.189602],[107.860685,-7.189676],[107.860736,-7.189714],[107.860838,-7.18974],[107.861028,-7.189815],[107.861187,-7.18987],[107.861233,-7.189907],[107.86131,-7.189956],[107.861404,-7.189977],[107.861495,-7.190004],[107.861595,-7.190042],[107.8617,-7.190077],[107.861847,-7.190146],[107.861965,-7.19017],[107.862128,-7.190147],[107.862214,-7.190113],[107.862314,-7.190048],[107.862412,-7.190033],[107.862474,-7.189993],[107.862537,-7.189915],[107.862622,-7.189927],[107.862673,-7.189958],[107.862737,-7.189958],[107.862872,-7.189965],[107.862992,-7.189964],[107.863107,-7.189956],[107.86321,-7.189979],[107.863273,-7.190025],[107.863351,-7.190084],[107.863383,-7.190121],[107.863456,-7.190192],[107.863494,-7.190285],[107.863579,-7.190448],[107.863628,-7.190551],[107.863703,-7.190722],[107.863794,-7.190845],[107.86385,-7.19089],[107.863942,-7.190945],[107.863979,-7.191003],[107.86399,-7.191028],[107.864024,-7.191105],[107.864122,-7.191192],[107.864194,-7.191224],[107.864259,-7.191251],[107.864336,-7.191289],[107.864427,-7.191337],[107.864508,-7.191352],[107.864572,-7.191344],[107.86466,-7.191361],[107.864771,-7.191397],[107.864842,-7.19143],[107.864923,-7.191443],[107.864975,-7.191434],[107.865144,-7.191482],[107.865237,-7.191539],[107.865331,-7.191603],[107.865363,-7.191667],[107.865443,-7.191712],[107.86558,-7.191731],[107.865798,-7.191786],[107.866002,-7.19182],[107.866221,-7.191914],[107.866296,-7.191949],[107.86639,-7.191997],[107.866476,-7.192055],[107.866581,-7.192105],[107.866677,-7.192095],[107.866785,-7.192093],[107.86687,-7.192109],[107.86693,-7.192107],[107.866978,-7.192119],[107.867042,-7.19213],[107.86709,-7.19213],[107.867208,-7.19214],[107.867283,-7.192135],[107.867364,-7.19213],[107.867461,-7.19213],[107.867616,-7.192135],[107.867718,-7.19214],[107.867722,-7.19225],[107.867764,-7.192338],[107.867804,-7.192417],[107.867891,-7.192447],[107.867963,-7.192463],[107.868097,-7.192504],[107.868261,-7.192561],[107.868442,-7.192577],[107.868566,-7.192673],[107.868619,-7.192721],[107.8687,-7.192726],[107.868775,-7.192694],[107.868995,-7.192673],[107.869113,-7.19271],[107.869206,-7.192822],[107.869274,-7.192855],[107.86936,-7.192864],[107.86942,-7.192822],[107.869395,-7.192757],[107.869422,-7.192712],[107.869494,-7.192678],[107.869637,-7.192668],[107.869761,-7.192691],[107.869829,-7.192682],[107.869945,-7.192649],[107.870062,-7.19261],[107.870196,-7.192597],[107.870231,-7.19253],[107.870273,-7.192472],[107.870403,-7.192439],[107.870512,-7.192453],[107.870675,-7.192422],[107.870768,-7.19241],[107.870952,-7.192335],[107.871121,-7.192324],[107.871288,-7.19231],[107.871416,-7.192314],[107.871548,-7.192401],[107.871703,-7.192453],[107.871885,-7.192624],[107.871949,-7.192657],[107.87205,-7.192647],[107.872203,-7.192607],[107.872271,-7.192618],[107.872347,-7.192691],[107.872475,-7.192751],[107.872599,-7.192716],[107.872713,-7.192749],[107.872849,-7.192812],[107.872966,-7.192822],[107.873053,-7.192868],[107.873185,-7.192909],[107.873359,-7.192922],[107.873425,-7.192888],[107.873608,-7.192892],[107.873858,-7.192316],[107.873908,-7.19226],[107.873963,-7.192199],[107.874007,-7.192184],[107.874106,-7.192174],[107.874234,-7.192184],[107.874415,-7.192097],[107.874603,-7.191984],[107.874715,-7.191882],[107.874874,-7.191863],[107.874981,-7.191848],[107.875073,-7.191799],[107.875171,-7.191751]]}},{"type":"Feature","properties":{"name":"Ci Sarua","waterway":"stream","kelas":"anak","is_citarum":false},"geometry":{"type":"LineString","coordinates":[[107.545711,-7.183498],[107.545664,-7.183314],[107.545624,-7.183244],[107.545582,-7.183123],[107.545503,-7.183058],[107.545295,-7.182899],[107.545084,-7.182657],[107.544976,-7.182606],[107.544898,-7.182545],[107.544831,-7.182516],[107.544813,-7.182353],[107.544856,-7.18226],[107.544954,-7.182119],[107.545109,-7.181857],[107.545392,-7.181511],[107.545745,-7.181099],[107.546046,-7.180861],[107.546142,-7.180707],[107.546126,-7.180496],[107.546087,-7.180373],[107.545959,-7.180332],[107.54582,-7.180428],[107.545568,-7.18053],[107.545464,-7.180563],[107.545344,-7.180534],[107.545226,-7.180417],[107.545257,-7.180285],[107.545433,-7.180185],[107.545545,-7.17995],[107.545626,-7.179636],[107.545597,-7.179408],[107.545563,-7.17917],[107.545647,-7.178918],[107.545846,-7.178726],[107.546083,-7.178553],[107.546285,-7.178602],[107.546351,-7.178788],[107.546335,-7.178962],[107.546271,-7.179096],[107.54617,-7.17934],[107.546107,-7.179586],[107.546237,-7.179812],[107.546517,-7.17995],[107.546608,-7.180125],[107.546691,-7.180277],[107.546805,-7.180292],[107.547033,-7.180082],[107.547098,-7.17988],[107.547103,-7.179699],[107.546989,-7.179595],[107.546818,-7.17945],[107.546763,-7.179349],[107.546936,-7.179235],[107.54716,-7.179343],[107.547219,-7.179328],[107.547326,-7.179287],[107.547416,-7.179161],[107.547404,-7.179052],[107.547208,-7.17893],[107.547069,-7.178752],[107.547054,-7.178546],[107.547184,-7.178461],[107.547327,-7.178422],[107.547562,-7.178401],[107.547815,-7.17841],[107.548015,-7.178419],[107.5482,-7.17838],[107.548346,-7.178319],[107.548411,-7.178128],[107.548433,-7.177919],[107.548399,-7.17763],[107.548402,-7.177441],[107.548492,-7.177253],[107.548625,-7.177143],[107.548695,-7.177],[107.548805,-7.176816],[107.548887,-7.176402],[107.548896,-7.176185],[107.549011,-7.176051],[107.549283,-7.176054],[107.549433,-7.175993],[107.549479,-7.175837],[107.549595,-7.175714],[107.549712,-7.175627],[107.549736,-7.175472],[107.549931,-7.175263],[107.550182,-7.175067],[107.550394,-7.174889],[107.550571,-7.174835],[107.550726,-7.174748],[107.550764,-7.174622],[107.550888,-7.174564],[107.550964,-7.174562],[107.551124,-7.174725],[107.551262,-7.174837],[107.551369,-7.174853],[107.551507,-7.174738],[107.551602,-7.174589],[107.55156,-7.174441],[107.551478,-7.174322],[107.551253,-7.174107],[107.551222,-7.173941],[107.551394,-7.173736],[107.551623,-7.173679],[107.551945,-7.17357],[107.551961,-7.173361]]}},{"type":"Feature","properties":{"name":"Ci Sarua","waterway":"stream","kelas":"anak","is_citarum":false},"geometry":{"type":"LineString","coordinates":[[107.551961,-7.173361],[107.55203,-7.173239],[107.552041,-7.17301],[107.552245,-7.172802],[107.55217,-7.172493],[107.552154,-7.171993],[107.552304,-7.171631],[107.552256,-7.171386],[107.552465,-7.171184],[107.552594,-7.170971],[107.552803,-7.170854],[107.552926,-7.170679],[107.553237,-7.170391],[107.553366,-7.170231],[107.553243,-7.170067],[107.552983,-7.169886],[107.55291,-7.169672],[107.552853,-7.169398],[107.553032,-7.169269],[107.553508,-7.169156],[107.553715,-7.168882],[107.553857,-7.168676],[107.554015,-7.168554],[107.55415,-7.168567],[107.554346,-7.168601],[107.554494,-7.168601],[107.554583,-7.1686],[107.554624,-7.168507],[107.554589,-7.168264],[107.554459,-7.167998],[107.554483,-7.167831],[107.554601,-7.16774],[107.555024,-7.167768],[107.555581,-7.167603],[107.555754,-7.167332],[107.555785,-7.166897],[107.555369,-7.166362],[107.555179,-7.166348],[107.555033,-7.166466],[107.554875,-7.166598],[107.554757,-7.166627],[107.554639,-7.166604],[107.554618,-7.166491],[107.554717,-7.16634],[107.554876,-7.166178],[107.554874,-7.166112],[107.554771,-7.165713],[107.554379,-7.16538],[107.554221,-7.164907],[107.554335,-7.164708],[107.554554,-7.16445],[107.555275,-7.16398],[107.555662,-7.16357],[107.555665,-7.163466],[107.555644,-7.163383],[107.555583,-7.163308],[107.555501,-7.163358],[107.555173,-7.163331],[107.555083,-7.163202],[107.555064,-7.163029],[107.555303,-7.162711],[107.555798,-7.162479],[107.555789,-7.162127],[107.555991,-7.161775],[107.556275,-7.161378]]}},{"type":"Feature","properties":{"name":"Ci Cukang","waterway":"stream","kelas":"anak","is_citarum":false},"geometry":{"type":"LineString","coordinates":[[107.566175,-6.955557],[107.566186,-6.955705],[107.566221,-6.955859],[107.566236,-6.955991],[107.566194,-6.956084],[107.566166,-6.956157],[107.56614,-6.95632],[107.566093,-6.956512],[107.566029,-6.956613],[107.565978,-6.956774],[107.565958,-6.956985],[107.565922,-6.957093],[107.565831,-6.957234],[107.565703,-6.957344],[107.565609,-6.957481],[107.565513,-6.957563],[107.565384,-6.957607],[107.565243,-6.95764],[107.565194,-6.957735],[107.565157,-6.957883],[107.565151,-6.95798],[107.565128,-6.958062],[107.565055,-6.958182],[107.565025,-6.958239],[107.56497,-6.958419],[107.564957,-6.958495],[107.564967,-6.958535],[107.565051,-6.958558],[107.565106,-6.958579],[107.565129,-6.958617],[107.565108,-6.958735],[107.56511,-6.958953],[107.565122,-6.959205],[107.565085,-6.959403],[107.565014,-6.959498],[107.564892,-6.959572],[107.564817,-6.959627],[107.56478,-6.959807],[107.564668,-6.959964],[107.5645,-6.960045],[107.564307,-6.960057],[107.564174,-6.960105],[107.564158,-6.960206],[107.564172,-6.960375],[107.564069,-6.960513],[107.564,-6.960632],[107.563992,-6.960708],[107.56404,-6.960747],[107.564067,-6.960801],[107.563914,-6.961148],[107.563849,-6.96116],[107.563721,-6.96111],[107.563636,-6.961162],[107.563544,-6.961277],[107.563481,-6.961356],[107.563392,-6.961463],[107.563325,-6.9616],[107.563335,-6.961669],[107.563337,-6.961743],[107.563262,-6.961838],[107.563213,-6.961897],[107.563168,-6.961992],[107.563118,-6.962056],[107.563073,-6.962129],[107.563063,-6.962446],[107.563036,-6.962732],[107.563046,-6.962886],[107.563081,-6.96297],[107.563126,-6.963076],[107.56317,-6.963144],[107.563286,-6.963262],[107.563494,-6.963432],[107.563639,-6.963569],[107.563654,-6.963651],[107.563659,-6.963738],[107.563545,-6.963984],[107.563469,-6.964197],[107.563459,-6.964333],[107.563472,-6.964395],[107.563631,-6.964685],[107.563735,-6.964869],[107.563748,-6.964942],[107.563749,-6.965078],[107.563732,-6.965234],[107.563704,-6.965497],[107.563712,-6.965571],[107.563755,-6.965769],[107.563746,-6.965874],[107.563708,-6.966128],[107.563702,-6.966286],[107.563702,-6.966544],[107.563688,-6.966939],[107.563692,-6.967107],[107.563714,-6.967448],[107.563736,-6.967619],[107.563781,-6.967795],[107.563854,-6.968041],[107.563874,-6.968263],[107.563842,-6.968463],[107.563818,-6.968628],[107.563818,-6.968755],[107.563828,-6.968919],[107.563757,-6.968973],[107.563734,-6.969004],[107.563765,-6.969056],[107.563738,-6.969094],[107.563661,-6.969129],[107.56361,-6.969197],[107.563564,-6.969306],[107.563401,-6.969542],[107.563277,-6.969639],[107.56312,-6.96976],[107.563047,-6.969829],[107.562978,-6.969968],[107.562872,-6.970091],[107.562781,-6.970168],[107.5627,-6.970279],[107.562651,-6.970347],[107.562639,-6.970444],[107.562496,-6.970944],[107.562397,-6.971376],[107.562267,-6.971606],[107.562222,-6.971707],[107.56221,-6.971857],[107.562206,-6.972],[107.562175,-6.972068],[107.562065,-6.972052],[107.561962,-6.972024],[107.561884,-6.97203],[107.56183,-6.972101],[107.561793,-6.972189],[107.561706,-6.972418],[107.56163,-6.972626],[107.56161,-6.972717],[107.561603,-6.97273],[107.561547,-6.972721],[107.561432,-6.972673],[107.561241,-6.972628],[107.561178,-6.972633],[107.56107,-6.97271],[107.561037,-6.972782],[107.561059,-6.972872],[107.561189,-6.973024],[107.561291,-6.973158],[107.561358,-6.973283],[107.561403,-6.973446],[107.561377,-6.973496],[107.561327,-6.973551],[107.561235,-6.97376],[107.561214,-6.973826],[107.561237,-6.973872],[107.5613,-6.973954],[107.561351,-6.974023],[107.561471,-6.974041],[107.561506,-6.97408],[107.561528,-6.974139],[107.561505,-6.974228],[107.561507,-6.974261],[107.561485,-6.974327],[107.561471,-6.974374],[107.561432,-6.974441],[107.561408,-6.974512],[107.561369,-6.974617],[107.561382,-6.974669],[107.561393,-6.9747],[107.561492,-6.974735],[107.561593,-6.974754],[107.561665,-6.974798],[107.56178,-6.974867],[107.561871,-6.974933],[107.561885,-6.974995],[107.561877,-6.97505],[107.561857,-6.975135],[107.561792,-6.975388],[107.561757,-6.975486],[107.561741,-6.975592],[107.561694,-6.975692],[107.561607,-6.975773],[107.561524,-6.975861],[107.56148,-6.975978],[107.56157,-6.976058],[107.561554,-6.9761],[107.561505,-6.976199],[107.561522,-6.976322],[107.561537,-6.976371],[107.561462,-6.976499],[107.561403,-6.976604],[107.561336,-6.976642],[107.56133,-6.976661],[107.56123,-6.976797],[107.561144,-6.976901],[107.561051,-6.976961],[107.560934,-6.976967],[107.560815,-6.976935],[107.560756,-6.976935],[107.56073,-6.976956],[107.560681,-6.977092],[107.560633,-6.977195],[107.560586,-6.977314],[107.560535,-6.977351],[107.56057,-6.977492],[107.560638,-6.977657],[107.560706,-6.977828],[107.560723,-6.978066],[107.560707,-6.978219],[107.560695,-6.978438],[107.560701,-6.978559],[107.560718,-6.978644],[107.560767,-6.978901],[107.56084,-6.978992],[107.560823,-6.979021],[107.560783,-6.979062],[107.560803,-6.97921],[107.560858,-6.979397],[107.560948,-6.979467],[107.56098,-6.979528],[107.560975,-6.979624],[107.561004,-6.979778],[107.561001,-6.979798],[107.560945,-6.979927],[107.560833,-6.980023],[107.560799,-6.980128],[107.56085,-6.980211],[107.560869,-6.980426],[107.560901,-6.980532],[107.560892,-6.980626],[107.560777,-6.980764],[107.560708,-6.980856],[107.560632,-6.980997],[107.560593,-6.981073],[107.560552,-6.981132],[107.560509,-6.981173],[107.56031,-6.981271],[107.56025,-6.981295],[107.560217,-6.981319],[107.560204,-6.981381],[107.560235,-6.981445],[107.560322,-6.981558],[107.560326,-6.981625],[107.560302,-6.981699],[107.560204,-6.981756],[107.560093,-6.981836],[107.56004,-6.981907],[107.560005,-6.981963],[107.559871,-6.982207],[107.559812,-6.982327],[107.55983,-6.982447],[107.559791,-6.982493],[107.559753,-6.982502],[107.55954,-6.982351],[107.559413,-6.982242],[107.559287,-6.982098],[107.559264,-6.981983],[107.559284,-6.981874],[107.559326,-6.981609],[107.559199,-6.981234],[107.559026,-6.98101],[107.55867,-6.980907],[107.558522,-6.980954],[107.558394,-6.98107],[107.558108,-6.981618],[107.557688,-6.981981],[107.557536,-6.982101],[107.557345,-6.982129],[107.557285,-6.982122],[107.557033,-6.982096]]}},{"type":"Feature","properties":{"name":"(canal)","waterway":"canal","kelas":"anak","is_citarum":false},"geometry":{"type":"LineString","coordinates":[[107.706931,-7.110522],[107.706498,-7.109254],[107.707092,-7.108917],[107.707276,-7.107934],[107.707729,-7.107512],[107.707658,-7.106262],[107.708055,-7.105686],[107.70872,-7.105602],[107.70865,-7.104633],[107.709088,-7.103691],[107.708763,-7.103312],[107.708917,-7.102648],[107.708934,-7.102574],[107.709088,-7.101907],[107.709204,-7.101234]]}},{"type":"Feature","properties":{"name":"Susukan Sukamanah","waterway":"stream","kelas":"anak","is_citarum":false},"geometry":{"type":"LineString","coordinates":[[107.62231,-6.953638],[107.622139,-6.953659],[107.622126,-6.953676],[107.622124,-6.953695],[107.622165,-6.953916],[107.622218,-6.954218],[107.622295,-6.954472],[107.622334,-6.954599],[107.622368,-6.954718],[107.622381,-6.954759]]}},{"type":"Feature","properties":{"name":"Ci Ojar","waterway":"stream","kelas":"anak","is_citarum":false},"geometry":{"type":"LineString","coordinates":[[107.886568,-7.1923],[107.886739,-7.192359]]}},{"type":"Feature","properties":{"name":"Ci Ojar","waterway":"stream","kelas":"anak","is_citarum":false},"geometry":{"type":"LineString","coordinates":[[107.882767,-7.192501],[107.883076,-7.192494],[107.883346,-7.192455],[107.883327,-7.192274],[107.883402,-7.192161],[107.883542,-7.192139],[107.883682,-7.192184],[107.884089,-7.192145],[107.885096,-7.192139],[107.885382,-7.192145],[107.885499,-7.192194],[107.885819,-7.192145],[107.886138,-7.192197],[107.886568,-7.1923]]}},{"type":"Feature","properties":{"name":"Ci Ojar","waterway":"stream","kelas":"anak","is_citarum":false},"geometry":{"type":"LineString","coordinates":[[107.882551,-7.192522],[107.882767,-7.192501]]}},{"type":"Feature","properties":{"name":"Ci Rangrang","waterway":"stream","kelas":"anak","is_citarum":false},"geometry":{"type":"LineString","coordinates":[[107.586951,-6.945644],[107.586862,-6.945725],[107.586771,-6.94583],[107.586628,-6.945923],[107.586536,-6.945936],[107.586393,-6.945923],[107.586283,-6.945946],[107.586141,-6.946005],[107.586072,-6.946084],[107.586068,-6.946142],[107.586065,-6.946188],[107.586078,-6.946248],[107.586098,-6.946292],[107.586082,-6.946417],[107.586054,-6.946549],[107.586026,-6.946653],[107.585987,-6.946788],[107.585965,-6.946888],[107.585959,-6.947009],[107.58595,-6.947088],[107.585954,-6.947175],[107.58596,-6.947266],[107.585998,-6.947318],[107.586027,-6.947445],[107.586013,-6.947558],[107.585986,-6.947659],[107.585878,-6.947873],[107.585803,-6.947952],[107.585722,-6.9482],[107.585657,-6.94847],[107.585592,-6.94871],[107.58548,-6.949251],[107.585346,-6.949919],[107.585216,-6.950448],[107.585114,-6.950736],[107.585055,-6.950944],[107.585021,-6.951118],[107.584936,-6.951464],[107.584861,-6.951822],[107.584854,-6.951859],[107.584831,-6.951945],[107.584795,-6.952154],[107.584783,-6.952219],[107.584764,-6.952349],[107.584765,-6.952405],[107.584735,-6.952518],[107.584753,-6.952667],[107.584752,-6.952699]]}},{"type":"Feature","properties":{"name":"(canal)","waterway":"canal","kelas":"anak","is_citarum":false},"geometry":{"type":"LineString","coordinates":[[107.686661,-6.979172],[107.686576,-6.979178],[107.686526,-6.979212],[107.686448,-6.979249],[107.686327,-6.979336],[107.686248,-6.979392],[107.686133,-6.979438],[107.685986,-6.979488],[107.685918,-6.979488],[107.685886,-6.979491],[107.685815,-6.979479],[107.685711,-6.979476],[107.685624,-6.979479],[107.685546,-6.979494],[107.685552,-6.979538],[107.685596,-6.979606],[107.685605,-6.979692],[107.685616,-6.979745],[107.685612,-6.979795],[107.685592,-6.979855],[107.685571,-6.979895],[107.685591,-6.980038],[107.685608,-6.980081],[107.685639,-6.980178],[107.685671,-6.980254],[107.685711,-6.980337],[107.68575,-6.980432],[107.685791,-6.98052],[107.685834,-6.980609],[107.685859,-6.980678],[107.685877,-6.980738],[107.68589,-6.980793],[107.685883,-6.980818],[107.685864,-6.980857],[107.685837,-6.980904],[107.685823,-6.980925],[107.685729,-6.981097],[107.685705,-6.981191],[107.685647,-6.981278],[107.68561,-6.981352],[107.685561,-6.98143],[107.685549,-6.981491],[107.685552,-6.981621],[107.685569,-6.981713],[107.68559,-6.981788],[107.685595,-6.981871],[107.685601,-6.98195],[107.685594,-6.982031],[107.68558,-6.98208],[107.685565,-6.982152],[107.685518,-6.982237],[107.685488,-6.982302],[107.685425,-6.982483],[107.685385,-6.982607],[107.685357,-6.982737],[107.685298,-6.982906],[107.685263,-6.983062],[107.68527,-6.983154],[107.685324,-6.983417],[107.685296,-6.983568],[107.685275,-6.983672],[107.685247,-6.983893],[107.685221,-6.983997],[107.685154,-6.984212],[107.685109,-6.984307],[107.68506,-6.984444],[107.685023,-6.984592],[107.684973,-6.984653],[107.684883,-6.984738],[107.684759,-6.984882]]}},{"type":"Feature","properties":{"name":"(canal)","waterway":"canal","kelas":"anak","is_citarum":false},"geometry":{"type":"LineString","coordinates":[[107.684759,-6.984882],[107.684699,-6.984993],[107.684597,-6.985126],[107.684549,-6.985234],[107.68451,-6.985314],[107.684545,-6.985615],[107.684565,-6.985884],[107.68459,-6.98611],[107.684568,-6.986271],[107.684558,-6.986474],[107.684574,-6.986728],[107.68465,-6.986868],[107.684754,-6.987048],[107.684866,-6.987264],[107.684979,-6.987437],[107.68504,-6.987545],[107.685067,-6.987669],[107.685126,-6.987778],[107.685204,-6.987868],[107.685206,-6.988021],[107.685196,-6.98813],[107.685211,-6.988217],[107.685238,-6.988249],[107.685329,-6.988255],[107.685444,-6.988233],[107.685556,-6.988205],[107.685639,-6.988179],[107.685737,-6.988165],[107.68581,-6.988179],[107.685858,-6.988228],[107.685879,-6.988303],[107.685919,-6.988355],[107.686003,-6.988408],[107.686141,-6.988462],[107.686305,-6.98853],[107.686496,-6.98859],[107.686674,-6.98865],[107.68685,-6.988711],[107.68698,-6.988758],[107.687063,-6.988823],[107.687107,-6.988895],[107.687159,-6.988966],[107.687234,-6.989064],[107.687331,-6.989179],[107.687392,-6.989279],[107.687426,-6.989329],[107.687433,-6.989413],[107.687433,-6.989493],[107.687443,-6.989573],[107.687454,-6.989667],[107.687483,-6.989734],[107.687515,-6.989813]]}},{"type":"Feature","properties":{"name":"(canal)","waterway":"canal","kelas":"anak","is_citarum":false},"geometry":{"type":"LineString","coordinates":[[107.687515,-6.989813],[107.687559,-6.989963]]}},{"type":"Feature","properties":{"name":"(canal)","waterway":"canal","kelas":"anak","is_citarum":false},"geometry":{"type":"LineString","coordinates":[[107.68727,-6.979234],[107.687167,-6.979232],[107.687036,-6.979233],[107.686934,-6.979234],[107.686786,-6.979224],[107.68671,-6.979196],[107.686661,-6.979172]]}},{"type":"Feature","properties":{"name":"(canal)","waterway":"canal","kelas":"anak","is_citarum":false},"geometry":{"type":"LineString","coordinates":[[107.687969,-6.976636],[107.687977,-6.976803],[107.687977,-6.976905],[107.687974,-6.977013],[107.687978,-6.977119],[107.687972,-6.977227],[107.687952,-6.977486],[107.687922,-6.977808],[107.687904,-6.977963],[107.687897,-6.978045],[107.687834,-6.978065],[107.687834,-6.978107],[107.687828,-6.978218],[107.687828,-6.978401],[107.68782,-6.978662],[107.687818,-6.978846],[107.687816,-6.978966],[107.687818,-6.979034],[107.687811,-6.979128],[107.687811,-6.979179],[107.687811,-6.979241],[107.687806,-6.979296],[107.687792,-6.97932],[107.687765,-6.979346],[107.687734,-6.979362],[107.687704,-6.979374],[107.687652,-6.979376],[107.687627,-6.979375],[107.6876,-6.979375],[107.687566,-6.979371],[107.68755,-6.979371],[107.687513,-6.979371],[107.687482,-6.97937],[107.68746,-6.97937],[107.687411,-6.97937],[107.687391,-6.97936],[107.687381,-6.979345],[107.68738,-6.979331],[107.687382,-6.979317],[107.687382,-6.97928],[107.687384,-6.979259],[107.687381,-6.979247],[107.687359,-6.97924],[107.687313,-6.979238],[107.68727,-6.979234]]}},{"type":"Feature","properties":{"name":"(canal)","waterway":"canal","kelas":"anak","is_citarum":false},"geometry":{"type":"LineString","coordinates":[[107.694712,-6.974356],[107.694558,-6.975625],[107.69454,-6.975805],[107.694507,-6.976554],[107.694487,-6.97675],[107.694477,-6.976772],[107.694431,-6.976776],[107.694137,-6.976855],[107.694055,-6.976861],[107.6937,-6.976831],[107.693427,-6.976778],[107.693124,-6.976704],[107.692895,-6.976663],[107.692724,-6.976651],[107.692574,-6.976607],[107.692082,-6.97647],[107.691976,-6.976472],[107.691647,-6.976526],[107.691348,-6.976518],[107.690821,-6.9765],[107.690354,-6.976474],[107.690149,-6.976474],[107.690124,-6.976732],[107.690146,-6.977],[107.690179,-6.97724],[107.690205,-6.977577],[107.690244,-6.978029],[107.69023,-6.978055],[107.690189,-6.978067],[107.688435,-6.978062],[107.68828,-6.978062],[107.688117,-6.978068],[107.687976,-6.978068],[107.687924,-6.978072],[107.687897,-6.978045]]}},{"type":"Feature","properties":{"name":"(canal)","waterway":"canal","kelas":"anak","is_citarum":false},"geometry":{"type":"LineString","coordinates":[[107.825041,-6.979219],[107.825028,-6.979208],[107.824986,-6.979191],[107.824933,-6.979173],[107.824889,-6.97916],[107.82484,-6.979153],[107.824794,-6.979142],[107.824749,-6.979128],[107.824698,-6.979106],[107.824663,-6.97909],[107.82463,-6.979083]]}},{"type":"Feature","properties":{"name":"(canal)","waterway":"canal","kelas":"anak","is_citarum":false},"geometry":{"type":"LineString","coordinates":[[107.82463,-6.979083],[107.824585,-6.979081],[107.824523,-6.979074],[107.824465,-6.979061],[107.824415,-6.979044],[107.82436,-6.979029],[107.824303,-6.97902],[107.824234,-6.979015],[107.824175,-6.979009],[107.824093,-6.979006],[107.824051,-6.978997],[107.823975,-6.97898],[107.823918,-6.978963],[107.823865,-6.978949],[107.823804,-6.978938],[107.823746,-6.978925],[107.823699,-6.978914],[107.823648,-6.978896],[107.823594,-6.978873],[107.823547,-6.978853],[107.823505,-6.978836],[107.823473,-6.978828],[107.823403,-6.978811],[107.823337,-6.978795],[107.823281,-6.978786],[107.82323,-6.978773],[107.823184,-6.978759],[107.823146,-6.978749],[107.823094,-6.978736],[107.823041,-6.978723],[107.822983,-6.978707],[107.822938,-6.978696],[107.822886,-6.978682],[107.822845,-6.978671],[107.82281,-6.978664],[107.822768,-6.978653],[107.82275,-6.978652],[107.822737,-6.978667],[107.822723,-6.978687],[107.822707,-6.978708],[107.822688,-6.97873],[107.822682,-6.978756],[107.822682,-6.978798],[107.822689,-6.978856],[107.822691,-6.978897],[107.822691,-6.978941],[107.822692,-6.978973],[107.822694,-6.979008],[107.822694,-6.979029],[107.822681,-6.979078],[107.822674,-6.9791],[107.822667,-6.97912],[107.822656,-6.979136],[107.822646,-6.979155],[107.822639,-6.979164],[107.822629,-6.97917],[107.822617,-6.979176],[107.822597,-6.979177],[107.822567,-6.979167],[107.822543,-6.979159],[107.822517,-6.979151],[107.822489,-6.979144],[107.822455,-6.979136],[107.822423,-6.97913],[107.822387,-6.979126],[107.822344,-6.979123],[107.822295,-6.97912],[107.82226,-6.979111],[107.822206,-6.979103],[107.822166,-6.979094],[107.822123,-6.979089],[107.822049,-6.979082],[107.822,-6.979072],[107.821937,-6.979062],[107.821854,-6.979049],[107.8218,-6.979041],[107.82174,-6.97903],[107.821658,-6.979016],[107.821613,-6.979017],[107.821595,-6.979013],[107.821588,-6.978996],[107.82156,-6.978982],[107.821525,-6.978978],[107.821488,-6.978971],[107.821453,-6.978967],[107.821415,-6.978955],[107.82139,-6.978945],[107.82135,-6.978936],[107.821322,-6.978934],[107.821278,-6.97893],[107.821228,-6.978919],[107.821183,-6.978908],[107.821128,-6.978898],[107.821076,-6.978889],[107.821025,-6.978878],[107.820956,-6.978868],[107.820907,-6.978868],[107.82087,-6.978872],[107.82083,-6.97888],[107.82078,-6.978867],[107.820712,-6.978863],[107.820637,-6.978854],[107.820577,-6.978852],[107.820466,-6.978845],[107.820401,-6.978841],[107.820343,-6.978839],[107.820306,-6.978837],[107.820266,-6.978824],[107.820226,-6.978815],[107.820167,-6.978808],[107.820108,-6.978802],[107.820057,-6.9788],[107.819948,-6.978792],[107.819876,-6.978791],[107.819816,-6.978781],[107.819745,-6.978775],[107.819703,-6.978774],[107.819638,-6.97877],[107.819595,-6.978771]]}},{"type":"Feature","properties":{"name":"(canal)","waterway":"canal","kelas":"anak","is_citarum":false},"geometry":{"type":"LineString","coordinates":[[107.819595,-6.978771],[107.819584,-6.978778]]}},{"type":"Feature","properties":{"name":"(canal)","waterway":"canal","kelas":"anak","is_citarum":false},"geometry":{"type":"LineString","coordinates":[[107.827969,-6.979996],[107.827964,-6.980067],[107.827947,-6.980141],[107.82793,-6.980207],[107.827912,-6.980274],[107.827896,-6.980346],[107.827886,-6.980414],[107.827875,-6.980484],[107.827865,-6.98053],[107.827857,-6.980581],[107.827848,-6.980636],[107.827843,-6.980693],[107.82783,-6.980745],[107.827826,-6.980772],[107.827814,-6.980812],[107.827803,-6.980854],[107.827793,-6.980889],[107.827781,-6.980938],[107.827773,-6.980965],[107.82776,-6.980979],[107.827745,-6.980985],[107.827715,-6.980985],[107.827684,-6.980981],[107.82765,-6.980976],[107.827619,-6.980974],[107.827607,-6.980974],[107.827599,-6.980982],[107.827595,-6.981009],[107.827592,-6.981041],[107.827589,-6.981072],[107.82759,-6.981101],[107.827587,-6.981122],[107.827582,-6.981159],[107.827575,-6.981206],[107.827571,-6.981253],[107.827568,-6.981293],[107.827564,-6.981342],[107.827562,-6.981385],[107.827556,-6.98143],[107.827554,-6.981466],[107.827554,-6.981488],[107.827548,-6.981503],[107.827536,-6.981524],[107.827522,-6.981554],[107.827515,-6.981578],[107.827502,-6.981622],[107.827502,-6.981641],[107.827508,-6.981663],[107.827518,-6.981685],[107.827525,-6.981703],[107.827531,-6.981737],[107.827531,-6.981757],[107.827526,-6.981779],[107.827525,-6.981795],[107.827523,-6.981813],[107.827523,-6.981839],[107.827529,-6.981862],[107.827531,-6.981886],[107.827531,-6.981898],[107.827528,-6.981915],[107.827521,-6.981935],[107.827506,-6.981954],[107.827493,-6.981978],[107.827482,-6.982007],[107.827474,-6.982033],[107.827467,-6.982052],[107.827455,-6.982091],[107.827445,-6.982116],[107.827432,-6.982146],[107.827428,-6.982168],[107.827417,-6.982194],[107.827405,-6.982224],[107.827394,-6.98225],[107.827383,-6.982281],[107.827371,-6.982314],[107.827354,-6.982347],[107.827344,-6.982377],[107.827331,-6.982413],[107.827316,-6.982442],[107.827304,-6.982477],[107.827297,-6.982494],[107.82729,-6.982519],[107.827276,-6.982546],[107.827277,-6.98258],[107.827279,-6.982603],[107.827279,-6.982621],[107.827279,-6.982641],[107.827277,-6.982665],[107.827265,-6.982706],[107.827253,-6.982745],[107.827239,-6.982792],[107.827229,-6.982827],[107.827212,-6.982889],[107.827196,-6.98295],[107.827183,-6.982991],[107.827165,-6.983046],[107.827141,-6.98311],[107.82712,-6.983178],[107.827099,-6.983239],[107.82708,-6.983301],[107.827074,-6.983318],[107.827075,-6.98334],[107.827079,-6.983355],[107.827093,-6.98337],[107.827132,-6.98338],[107.827183,-6.983395],[107.827223,-6.983412],[107.827274,-6.983429],[107.827318,-6.983448],[107.827373,-6.98347],[107.827439,-6.983496],[107.827504,-6.983521],[107.827513,-6.983525],[107.827509,-6.983537],[107.827496,-6.983592],[107.827484,-6.983636],[107.827464,-6.983699],[107.827445,-6.983773],[107.827436,-6.983816],[107.827427,-6.98385],[107.827417,-6.983887],[107.827409,-6.983917],[107.827403,-6.983947],[107.827402,-6.983955]]}},{"type":"Feature","properties":{"name":"(canal)","waterway":"canal","kelas":"anak","is_citarum":false},"geometry":{"type":"LineString","coordinates":[[107.827402,-6.983955],[107.827329,-6.983949],[107.827284,-6.983944],[107.827213,-6.983955],[107.827168,-6.98397],[107.827123,-6.983998],[107.827067,-6.984033],[107.82702,-6.984065],[107.826971,-6.984094],[107.826939,-6.984119],[107.826894,-6.98413],[107.826828,-6.984145],[107.826763,-6.984159],[107.82669,-6.984176],[107.826624,-6.984182],[107.826562,-6.984189],[107.826521,-6.984198],[107.8265,-6.984204],[107.826483,-6.984234],[107.826489,-6.984292],[107.826502,-6.984318],[107.826517,-6.984344],[107.826538,-6.984394],[107.826542,-6.984414],[107.82654,-6.98445],[107.826502,-6.984487],[107.826465,-6.984507]]}},{"type":"Feature","properties":{"name":"(canal)","waterway":"canal","kelas":"anak","is_citarum":false},"geometry":{"type":"LineString","coordinates":[[107.826465,-6.984507],[107.826412,-6.984519],[107.826335,-6.984526],[107.826217,-6.984537],[107.826071,-6.984533],[107.825987,-6.984537],[107.825921,-6.984537],[107.825837,-6.984533],[107.825713,-6.984537],[107.825629,-6.984535],[107.825544,-6.984537],[107.825451,-6.984545],[107.82534,-6.984545],[107.825267,-6.984543],[107.825183,-6.984532],[107.825096,-6.984526],[107.824965,-6.984528],[107.824907,-6.984535],[107.824839,-6.984533],[107.824781,-6.98452],[107.824733,-6.984515],[107.824667,-6.98453],[107.824613,-6.98455],[107.82456,-6.984558],[107.824511,-6.984563],[107.824437,-6.984571],[107.824386,-6.984572],[107.824345,-6.984574],[107.824305,-6.984572],[107.82424,-6.984554],[107.824193,-6.984533],[107.824165,-6.984511],[107.824137,-6.984479],[107.824095,-6.984439],[107.824077,-6.984411],[107.82403,-6.984373],[107.823979,-6.984334],[107.823893,-6.98426],[107.823853,-6.984226],[107.82381,-6.984185],[107.823779,-6.98415],[107.823743,-6.984117],[107.823728,-6.984076],[107.82369,-6.984057],[107.823662,-6.984038],[107.823627,-6.983998],[107.823606,-6.983962],[107.823584,-6.983942],[107.823557,-6.983932],[107.823537,-6.983932],[107.823512,-6.983951]]}},{"type":"Feature","properties":{"name":"(canal)","waterway":"canal","kelas":"anak","is_citarum":false},"geometry":{"type":"LineString","coordinates":[[107.773356,-6.97079],[107.773278,-6.970893],[107.773228,-6.97097],[107.773101,-6.971242],[107.773044,-6.97132],[107.772928,-6.971404],[107.772789,-6.971474],[107.772446,-6.972366],[107.772135,-6.972584],[107.771942,-6.972686],[107.770372,-6.973524],[107.766159,-6.9758],[107.76556,-6.976184],[107.765287,-6.976607],[107.764356,-6.979581],[107.763766,-6.980017],[107.763721,-6.980167],[107.761867,-6.986322],[107.761746,-6.986628],[107.761681,-6.986704],[107.76155,-6.986857],[107.760867,-6.987179],[107.76007,-6.987568],[107.754673,-6.990054],[107.754254,-6.990428],[107.753338,-6.991966],[107.752531,-6.993514],[107.752272,-6.993812],[107.752029,-6.993953],[107.751563,-6.994039],[107.751034,-6.994451]]}},{"type":"Feature","properties":{"name":"Ci Tarum","waterway":"stream","kelas":"anak","is_citarum":false},"geometry":{"type":"LineString","coordinates":[[107.646063,-7.197053],[107.646055,-7.197],[107.64606,-7.196914],[107.646384,-7.196702],[107.646409,-7.196654],[107.646417,-7.1966],[107.646441,-7.196553],[107.646645,-7.196454],[107.64668,-7.196409],[107.646739,-7.196316],[107.646776,-7.196273],[107.646991,-7.196207],[107.647042,-7.196225],[107.647098,-7.196231],[107.647208,-7.196231],[107.647262,-7.196246],[107.647358,-7.1963],[107.64754,-7.196374],[107.647679,-7.196387],[107.647771,-7.19648],[107.647921,-7.196552],[107.648034,-7.196565],[107.648126,-7.196618],[107.648163,-7.196669],[107.648104,-7.196777],[107.648281,-7.196842],[107.648505,-7.197009],[107.648729,-7.196925],[107.649218,-7.197004],[107.64968,-7.197163],[107.649917,-7.197148],[107.650071,-7.197105],[107.650136,-7.197137],[107.650278,-7.197206],[107.650478,-7.1972],[107.650469,-7.19739],[107.650681,-7.197494],[107.651042,-7.197515],[107.651254,-7.197747],[107.651368,-7.197683],[107.651513,-7.197772],[107.651624,-7.197915],[107.652286,-7.198083],[107.65248,-7.198083],[107.652551,-7.198386],[107.65301,-7.198236],[107.653192,-7.198129],[107.653346,-7.197827],[107.653577,-7.197726],[107.65387,-7.197802],[107.654012,-7.19787],[107.654403,-7.197781],[107.6546,-7.197799],[107.654724,-7.197906],[107.654896,-7.198291],[107.655007,-7.198383],[107.655189,-7.19834],[107.655192,-7.198264],[107.655414,-7.197952],[107.655537,-7.197845],[107.655651,-7.197931],[107.655903,-7.198041],[107.65603,-7.198123],[107.656095,-7.198288],[107.656199,-7.198401],[107.656406,-7.198469],[107.657041,-7.198738],[107.657301,-7.198754],[107.657401,-7.198741],[107.657634,-7.198626],[107.657806,-7.198653],[107.65802,-7.198629],[107.658066,-7.198642],[107.658114,-7.198738],[107.65817,-7.198807],[107.658256,-7.198815],[107.658361,-7.198852],[107.658425,-7.19885],[107.658479,-7.198818],[107.65853,-7.198831],[107.658599,-7.198903],[107.658675,-7.198914],[107.658868,-7.198879],[107.65897,-7.198898],[107.659047,-7.198895],[107.65909,-7.198874],[107.659206,-7.198759],[107.659353,-7.198581],[107.659356,-7.198549],[107.6593,-7.198437],[107.659332,-7.198334],[107.659487,-7.198152],[107.65993,-7.198033],[107.659994,-7.198028],[107.660099,-7.198057],[107.660381,-7.198022],[107.66049,-7.197937],[107.660535,-7.197941],[107.660721,-7.198192],[107.660799,-7.198363],[107.66103,-7.198482],[107.661188,-7.198597],[107.66125,-7.198616],[107.661413,-7.198573],[107.661459,-7.198581],[107.66151,-7.198634],[107.661515,-7.198797],[107.66155,-7.198884],[107.661587,-7.198906],[107.661735,-7.198871],[107.661794,-7.198938],[107.661818,-7.199047],[107.66258,-7.199105],[107.662762,-7.199105],[107.662851,-7.199071],[107.662894,-7.199036],[107.663082,-7.198993],[107.663183,-7.199017],[107.663299,-7.1991],[107.663342,-7.199158],[107.663366,-7.199244],[107.663315,-7.199377],[107.663312,-7.199603],[107.663391,-7.19966],[107.663375,-7.199794],[107.663307,-7.199829],[107.663366,-7.200178],[107.663411,-7.20026],[107.663452,-7.2003],[107.663607,-7.200633],[107.663787,-7.200771],[107.663814,-7.200867],[107.664003,-7.200942]]}},{"type":"Feature","properties":{"name":"Ci Ojar","waterway":"stream","kelas":"anak","is_citarum":false},"geometry":{"type":"LineString","coordinates":[[107.875393,-7.191751],[107.875509,-7.191714],[107.875596,-7.191693],[107.875653,-7.191679],[107.875736,-7.191675],[107.875783,-7.191681],[107.875835,-7.191699],[107.875882,-7.191704],[107.875922,-7.191708],[107.875966,-7.191691],[107.876019,-7.191675],[107.87606,-7.191656],[107.876099,-7.191636],[107.876143,-7.191621],[107.876177,-7.191611],[107.876212,-7.19161],[107.876243,-7.191598],[107.876274,-7.19159],[107.876314,-7.191578],[107.876349,-7.191573],[107.876381,-7.191567],[107.876402,-7.191557],[107.876449,-7.191552],[107.876503,-7.191542],[107.876541,-7.19154],[107.876576,-7.191534],[107.876614,-7.191527],[107.876676,-7.191517],[107.876722,-7.191511],[107.87677,-7.191498],[107.876808,-7.191496],[107.876855,-7.19149],[107.8769,-7.191483],[107.876955,-7.191485],[107.876994,-7.191494],[107.877077,-7.191501],[107.877129,-7.191496],[107.877168,-7.191488],[107.877206,-7.191478],[107.877231,-7.191472],[107.877265,-7.19146],[107.87734,-7.191459],[107.877374,-7.191458],[107.877423,-7.191454],[107.877455,-7.191454],[107.877537,-7.191448],[107.877619,-7.191461],[107.877714,-7.19148],[107.877803,-7.191492],[107.877911,-7.191518],[107.878026,-7.191541],[107.878112,-7.191562],[107.878181,-7.191576],[107.878259,-7.191597],[107.878347,-7.191617],[107.878461,-7.191655],[107.878522,-7.191667],[107.878593,-7.191695],[107.878681,-7.191696],[107.878778,-7.191729],[107.878865,-7.191744],[107.878946,-7.191759],[107.879011,-7.191776],[107.879082,-7.19178],[107.87913,-7.191784],[107.879181,-7.191795],[107.87924,-7.191805],[107.879297,-7.191818],[107.879368,-7.191829],[107.879445,-7.191846],[107.879535,-7.191876],[107.879656,-7.191906],[107.879752,-7.191936],[107.879839,-7.191953],[107.879919,-7.191959],[107.879973,-7.191979],[107.880034,-7.191986],[107.880091,-7.191999],[107.880152,-7.192014],[107.880188,-7.19202],[107.88022,-7.192027],[107.880237,-7.192034],[107.880409,-7.192134],[107.880577,-7.192409],[107.880619,-7.192448],[107.880788,-7.192475],[107.880933,-7.192467],[107.881062,-7.192477],[107.881336,-7.192564],[107.881613,-7.192593],[107.881895,-7.192628],[107.882061,-7.19254],[107.882551,-7.192522]]}},{"type":"Feature","properties":{"name":"Ci Ojar","waterway":"stream","kelas":"anak","is_citarum":false},"geometry":{"type":"LineString","coordinates":[[107.875171,-7.191751],[107.875288,-7.191751],[107.875393,-7.191751]]}},{"type":"Feature","properties":{"name":"(canal)","waterway":"canal","kelas":"anak","is_citarum":false},"geometry":{"type":"LineString","coordinates":[[107.825154,-6.979359],[107.825127,-6.97933],[107.825121,-6.979324]]}},{"type":"Feature","properties":{"name":"(canal)","waterway":"canal","kelas":"anak","is_citarum":false},"geometry":{"type":"LineString","coordinates":[[107.825121,-6.979324],[107.825041,-6.979219]]}},{"type":"Feature","properties":{"name":"Floodway Cisangkuy","waterway":"canal","kelas":"anak","is_citarum":false},"geometry":{"type":"LineString","coordinates":[[107.577466,-7.034541],[107.577383,-7.034366],[107.577352,-7.034301],[107.577114,-7.03399],[107.576935,-7.033804],[107.576558,-7.033578],[107.576063,-7.033398],[107.575038,-7.033159],[107.572234,-7.032391],[107.571885,-7.032299],[107.57134,-7.032085],[107.570779,-7.031766],[107.570223,-7.031343],[107.570041,-7.031196],[107.56964,-7.030873],[107.568363,-7.029824],[107.567775,-7.029332],[107.567379,-7.02903],[107.567155,-7.028824],[107.566926,-7.028425],[107.5668,-7.028027],[107.566766,-7.027425],[107.566759,-7.026389],[107.566753,-7.025584],[107.566769,-7.023819],[107.566708,-7.023287],[107.566652,-7.023002],[107.566554,-7.02273],[107.566504,-7.022394],[107.566555,-7.022176],[107.567236,-7.020477],[107.568331,-7.017461],[107.568574,-7.016815],[107.568924,-7.016171],[107.56935,-7.015549],[107.570059,-7.014547],[107.570268,-7.014138],[107.57041,-7.013651],[107.570461,-7.013237],[107.570438,-7.012801],[107.570266,-7.01153],[107.570203,-7.010974],[107.570185,-7.010427],[107.570358,-7.009589],[107.570808,-7.008076],[107.570997,-7.007572],[107.57162,-7.006612],[107.572069,-7.005952],[107.573856,-7.003343],[107.57444,-7.002648],[107.575295,-7.001836],[107.575822,-7.001429],[107.577297,-7.00008],[107.577712,-6.999587],[107.577988,-6.999135],[107.578045,-6.998917],[107.578116,-6.998595],[107.578181,-6.998301],[107.578165,-6.997821],[107.578006,-6.997115],[107.577741,-6.99613],[107.577589,-6.995851]]}},{"type":"Feature","properties":{"name":"Ci Panjalu","waterway":"stream","kelas":"anak","is_citarum":false},"geometry":{"type":"LineString","coordinates":[[107.68714,-6.945625],[107.687134,-6.945652],[107.68711,-6.945789],[107.68711,-6.945878],[107.68723,-6.945985],[107.687547,-6.946211],[107.687606,-6.946309],[107.687569,-6.946526],[107.68748,-6.946701],[107.687393,-6.94675],[107.687048,-6.946627],[107.686965,-6.946667],[107.686943,-6.946786],[107.686962,-6.946979],[107.686931,-6.947083],[107.686836,-6.947114],[107.68646,-6.947144],[107.686336,-6.947187],[107.686238,-6.947303],[107.686182,-6.947438],[107.686256,-6.94778],[107.686247,-6.94801],[107.686139,-6.948334],[107.686004,-6.948466],[107.685761,-6.948467],[107.685707,-6.948521],[107.685647,-6.948624],[107.685717,-6.948825],[107.685827,-6.949186],[107.685869,-6.949364],[107.685743,-6.949541],[107.685699,-6.949645],[107.685724,-6.949723],[107.685761,-6.949838],[107.68558,-6.950236],[107.685521,-6.950333],[107.685514,-6.950476],[107.685468,-6.950711],[107.685483,-6.950906],[107.685463,-6.95137],[107.685395,-6.951841],[107.685248,-6.952912],[107.685307,-6.95304],[107.685576,-6.953121],[107.685691,-6.95328],[107.685642,-6.953472],[107.685578,-6.953621],[107.685686,-6.953778],[107.68575,-6.953871],[107.685693,-6.953967],[107.685663,-6.954027],[107.685674,-6.954192],[107.685732,-6.954347],[107.685872,-6.954552],[107.685838,-6.954751],[107.685798,-6.95483],[107.68581,-6.954939],[107.685953,-6.955136],[107.685955,-6.955232],[107.685858,-6.955343],[107.685741,-6.955556],[107.685659,-6.955924],[107.685707,-6.95619],[107.685679,-6.956374],[107.685659,-6.956523],[107.685702,-6.956727],[107.685803,-6.956971],[107.686017,-6.957256],[107.686128,-6.957463],[107.686244,-6.957541],[107.686428,-6.957723],[107.686525,-6.957876],[107.686523,-6.958013],[107.686429,-6.958115],[107.686343,-6.958129],[107.686321,-6.958189],[107.686288,-6.958296],[107.68615,-6.958514],[107.686105,-6.958721],[107.686065,-6.959023],[107.68604,-6.959348],[107.686065,-6.959417],[107.686302,-6.95974],[107.686413,-6.959944],[107.686428,-6.960061],[107.68639,-6.960161],[107.686376,-6.960288],[107.686436,-6.960583],[107.686367,-6.960757],[107.686293,-6.961029],[107.686268,-6.961481],[107.686245,-6.961718],[107.686187,-6.962089],[107.686196,-6.962196],[107.686323,-6.962276],[107.687005,-6.962398],[107.687631,-6.962385],[107.688093,-6.962322],[107.688771,-6.962164],[107.690349,-6.961894],[107.69039,-6.961902],[107.690408,-6.961964],[107.690563,-6.962872],[107.690663,-6.96313],[107.690808,-6.963439],[107.690903,-6.963568],[107.691232,-6.963979],[107.691615,-6.964602],[107.692004,-6.965101],[107.692333,-6.965409],[107.692581,-6.965694],[107.692597,-6.965716],[107.692798,-6.965984],[107.692869,-6.966082],[107.692909,-6.96607],[107.69323,-6.96581],[107.693335,-6.965785],[107.693403,-6.965782],[107.693778,-6.965761],[107.694015,-6.965882],[107.694356,-6.965971],[107.694474,-6.966043],[107.69463,-6.966203],[107.69473,-6.966309],[107.694799,-6.966382],[107.695043,-6.96649],[107.695177,-6.966474],[107.695349,-6.966351],[107.695474,-6.966305],[107.695605,-6.966313],[107.695699,-6.966368],[107.695817,-6.966518],[107.695912,-6.966552],[107.696155,-6.96657],[107.696231,-6.966627],[107.696318,-6.966758],[107.696436,-6.966815],[107.696663,-6.966871],[107.697363,-6.967007],[107.698201,-6.967189],[107.698619,-6.967353],[107.699178,-6.967604],[107.699463,-6.967729],[107.699651,-6.967748],[107.699757,-6.967753],[107.699817,-6.967783],[107.699925,-6.967887],[107.700056,-6.968043],[107.700161,-6.968113],[107.700307,-6.968194],[107.700483,-6.968252],[107.700583,-6.968404],[107.700589,-6.968414],[107.700738,-6.968539],[107.700814,-6.968651],[107.700943,-6.969062],[107.700955,-6.969094],[107.700977,-6.96915],[107.70106,-6.96923],[107.701106,-6.969331],[107.701115,-6.969426],[107.701137,-6.969491],[107.701248,-6.969582],[107.70138,-6.969585],[107.701818,-6.969624],[107.701871,-6.969615],[107.701953,-6.969551],[107.702022,-6.969498],[107.702083,-6.969471],[107.702142,-6.969478],[107.702213,-6.969526],[107.702324,-6.969623],[107.702455,-6.969726],[107.702567,-6.969775],[107.702734,-6.969818],[107.702916,-6.969835],[107.703264,-6.969864],[107.703662,-6.969681],[107.703973,-6.96953],[107.704122,-6.969484],[107.704335,-6.969485],[107.704517,-6.969568],[107.704759,-6.969755]]}},{"type":"Feature","properties":{"name":"(canal)","waterway":"canal","kelas":"anak","is_citarum":false},"geometry":{"type":"LineString","coordinates":[[107.707962,-7.043797],[107.707808,-7.043551],[107.707719,-7.043345],[107.707662,-7.043119],[107.707648,-7.042809],[107.707669,-7.042626],[107.707756,-7.042285],[107.707938,-7.041722],[107.708191,-7.040971],[107.708305,-7.040596],[107.708352,-7.040306],[107.708396,-7.040123],[107.708377,-7.039905],[107.708331,-7.039734],[107.708338,-7.039592],[107.708412,-7.039351],[107.70845,-7.039112],[107.708454,-7.038779],[107.70845,-7.038654],[107.708527,-7.038299],[107.708578,-7.03804],[107.708557,-7.037755],[107.708506,-7.037504],[107.708412,-7.036941],[107.708356,-7.036575],[107.708307,-7.036278],[107.708273,-7.0362],[107.708254,-7.036169],[107.708097,-7.035952],[107.707861,-7.035611],[107.707742,-7.035451],[107.707626,-7.035388],[107.707362,-7.035279],[107.707266,-7.035235],[107.707166,-7.035157],[107.707032,-7.035025],[107.706946,-7.034967],[107.70675,-7.034925],[107.706596,-7.034909],[107.706416,-7.034881],[107.706283,-7.034816],[107.706241,-7.034758],[107.706229,-7.03461],[107.706214,-7.034048],[107.706205,-7.033904],[107.706147,-7.033811],[107.706001,-7.033662],[107.705947,-7.033556],[107.705933,-7.033494],[107.705934,-7.033404],[107.705968,-7.033348],[107.706089,-7.033119],[107.706148,-7.032976],[107.706253,-7.032653],[107.706357,-7.032307],[107.706392,-7.032211],[107.706365,-7.03211],[107.706132,-7.031711],[107.705934,-7.03144],[107.705738,-7.031226],[107.705526,-7.031029],[107.705402,-7.030942],[107.705233,-7.030942],[107.70511,-7.030931],[107.705032,-7.030888],[107.704987,-7.030806],[107.705019,-7.030542]]}},{"type":"Feature","properties":{"name":"(canal)","waterway":"canal","kelas":"anak","is_citarum":false},"geometry":{"type":"LineString","coordinates":[[107.708028,-7.043972],[107.708013,-7.043918],[107.708006,-7.043867],[107.707996,-7.043852]]}},{"type":"Feature","properties":{"name":"(canal)","waterway":"canal","kelas":"anak","is_citarum":false},"geometry":{"type":"LineString","coordinates":[[107.707996,-7.043852],[107.707962,-7.043797]]}},{"type":"Feature","properties":{"name":"(canal)","waterway":"canal","kelas":"anak","is_citarum":false},"geometry":{"type":"LineString","coordinates":[[107.550129,-7.176456],[107.550277,-7.176384],[107.550374,-7.176105],[107.550637,-7.175666],[107.550991,-7.175378],[107.551573,-7.17511],[107.552028,-7.17484],[107.552255,-7.174615],[107.552821,-7.173802],[107.552923,-7.173558]]}},{"type":"Feature","properties":{"name":"(canal)","waterway":"canal","kelas":"anak","is_citarum":false},"geometry":{"type":"LineString","coordinates":[[107.555445,-7.1704],[107.555455,-7.170252],[107.555467,-7.170213],[107.555479,-7.170192],[107.555482,-7.170173]]}},{"type":"Feature","properties":{"name":"(canal)","waterway":"canal","kelas":"anak","is_citarum":false},"geometry":{"type":"LineString","coordinates":[[107.553957,-7.17174],[107.554033,-7.171691],[107.554116,-7.17156],[107.554192,-7.171418],[107.554405,-7.171052],[107.55477,-7.170704],[107.555126,-7.170471],[107.555241,-7.170435],[107.555354,-7.170433],[107.555425,-7.170433],[107.555442,-7.170416],[107.555445,-7.1704]]}},{"type":"Feature","properties":{"name":"(canal)","waterway":"canal","kelas":"anak","is_citarum":false},"geometry":{"type":"LineString","coordinates":[[107.552923,-7.173558],[107.553038,-7.172978],[107.5531,-7.172737],[107.553177,-7.172597],[107.553263,-7.172484],[107.553271,-7.172466],[107.553508,-7.171956],[107.553609,-7.17184],[107.553749,-7.171776],[107.553855,-7.171757],[107.553957,-7.17174]]}},{"type":"Feature","properties":{"name":"Ci Guriang","waterway":"stream","kelas":"anak","is_citarum":false},"geometry":{"type":"LineString","coordinates":[[107.605651,-6.968174],[107.605645,-6.96837],[107.605559,-6.968623],[107.605439,-6.968899],[107.605337,-6.969223],[107.605278,-6.969556],[107.605432,-6.969896],[107.605439,-6.970113],[107.605405,-6.970416],[107.605309,-6.970596],[107.605251,-6.970657],[107.605158,-6.970663],[107.605093,-6.970669],[107.605047,-6.970697],[107.605023,-6.97074],[107.604915,-6.971287],[107.604899,-6.971413],[107.604853,-6.971495],[107.604893,-6.971691],[107.604912,-6.971929],[107.604912,-6.972046],[107.604875,-6.972192],[107.604819,-6.972281],[107.604835,-6.972397],[107.604859,-6.972614],[107.604847,-6.972783],[107.604862,-6.972932],[107.604822,-6.973046],[107.604677,-6.97348],[107.60457,-6.973663],[107.604403,-6.973792],[107.604336,-6.973835],[107.604215,-6.974095],[107.604178,-6.974223],[107.604252,-6.97433],[107.604246,-6.974452],[107.6042,-6.974602],[107.604123,-6.974755],[107.604117,-6.974829],[107.604077,-6.974939],[107.604028,-6.974998],[107.603981,-6.975036],[107.603947,-6.975083],[107.603893,-6.975192],[107.603887,-6.975313],[107.603893,-6.975409],[107.603877,-6.975464],[107.603752,-6.975695],[107.603545,-6.975932],[107.603359,-6.976018],[107.603251,-6.976171],[107.603097,-6.976426],[107.60303,-6.976512],[107.602909,-6.976687],[107.602869,-6.976754],[107.602777,-6.976802],[107.602686,-6.976847],[107.602608,-6.976916],[107.602517,-6.977055],[107.60245,-6.977152],[107.602411,-6.977266],[107.602398,-6.977418],[107.602401,-6.977629],[107.602405,-6.977774],[107.602348,-6.977944],[107.602292,-6.978032],[107.602209,-6.97808],[107.602048,-6.978117],[107.601981,-6.978098],[107.601903,-6.978104],[107.601814,-6.978165],[107.601723,-6.97821],[107.60164,-6.978239],[107.601544,-6.978256],[107.601463,-6.978285],[107.601401,-6.978389],[107.601369,-6.978474],[107.601318,-6.978532],[107.601243,-6.978607],[107.601187,-6.978682],[107.601122,-6.978716],[107.601106,-6.978743],[107.601031,-6.978764],[107.600935,-6.978753],[107.60086,-6.978783],[107.600809,-6.978793]]}},{"type":"Feature","properties":{"name":"Ci Rangrang","waterway":"stream","kelas":"anak","is_citarum":false},"geometry":{"type":"LineString","coordinates":[[107.584688,-6.953282],[107.584871,-6.953418],[107.58525,-6.95368],[107.585354,-6.95372],[107.585414,-6.953769],[107.585437,-6.953812],[107.585447,-6.953901],[107.585465,-6.953975],[107.58549,-6.95402],[107.585558,-6.954084],[107.585598,-6.954122],[107.585606,-6.95417],[107.585634,-6.954263],[107.585681,-6.954359],[107.585726,-6.954458],[107.585707,-6.954551],[107.585718,-6.954644],[107.585739,-6.954728],[107.585738,-6.954793],[107.585645,-6.954849],[107.585562,-6.954901],[107.585535,-6.954992],[107.585571,-6.955062],[107.585641,-6.955265],[107.585658,-6.955361],[107.585666,-6.95543],[107.585649,-6.955496],[107.585604,-6.955572],[107.585554,-6.955727],[107.585504,-6.955855],[107.585449,-6.955927],[107.585416,-6.956011],[107.585409,-6.956118],[107.585401,-6.956244],[107.585366,-6.956294],[107.585215,-6.956435],[107.585172,-6.956539],[107.58517,-6.956649],[107.585101,-6.956825],[107.58505,-6.956968],[107.585002,-6.95706],[107.584924,-6.957173],[107.584798,-6.957312],[107.584788,-6.957333],[107.584801,-6.957446],[107.584825,-6.957498],[107.584864,-6.957544],[107.584902,-6.957575],[107.58491,-6.957618],[107.58491,-6.957716],[107.584925,-6.957892],[107.584958,-6.95802],[107.584979,-6.958153],[107.584956,-6.958257],[107.584884,-6.958329],[107.58479,-6.958464],[107.584781,-6.958561],[107.584792,-6.958642],[107.584817,-6.95877],[107.584827,-6.958837],[107.58481,-6.958979],[107.584778,-6.959141],[107.584744,-6.959335],[107.584682,-6.95956],[107.584553,-6.959722],[107.584466,-6.959838],[107.584411,-6.95997],[107.58436,-6.960028],[107.584213,-6.96014],[107.584086,-6.960331],[107.583997,-6.96042],[107.583915,-6.960451],[107.583877,-6.960531],[107.583884,-6.960622],[107.583884,-6.960688],[107.583855,-6.960814],[107.583844,-6.960907],[107.583919,-6.961159],[107.58399,-6.961452],[107.583984,-6.961599],[107.58395,-6.961722],[107.583928,-6.96178],[107.583703,-6.961966],[107.583546,-6.962318],[107.583435,-6.962379],[107.583397,-6.962498],[107.583432,-6.962613],[107.583422,-6.962778],[107.583428,-6.962867],[107.58345,-6.962968],[107.58345,-6.963107],[107.583436,-6.9632],[107.583416,-6.963295],[107.583454,-6.96347],[107.58355,-6.963805],[107.583625,-6.964182],[107.583686,-6.964485],[107.583698,-6.964574],[107.58369,-6.96488],[107.583716,-6.965546],[107.583737,-6.965766],[107.583716,-6.966059],[107.583694,-6.966245],[107.583625,-6.96665],[107.583617,-6.966861],[107.583617,-6.966882],[107.583624,-6.967055],[107.583643,-6.967107],[107.583687,-6.967162],[107.583741,-6.967304],[107.583753,-6.967499],[107.583799,-6.967585],[107.583861,-6.967622],[107.584025,-6.967622],[107.584105,-6.967634],[107.584158,-6.96772],[107.584332,-6.968019],[107.584401,-6.968112],[107.584433,-6.968433],[107.584404,-6.968702],[107.584443,-6.968827],[107.584491,-6.968976],[107.584494,-6.969071],[107.584445,-6.969398],[107.584431,-6.96948],[107.584394,-6.969568],[107.584381,-6.969628],[107.584411,-6.969668],[107.584461,-6.969689],[107.584539,-6.969688],[107.584586,-6.969721],[107.584604,-6.969765],[107.584537,-6.96986],[107.58448,-6.970006],[107.584429,-6.97005],[107.58434,-6.970055],[107.584187,-6.97006],[107.584144,-6.970171],[107.584103,-6.970324],[107.58408,-6.970501],[107.584034,-6.970761],[107.584031,-6.970861],[107.584063,-6.971016],[107.584093,-6.971186],[107.584144,-6.97133],[107.584121,-6.971539],[107.584061,-6.971709],[107.583973,-6.971828],[107.58393,-6.971842],[107.583863,-6.971846],[107.583767,-6.971863],[107.583693,-6.971926],[107.583619,-6.972081],[107.583495,-6.972162],[107.583329,-6.972246],[107.583247,-6.972285],[107.583191,-6.972355],[107.583035,-6.972457],[107.582968,-6.972506],[107.582964,-6.97258],[107.582907,-6.972685],[107.582858,-6.97277],[107.582865,-6.9729],[107.582893,-6.973103],[107.582943,-6.973279],[107.583021,-6.97337],[107.583063,-6.973465],[107.583123,-6.973602],[107.583152,-6.9737],[107.583162,-6.973806],[107.583244,-6.973876],[107.583343,-6.97396],[107.583382,-6.97401],[107.583353,-6.97409],[107.583318,-6.974206],[107.58329,-6.974322],[107.58324,-6.974663],[107.583166,-6.974888],[107.583141,-6.975056],[107.583145,-6.975201],[107.583212,-6.975295],[107.583272,-6.975418],[107.583283,-6.975559],[107.583275,-6.975752],[107.583247,-6.975889],[107.583226,-6.976051],[107.583191,-6.97624],[107.583194,-6.976363],[107.583184,-6.977228],[107.58323,-6.977351],[107.583283,-6.977431],[107.583452,-6.977582],[107.583617,-6.9776],[107.58381,-6.977542],[107.583963,-6.977552],[107.584089,-6.977584],[107.58419,-6.977568],[107.5843,-6.977532],[107.584394,-6.977479],[107.584481,-6.977471],[107.584611,-6.977451],[107.5848,-6.977497],[107.584967,-6.977574],[107.585176,-6.977701],[107.585327,-6.97782],[107.585581,-6.977953],[107.585731,-6.978068],[107.585804,-6.978095],[107.586006,-6.978155],[107.586168,-6.978232],[107.586243,-6.978278],[107.586412,-6.978353],[107.586547,-6.978407],[107.58659,-6.978537],[107.586681,-6.978607],[107.586766,-6.978628],[107.586875,-6.978688],[107.586974,-6.978797],[107.587134,-6.978885],[107.587296,-6.978976],[107.587509,-6.979015],[107.588033,-6.979053],[107.588273,-6.979116],[107.588702,-6.979183],[107.588847,-6.979275],[107.589014,-6.979348]]}},{"type":"Feature","properties":{"name":"Ci Rangrang","waterway":"stream","kelas":"anak","is_citarum":false},"geometry":{"type":"LineString","coordinates":[[107.584752,-6.952699],[107.584746,-6.952876],[107.584702,-6.953031],[107.584643,-6.953145],[107.584628,-6.953203],[107.584688,-6.953282]]}},{"type":"Feature","properties":{"name":"(canal)","waterway":"canal","kelas":"anak","is_citarum":false},"geometry":{"type":"LineString","coordinates":[[107.693514,-6.954689],[107.693522,-6.954652],[107.693534,-6.954619],[107.693549,-6.954607],[107.693725,-6.954532],[107.694156,-6.95436]]}},{"type":"Feature","properties":{"name":"(canal)","waterway":"canal","kelas":"anak","is_citarum":false},"geometry":{"type":"LineString","coordinates":[[107.692146,-6.954512],[107.6924,-6.954832],[107.692451,-6.954857],[107.692766,-6.95478],[107.692801,-6.954786],[107.692854,-6.954796],[107.692927,-6.954838],[107.692999,-6.954943],[107.693105,-6.955139],[107.693175,-6.955275],[107.693206,-6.95529],[107.693568,-6.955057],[107.693585,-6.955035],[107.693583,-6.955004]]}},{"type":"Feature","properties":{"name":"(canal)","waterway":"canal","kelas":"anak","is_citarum":false},"geometry":{"type":"LineString","coordinates":[[107.694156,-6.95436],[107.694241,-6.954311],[107.694283,-6.954265],[107.694338,-6.954223]]}},{"type":"Feature","properties":{"name":"Sungai Cigeureuh","waterway":"stream","kelas":"anak","is_citarum":false},"geometry":{"type":"LineString","coordinates":[[107.62839,-7.137058],[107.627714,-7.137111],[107.627488,-7.137111],[107.627242,-7.137079],[107.627059,-7.136962],[107.626995,-7.136749],[107.626963,-7.136536],[107.626952,-7.136323],[107.626829,-7.136051],[107.626668,-7.136004],[107.626432,-7.135993],[107.626319,-7.136009],[107.626088,-7.135812],[107.625606,-7.135642],[107.625514,-7.135583],[107.625428,-7.135312],[107.625375,-7.135205],[107.625133,-7.134918],[107.625021,-7.134881],[107.624436,-7.134881],[107.624323,-7.13487],[107.624098,-7.134779],[107.624009,-7.134634],[107.623964,-7.13459],[107.62369,-7.133981],[107.623621,-7.133757],[107.623572,-7.133656],[107.62346,-7.133363],[107.62313,-7.13306],[107.622902,-7.132828],[107.622738,-7.13269],[107.622489,-7.132483],[107.622382,-7.132163],[107.622349,-7.131862],[107.62228,-7.131772],[107.622135,-7.131437],[107.622135,-7.131138],[107.621966,-7.130569],[107.621907,-7.130436],[107.621732,-7.130116],[107.621636,-7.129914],[107.621496,-7.129707],[107.621338,-7.129619],[107.621217,-7.129512],[107.621035,-7.129456],[107.620815,-7.129334],[107.620643,-7.129233],[107.620552,-7.12902],[107.620343,-7.128897],[107.620155,-7.12877],[107.619817,-7.128653],[107.619587,-7.128605],[107.619034,-7.128567],[107.618932,-7.128621],[107.618825,-7.128658],[107.618712,-7.128674],[107.618246,-7.12878],[107.618133,-7.128791],[107.617897,-7.128791],[107.617773,-7.128775],[107.617682,-7.128706],[107.617376,-7.12853],[107.617183,-7.128402],[107.617044,-7.128376],[107.616722,-7.128248],[107.61662,-7.128195],[107.616507,-7.128163],[107.616287,-7.128174],[107.61618,-7.128163],[107.615837,-7.12803],[107.615644,-7.127897],[107.615569,-7.127806],[107.615204,-7.127285],[107.615145,-7.127088],[107.615019,-7.126963],[107.614989,-7.126891],[107.614903,-7.126822],[107.614748,-7.126641],[107.614635,-7.126587],[107.614523,-7.126561],[107.614313,-7.126444],[107.614195,-7.126252],[107.614051,-7.125933],[107.61389,-7.125635],[107.613788,-7.125459],[107.613578,-7.12514],[107.613353,-7.12498],[107.613053,-7.124698],[107.612972,-7.124607],[107.612865,-7.124394],[107.612795,-7.124299],[107.612339,-7.124054],[107.612103,-7.12391],[107.611975,-7.123777],[107.611771,-7.123351],[107.611647,-7.123154],[107.611599,-7.123053],[107.611374,-7.122723],[107.611283,-7.122238],[107.61132,-7.121887],[107.61132,-7.121759],[107.611309,-7.121648],[107.611277,-7.121531],[107.611197,-7.121312],[107.611073,-7.120828],[107.610902,-7.120365],[107.610848,-7.120269],[107.610703,-7.120093],[107.610633,-7.119891],[107.610478,-7.119577],[107.610027,-7.119646],[107.609802,-7.119657],[107.609679,-7.119636],[107.609571,-7.119582],[107.609485,-7.119502],[107.609341,-7.119316],[107.609206,-7.119119],[107.609072,-7.118715],[107.609094,-7.118597],[107.609094,-7.118363],[107.609072,-7.118257],[107.609029,-7.118156],[107.608874,-7.117975],[107.608686,-7.117826],[107.60845,-7.117581],[107.60838,-7.11749],[107.608182,-7.117357],[107.608069,-7.117309],[107.607978,-7.117246],[107.60794,-7.117134],[107.607887,-7.116894],[107.607865,-7.116665],[107.607833,-7.116548],[107.607597,-7.116271],[107.607404,-7.116106],[107.607307,-7.116037],[107.606986,-7.115851],[107.606894,-7.115787],[107.606674,-7.115723],[107.606347,-7.115553],[107.60587,-7.115207],[107.6058,-7.115111],[107.605846,-7.114839],[107.605738,-7.114733],[107.605593,-7.114685],[107.6054,-7.114603],[107.605119,-7.114467],[107.604904,-7.114233],[107.604625,-7.113865],[107.604175,-7.113493],[107.603855,-7.113367],[107.603709,-7.113293],[107.603526,-7.1132],[107.603312,-7.113032],[107.603078,-7.11294],[107.602871,-7.112833],[107.602774,-7.112763],[107.602699,-7.112678],[107.602388,-7.112189],[107.60234,-7.112093],[107.602056,-7.1118],[107.601871,-7.111369],[107.601799,-7.111299],[107.601738,-7.11125],[107.601653,-7.11114],[107.601562,-7.111055],[107.60139,-7.110863],[107.601235,-7.110719],[107.60116,-7.110379],[107.601085,-7.110251],[107.601004,-7.11015],[107.600827,-7.10999],[107.600602,-7.109915],[107.600489,-7.1099],[107.600371,-7.109868],[107.600269,-7.109814],[107.600098,-7.10966],[107.60006,-7.109538],[107.599926,-7.109335],[107.599803,-7.109271],[107.599583,-7.109229],[107.599475,-7.109144],[107.599395,-7.109069],[107.599363,-7.108952],[107.599363,-7.108835],[107.59932,-7.108574],[107.599288,-7.108468],[107.599223,-7.108366],[107.5991,-7.108239],[107.599014,-7.108079],[107.598912,-7.107999],[107.598676,-7.107871],[107.598392,-7.107744],[107.598301,-7.107674],[107.59807,-7.107531],[107.597925,-7.10736],[107.597716,-7.107254],[107.597619,-7.10719],[107.597281,-7.107073],[107.597072,-7.106977],[107.596605,-7.106924],[107.59652,-7.106855],[107.596407,-7.106833],[107.596058,-7.106833],[107.595838,-7.10686],[107.59527,-7.106871],[107.595157,-7.106887],[107.594519,-7.106908],[107.594288,-7.106935],[107.594057,-7.106982],[107.593792,-7.107124],[107.593652,-7.107169],[107.593599,-7.107198],[107.593556,-7.107238],[107.593532,-7.107291],[107.59348,-7.107495],[107.593462,-7.107565],[107.59344,-7.107619],[107.593403,-7.107669],[107.593231,-7.107824],[107.59317,-7.107856],[107.592947,-7.107933],[107.592832,-7.107919],[107.592783,-7.10789],[107.592727,-7.107792],[107.592703,-7.107683],[107.592657,-7.107576],[107.592628,-7.107531],[107.59252,-7.107454],[107.592467,-7.107443],[107.592311,-7.107448],[107.591836,-7.107608],[107.591777,-7.107597],[107.591659,-7.107557],[107.591611,-7.107523],[107.591533,-7.107443],[107.591469,-7.107352],[107.591338,-7.107201],[107.591177,-7.107171],[107.591064,-7.107187],[107.590683,-7.107384],[107.59034,-7.107477],[107.590104,-7.107472],[107.589894,-7.107344],[107.589849,-7.107302],[107.589701,-7.107118],[107.589607,-7.107038],[107.589581,-7.10698],[107.589473,-7.106836],[107.589388,-7.106623],[107.589291,-7.106474],[107.589157,-7.106485],[107.589004,-7.10645],[107.588862,-7.106338],[107.588704,-7.106024],[107.588669,-7.105974],[107.588516,-7.105811],[107.588256,-7.105755],[107.58814,-7.10571],[107.587942,-7.105598],[107.587843,-7.105521],[107.587818,-7.105465],[107.587818,-7.105407],[107.587867,-7.105271],[107.58784,-7.105157],[107.587789,-7.105048],[107.587725,-7.104949],[107.587679,-7.104821],[107.587588,-7.104747],[107.587537,-7.104725],[107.587355,-7.104723],[107.587239,-7.104699],[107.587143,-7.104643],[107.587102,-7.104603],[107.58703,-7.104358],[107.587041,-7.104236],[107.587035,-7.104172],[107.586979,-7.104065],[107.586899,-7.103964],[107.586732,-7.103892],[107.586603,-7.103887],[107.586413,-7.103908],[107.58633,-7.1039],[107.586276,-7.103863],[107.586174,-7.103714],[107.586158,-7.103658],[107.586156,-7.103599],[107.586038,-7.103389],[107.585978,-7.103347],[107.585874,-7.103296],[107.585834,-7.103256],[107.585761,-7.103128],[107.585579,-7.102953],[107.585228,-7.102833],[107.584975,-7.1027],[107.584833,-7.102604],[107.584785,-7.102559],[107.584718,-7.10246],[107.584589,-7.10233],[107.584541,-7.102306],[107.58427,-7.10229],[107.58416,-7.102255],[107.584077,-7.102181],[107.584026,-7.102157],[107.583742,-7.102117],[107.583605,-7.102146],[107.583422,-7.102146],[107.583186,-7.10212],[107.58302,-7.102122],[107.582854,-7.102104],[107.582763,-7.102109],[107.582556,-7.102194],[107.582312,-7.102221],[107.582076,-7.102298],[107.581966,-7.102341],[107.58188,-7.102426],[107.581834,-7.102455],[107.581625,-7.102551],[107.581572,-7.102559],[107.581515,-7.102538],[107.581368,-7.102439],[107.581113,-7.102386],[107.580673,-7.102261],[107.580552,-7.102245],[107.580429,-7.102117],[107.580373,-7.102021],[107.580327,-7.101973],[107.580281,-7.101872],[107.58023,-7.101707],[107.580196,-7.101665],[107.580003,-7.101505],[107.579815,-7.101505],[107.579691,-7.101489],[107.579552,-7.10134],[107.579364,-7.101212],[107.579187,-7.101153],[107.578983,-7.101153],[107.578865,-7.101143],[107.578651,-7.101159],[107.578468,-7.101015],[107.578388,-7.100925],[107.578286,-7.100855],[107.578168,-7.100813],[107.577626,-7.100669],[107.577487,-7.100765],[107.577374,-7.100781],[107.577267,-7.100776],[107.576977,-7.100706],[107.576516,-7.100658],[107.576183,-7.100504],[107.576087,-7.100429],[107.575985,-7.100371],[107.575759,-7.100286],[107.575545,-7.100249],[107.575427,-7.100238],[107.574821,-7.10027],[107.574284,-7.100323],[107.573874,-7.100315],[107.57349,-7.100217],[107.5733,-7.100238],[107.573176,-7.100267],[107.573058,-7.100225],[107.572718,-7.099825],[107.572669,-7.099796],[107.572605,-7.099796],[107.572506,-7.099844],[107.572369,-7.09995],[107.572299,-7.100073],[107.572112,-7.100275],[107.571999,-7.100323],[107.571832,-7.100264],[107.571634,-7.100147],[107.571452,-7.10002],[107.57135,-7.099945],[107.571108,-7.099706],[107.570931,-7.099567],[107.570819,-7.099572],[107.570658,-7.09961],[107.570438,-7.099727],[107.57033,-7.099759],[107.57017,-7.099737],[107.569885,-7.099551],[107.569799,-7.099477],[107.56951,-7.099285],[107.569408,-7.099237],[107.5693,-7.099205],[107.569252,-7.099195],[107.569006,-7.099232],[107.568888,-7.099264],[107.568678,-7.099354],[107.568571,-7.09937],[107.568453,-7.09937],[107.56834,-7.099354],[107.56811,-7.099227],[107.567927,-7.099088],[107.56782,-7.099045],[107.567482,-7.09921],[107.567359,-7.099312],[107.567133,-7.09929],[107.567026,-7.099317],[107.566903,-7.099375],[107.566795,-7.099413],[107.566693,-7.099466],[107.566613,-7.09954],[107.566511,-7.099583],[107.56628,-7.099498],[107.565846,-7.099386],[107.565615,-7.099445],[107.565497,-7.099434],[107.565256,-7.099445],[107.565089,-7.099546],[107.565041,-7.099647],[107.56488,-7.099828],[107.564773,-7.099865],[107.564666,-7.099855],[107.564553,-7.099801],[107.564435,-7.099775],[107.564194,-7.09978],[107.564059,-7.099807],[107.563947,-7.099807],[107.563834,-7.099796],[107.563721,-7.099764],[107.563663,-7.099674],[107.563577,-7.099344],[107.563528,-7.099232],[107.563453,-7.099136],[107.563367,-7.099067],[107.563249,-7.099003],[107.563142,-7.098971],[107.563029,-7.098966],[107.562922,-7.099024],[107.562708,-7.099109],[107.562488,-7.099168],[107.56238,-7.099173],[107.562268,-7.099147],[107.562166,-7.099088],[107.562059,-7.099072],[107.561946,-7.099099],[107.56186,-7.099173],[107.561758,-7.099237],[107.561536,-7.09929],[107.56145,-7.099325],[107.56139,-7.099383]]}},{"type":"Feature","properties":{"name":"Ci Tarum","waterway":"stream","kelas":"anak","is_citarum":false},"geometry":{"type":"LineString","coordinates":[[107.664003,-7.200942],[107.664149,-7.200936],[107.664346,-7.201003],[107.664433,-7.201119],[107.664537,-7.201318],[107.664648,-7.201388],[107.664759,-7.201501],[107.664805,-7.201675],[107.665005,-7.201646],[107.665058,-7.201639],[107.665419,-7.201663],[107.665566,-7.201703],[107.665742,-7.201495],[107.665964,-7.201403],[107.66625,-7.201159],[107.666512,-7.201134],[107.666968,-7.201119],[107.66707,-7.200972],[107.667239,-7.200783],[107.667381,-7.200823],[107.667588,-7.200887],[107.667717,-7.200697],[107.667939,-7.200566],[107.66849,-7.200514],[107.668928,-7.200581],[107.66931,-7.200544],[107.669803,-7.20059],[107.670166,-7.2007],[107.670404,-7.200823],[107.670718,-7.200813],[107.670826,-7.20078],[107.671051,-7.20066],[107.671174,-7.200667],[107.671399,-7.200709],[107.671568,-7.200826],[107.671645,-7.200954],[107.671747,-7.201156],[107.671744,-7.201342],[107.672147,-7.201431],[107.672397,-7.201501],[107.672641,-7.201479],[107.67292,-7.201357],[107.673097,-7.201091],[107.673258,-7.201022],[107.673565,-7.200947],[107.673756,-7.200789],[107.673788,-7.200704],[107.673908,-7.200701],[107.674022,-7.200753],[107.674117,-7.200813],[107.674149,-7.200929],[107.674216,-7.201027],[107.674358,-7.201077],[107.674496,-7.201017],[107.674652,-7.200718],[107.674758,-7.200606],[107.674899,-7.20048],[107.674892,-7.20036],[107.674938,-7.20022],[107.675016,-7.200283],[107.675115,-7.200381],[107.675232,-7.200409],[107.675374,-7.200336],[107.675451,-7.200388],[107.675501,-7.20055],[107.675664,-7.200659],[107.675752,-7.200592],[107.675777,-7.200437],[107.676322,-7.199935],[107.676651,-7.199897],[107.676938,-7.200005],[107.677065,-7.199914],[107.677444,-7.199388],[107.677571,-7.199254],[107.677575,-7.19917],[107.677487,-7.199082],[107.677267,-7.198801],[107.677239,-7.19865],[107.677302,-7.198496],[107.677568,-7.19838],[107.677982,-7.198264],[107.678212,-7.198131],[107.678304,-7.197916],[107.678488,-7.197769],[107.678676,-7.197727],[107.678906,-7.197656],[107.678969,-7.197569],[107.678955,-7.197368],[107.678998,-7.197207],[107.679433,-7.196937],[107.679642,-7.197003],[107.679769,-7.196961],[107.67978,-7.196579],[107.679794,-7.196322],[107.679911,-7.19614],[107.680569,-7.196041],[107.680944,-7.195866],[107.681433,-7.195992],[107.681843,-7.196133],[107.68207,-7.196038],[107.682569,-7.195767],[107.682962,-7.19555],[107.683369,-7.195515],[107.6835,-7.195381],[107.683627,-7.195051],[107.683793,-7.194865],[107.683921,-7.194921],[107.684119,-7.195177],[107.684222,-7.195346],[107.684452,-7.195335],[107.684767,-7.195255],[107.685004,-7.19522],[107.685389,-7.195402],[107.685577,-7.195525],[107.685733,-7.195511],[107.685892,-7.1953],[107.686023,-7.194995],[107.686225,-7.194714],[107.686363,-7.194682],[107.686572,-7.194556],[107.686749,-7.194114],[107.68688,-7.193945],[107.68717,-7.193913],[107.687311,-7.19398],[107.687446,-7.1941],[107.687729,-7.194117],[107.687906,-7.193945],[107.688079,-7.193952],[107.688157,-7.194036],[107.688238,-7.194222],[107.68833,-7.194446],[107.688555,-7.194514],[107.688706,-7.194512],[107.688803,-7.194317],[107.688951,-7.194195],[107.68905,-7.194155],[107.689335,-7.194022],[107.689506,-7.193834],[107.689673,-7.19349],[107.689721,-7.193304],[107.689624,-7.192894],[107.689651,-7.192745],[107.689844,-7.192559],[107.689994,-7.192399],[107.690032,-7.192016],[107.69007,-7.191712],[107.690236,-7.191531],[107.69044,-7.191478],[107.690735,-7.191537],[107.690879,-7.191398],[107.690928,-7.190951],[107.691212,-7.190392],[107.691904,-7.189504],[107.692215,-7.189019],[107.692258,-7.188695],[107.692387,-7.188466],[107.692666,-7.188349],[107.693004,-7.188343],[107.69317,-7.188349],[107.693444,-7.188173],[107.693669,-7.188152],[107.693814,-7.188024],[107.693846,-7.187657],[107.693851,-7.187444],[107.69398,-7.187279],[107.694163,-7.187093],[107.694334,-7.186869],[107.69449,-7.186113],[107.694549,-7.185938],[107.694704,-7.185943],[107.694865,-7.185858],[107.695101,-7.185602],[107.695241,-7.185405],[107.695251,-7.185225],[107.695203,-7.1849],[107.695176,-7.184495],[107.695117,-7.184304],[107.694844,-7.184086],[107.694645,-7.183942],[107.694586,-7.183788],[107.694511,-7.18292],[107.694474,-7.182648],[107.694645,-7.182446],[107.694914,-7.182127],[107.694951,-7.181967],[107.69486,-7.181856],[107.694844,-7.181664],[107.694999,-7.181387],[107.695139,-7.181126],[107.69494,-7.180881],[107.694828,-7.180626],[107.694828,-7.180147],[107.694868,-7.179795]]}},{"type":"Feature","properties":{"name":"Ci Cukang","waterway":"stream","kelas":"anak","is_citarum":false},"geometry":{"type":"LineString","coordinates":[[107.567414,-6.949605],[107.567466,-6.949635],[107.567545,-6.94983],[107.567564,-6.950039],[107.567551,-6.950302],[107.567571,-6.950365],[107.567608,-6.95041],[107.567628,-6.950587],[107.567598,-6.950713],[107.567557,-6.950874],[107.567448,-6.951269],[107.56737,-6.951522],[107.567346,-6.95166],[107.567262,-6.95194],[107.567136,-6.952331],[107.567113,-6.95253],[107.567093,-6.952575],[107.567048,-6.952627],[107.567028,-6.952704],[107.566991,-6.952756],[107.56698,-6.952821],[107.566981,-6.952891],[107.56701,-6.953031],[107.567033,-6.953112],[107.567023,-6.953411],[107.566956,-6.953746],[107.566935,-6.953838],[107.566835,-6.954215],[107.566791,-6.954267],[107.566691,-6.954263],[107.566461,-6.954199],[107.566327,-6.954194],[107.56623,-6.954192],[107.566144,-6.954233],[107.56612,-6.954326],[107.566126,-6.95457],[107.56611,-6.954814],[107.566083,-6.955187],[107.566087,-6.955367],[107.566091,-6.955375]]}},{"type":"Feature","properties":{"name":"Ci Cukang","waterway":"stream","kelas":"anak","is_citarum":false},"geometry":{"type":"LineString","coordinates":[[107.566091,-6.955375],[107.566175,-6.955557]]}},{"type":"Feature","properties":{"name":"Ci Manggung","waterway":"stream","kelas":"anak","is_citarum":false},"geometry":{"type":"LineString","coordinates":[[107.847028,-6.965167],[107.847009,-6.965212],[107.846968,-6.965341],[107.846973,-6.965521],[107.846972,-6.965588],[107.846905,-6.965666],[107.846876,-6.965695],[107.846834,-6.965689],[107.8468,-6.965735],[107.846826,-6.965827],[107.846868,-6.965918],[107.846861,-6.966134],[107.846814,-6.966294],[107.846789,-6.966431],[107.846756,-6.966588],[107.846777,-6.966611],[107.846835,-6.966637],[107.846927,-6.966674],[107.846936,-6.966758],[107.846932,-6.96681],[107.846892,-6.966854],[107.846814,-6.966926],[107.846766,-6.966982],[107.84673,-6.967021],[107.846642,-6.967077],[107.846504,-6.967077],[107.846465,-6.967207],[107.846415,-6.96734],[107.846376,-6.967421],[107.846313,-6.967491],[107.846323,-6.967576],[107.846359,-6.96766],[107.846199,-6.967741],[107.846058,-6.967815],[107.846054,-6.967899],[107.8461,-6.967969],[107.84603,-6.968036],[107.845916,-6.968127],[107.845831,-6.968215],[107.845817,-6.968349],[107.845736,-6.968426],[107.845605,-6.968447],[107.845442,-6.968457],[107.845382,-6.968478],[107.845378,-6.968563],[107.845435,-6.968629],[107.84547,-6.968703],[107.845414,-6.968752],[107.845262,-6.968728],[107.845177,-6.968738],[107.845116,-6.968865],[107.844961,-6.968865],[107.844688,-6.968802],[107.844589,-6.968805],[107.844465,-6.968876],[107.844306,-6.968868],[107.844221,-6.968767],[107.84397,-6.968781],[107.843807,-6.968861],[107.843754,-6.968963],[107.843687,-6.969086],[107.843641,-6.969181],[107.843577,-6.969199],[107.843543,-6.969234]]}},{"type":"Feature","properties":{"name":"Ci Manggung","waterway":"stream","kelas":"anak","is_citarum":false},"geometry":{"type":"LineString","coordinates":[[107.843543,-6.969234],[107.84351,-6.969269],[107.843414,-6.969304],[107.843308,-6.969308],[107.843212,-6.969286],[107.843145,-6.969294],[107.843025,-6.969294],[107.842979,-6.969315],[107.842872,-6.969265],[107.842745,-6.969255],[107.842604,-6.969297],[107.842515,-6.969311],[107.842444,-6.969353],[107.842356,-6.969346],[107.84226,-6.969311],[107.842179,-6.969308],[107.842064,-6.969316]]}},{"type":"Feature","properties":{"name":"Ci Guriang","waterway":"stream","kelas":"anak","is_citarum":false},"geometry":{"type":"LineString","coordinates":[[107.600809,-6.978793],[107.600639,-6.979128],[107.600576,-6.979397],[107.600411,-6.979599],[107.600304,-6.979845],[107.600181,-6.9801],[107.600109,-6.980306],[107.599981,-6.980698],[107.599949,-6.980978],[107.599932,-6.981249],[107.59976,-6.982044],[107.599679,-6.982308],[107.599674,-6.982417],[107.599701,-6.982513],[107.599711,-6.982534],[107.599752,-6.982616],[107.599768,-6.98267],[107.599801,-6.98276],[107.599863,-6.983034]]}},{"type":"Feature","properties":{"name":"(canal)","waterway":"canal","kelas":"anak","is_citarum":false},"geometry":{"type":"LineString","coordinates":[[107.693583,-6.955004],[107.693562,-6.954938],[107.693542,-6.954875],[107.693519,-6.954823],[107.693502,-6.954778],[107.693501,-6.954755],[107.693514,-6.954689]]}},{"type":"Feature","properties":{"name":"(canal)","waterway":"canal","kelas":"anak","is_citarum":false},"geometry":{"type":"LineString","coordinates":[[107.553697,-7.190089],[107.554416,-7.189418]]}},{"type":"Feature","properties":{"name":"(canal)","waterway":"canal","kelas":"anak","is_citarum":false},"geometry":{"type":"LineString","coordinates":[[107.554416,-7.189418],[107.555067,-7.188786]]}},{"type":"Feature","properties":{"name":"(canal)","waterway":"canal","kelas":"anak","is_citarum":false},"geometry":{"type":"LineString","coordinates":[[107.563984,-7.177482],[107.563959,-7.17744],[107.563945,-7.177325],[107.563926,-7.177188],[107.563884,-7.177134],[107.563839,-7.177111],[107.563778,-7.177095],[107.563735,-7.177099],[107.563684,-7.177126]]}},{"type":"Feature","properties":{"name":"(canal)","waterway":"canal","kelas":"anak","is_citarum":false},"geometry":{"type":"LineString","coordinates":[[107.563684,-7.177126],[107.563592,-7.177171],[107.563438,-7.177173],[107.563365,-7.177164],[107.563244,-7.177111],[107.563137,-7.177008],[107.563048,-7.176845],[107.562984,-7.176643],[107.56299,-7.176505],[107.562955,-7.176329],[107.56281,-7.176137],[107.56263,-7.17594],[107.562432,-7.175823],[107.562153,-7.175664],[107.561828,-7.175464],[107.561517,-7.175307],[107.561246,-7.175203],[107.560956,-7.175062],[107.560747,-7.174825],[107.560665,-7.174476],[107.560425,-7.174188],[107.56015,-7.174046],[107.559883,-7.173959],[107.559367,-7.173811],[107.559046,-7.17368],[107.558428,-7.173426],[107.557541,-7.172888],[107.556814,-7.172276],[107.556272,-7.171677],[107.556007,-7.17117],[107.555748,-7.170852],[107.555464,-7.170674],[107.555162,-7.170742],[107.554742,-7.170991],[107.554379,-7.171377],[107.554178,-7.171682],[107.554096,-7.171784],[107.553932,-7.171813]]}},{"type":"Feature","properties":{"name":"(canal)","waterway":"canal","kelas":"anak","is_citarum":false},"geometry":{"type":"LineString","coordinates":[[107.553932,-7.171813],[107.553895,-7.171813],[107.553869,-7.1718],[107.553855,-7.171757]]}},{"type":"Feature","properties":{"name":"(canal)","waterway":"canal","kelas":"anak","is_citarum":false},"geometry":{"type":"LineString","coordinates":[[107.549423,-7.176643],[107.549498,-7.176618],[107.550098,-7.176465],[107.550129,-7.176456]]}},{"type":"Feature","properties":{"name":"(canal)","waterway":"canal","kelas":"anak","is_citarum":false},"geometry":{"type":"LineString","coordinates":[[107.554262,-7.168927],[107.55424,-7.168935],[107.554219,-7.168926],[107.554204,-7.168909],[107.554178,-7.168881],[107.554152,-7.168846],[107.554132,-7.168821],[107.554122,-7.168807],[107.554018,-7.168671],[107.554004,-7.168648]]}},{"type":"Feature","properties":{"name":"(canal)","waterway":"canal","kelas":"anak","is_citarum":false},"geometry":{"type":"LineString","coordinates":[[107.554237,-7.168897],[107.554204,-7.168909]]}},{"type":"Feature","properties":{"name":"(canal)","waterway":"canal","kelas":"anak","is_citarum":false},"geometry":{"type":"LineString","coordinates":[[107.554212,-7.168866],[107.554178,-7.168881]]}},{"type":"Feature","properties":{"name":"(canal)","waterway":"canal","kelas":"anak","is_citarum":false},"geometry":{"type":"LineString","coordinates":[[107.554188,-7.168831],[107.554152,-7.168846]]}},{"type":"Feature","properties":{"name":"(canal)","waterway":"canal","kelas":"anak","is_citarum":false},"geometry":{"type":"LineString","coordinates":[[107.554168,-7.168807],[107.554132,-7.168821]]}},{"type":"Feature","properties":{"name":"Saluran PLTA Lamajan","waterway":"canal","kelas":"anak","is_citarum":false},"geometry":{"type":"LineString","coordinates":[[107.554004,-7.168648],[107.553939,-7.168463]]}},{"type":"Feature","properties":{"name":"(canal)","waterway":"canal","kelas":"anak","is_citarum":false},"geometry":{"type":"LineString","coordinates":[[107.554197,-7.168785],[107.554224,-7.168778],[107.55433,-7.168764],[107.554384,-7.16875],[107.554431,-7.168698],[107.554494,-7.168601]]}},{"type":"Feature","properties":{"name":"(canal)","waterway":"canal","kelas":"anak","is_citarum":false},"geometry":{"type":"LineString","coordinates":[[107.554122,-7.168807],[107.554197,-7.168785]]}},{"type":"Feature","properties":{"name":"Saluran PLTA Lamajan","waterway":"canal","kelas":"anak","is_citarum":false},"geometry":{"type":"LineString","coordinates":[[107.549219,-7.157874],[107.549234,-7.157805],[107.5504,-7.157186],[107.550982,-7.15708],[107.551598,-7.156544],[107.551723,-7.156325],[107.551722,-7.156047],[107.551475,-7.155961],[107.550507,-7.156165],[107.550223,-7.156091],[107.54986,-7.155807],[107.549862,-7.155403],[107.55013,-7.154983],[107.550824,-7.154225],[107.551352,-7.153142],[107.551407,-7.152184],[107.551628,-7.150964],[107.552128,-7.150024],[107.552011,-7.149639],[107.551574,-7.149449],[107.550933,-7.149364],[107.550156,-7.149584],[107.549275,-7.150379],[107.548924,-7.150794],[107.548382,-7.151057],[107.547673,-7.151173],[107.547094,-7.1511],[107.546143,-7.150976],[107.546117,-7.150909]]}},{"type":"Feature","properties":{"name":"(canal)","waterway":"canal","kelas":"anak","is_citarum":false},"geometry":{"type":"LineString","coordinates":[[107.548806,-7.193288],[107.54931,-7.192841],[107.550319,-7.192351],[107.551113,-7.192106],[107.55211,-7.191734],[107.552668,-7.191276],[107.553119,-7.190786],[107.553697,-7.190089]]}},{"type":"Feature","properties":{"name":"Saluran PLTA Lamajan","waterway":"canal","kelas":"anak","is_citarum":false},"geometry":{"type":"LineString","coordinates":[[107.553862,-7.168255],[107.553764,-7.167987],[107.553772,-7.167908],[107.553995,-7.167669],[107.554322,-7.167302],[107.554379,-7.167067],[107.55429,-7.166817],[107.554228,-7.166605],[107.554326,-7.166145],[107.554322,-7.165995],[107.554161,-7.165874],[107.553758,-7.165424],[107.553659,-7.165236],[107.553686,-7.164937],[107.553706,-7.164356],[107.553613,-7.16397]]}},{"type":"Feature","properties":{"name":"Saluran PLTA Lamajan","waterway":"canal","kelas":"anak","is_citarum":false},"geometry":{"type":"LineString","coordinates":[[107.553613,-7.16397],[107.553648,-7.163714]]}},{"type":"Feature","properties":{"name":"Saluran PLTA Lamajan","waterway":"canal","kelas":"anak","is_citarum":false},"geometry":{"type":"LineString","coordinates":[[107.553648,-7.163714],[107.554162,-7.162448],[107.554725,-7.161557],[107.555116,-7.161138],[107.555322,-7.160658],[107.554963,-7.160367],[107.554123,-7.159974],[107.553416,-7.159733],[107.552843,-7.159293],[107.552541,-7.158957],[107.552061,-7.158786],[107.551568,-7.158773],[107.551315,-7.15862],[107.551124,-7.158339],[107.550988,-7.157905],[107.550717,-7.15782],[107.550212,-7.157823],[107.54937,-7.158079],[107.549323,-7.15805]]}},{"type":"Feature","properties":{"name":"Saluran PLTA Lamajan","waterway":"canal","kelas":"anak","is_citarum":false},"geometry":{"type":"LineString","coordinates":[[107.55093,-7.143777],[107.550955,-7.143766]]}},{"type":"Feature","properties":{"name":"(canal)","waterway":"canal","kelas":"anak","is_citarum":false},"geometry":{"type":"LineString","coordinates":[[107.553643,-7.141157],[107.553623,-7.141059]]}},{"type":"Feature","properties":{"name":"(canal)","waterway":"canal","kelas":"anak","is_citarum":false},"geometry":{"type":"LineString","coordinates":[[107.553683,-7.141127],[107.553661,-7.141021]]}},{"type":"Feature","properties":{"name":"(canal)","waterway":"canal","kelas":"anak","is_citarum":false},"geometry":{"type":"LineString","coordinates":[[107.553716,-7.141104],[107.553697,-7.140994]]}},{"type":"Feature","properties":{"name":"(canal)","waterway":"canal","kelas":"anak","is_citarum":false},"geometry":{"type":"LineString","coordinates":[[107.553697,-7.140994],[107.553691,-7.140961]]}},{"type":"Feature","properties":{"name":"(canal)","waterway":"canal","kelas":"anak","is_citarum":false},"geometry":{"type":"LineString","coordinates":[[107.553661,-7.141021],[107.553654,-7.140991]]}},{"type":"Feature","properties":{"name":"(canal)","waterway":"canal","kelas":"anak","is_citarum":false},"geometry":{"type":"LineString","coordinates":[[107.553623,-7.141059],[107.553616,-7.141021]]}},{"type":"Feature","properties":{"name":"(canal)","waterway":"canal","kelas":"anak","is_citarum":false},"geometry":{"type":"LineString","coordinates":[[107.550064,-7.114621],[107.550125,-7.114533]]}},{"type":"Feature","properties":{"name":"(canal)","waterway":"canal","kelas":"anak","is_citarum":false},"geometry":{"type":"LineString","coordinates":[[107.550124,-7.114672],[107.550184,-7.114584]]}},{"type":"Feature","properties":{"name":"(canal)","waterway":"canal","kelas":"anak","is_citarum":false},"geometry":{"type":"LineString","coordinates":[[107.550207,-7.114745],[107.550279,-7.114663]]}},{"type":"Feature","properties":{"name":"(canal)","waterway":"canal","kelas":"anak","is_citarum":false},"geometry":{"type":"LineString","coordinates":[[107.550279,-7.114663],[107.550296,-7.114643]]}},{"type":"Feature","properties":{"name":"(canal)","waterway":"canal","kelas":"anak","is_citarum":false},"geometry":{"type":"LineString","coordinates":[[107.550184,-7.114584],[107.550208,-7.114554]]}},{"type":"Feature","properties":{"name":"(canal)","waterway":"canal","kelas":"anak","is_citarum":false},"geometry":{"type":"LineString","coordinates":[[107.550125,-7.114533],[107.55018,-7.11445]]}},{"type":"Feature","properties":{"name":"(canal)","waterway":"canal","kelas":"anak","is_citarum":false},"geometry":{"type":"LineString","coordinates":[[107.555047,-7.208458],[107.554143,-7.206962]]}},{"type":"Feature","properties":{"name":"Saluran PLTA Lamajan","waterway":"canal","kelas":"anak","is_citarum":false},"geometry":{"type":"LineString","coordinates":[[107.549562,-7.145237],[107.549873,-7.145076],[107.550073,-7.14496],[107.550477,-7.144784],[107.550619,-7.144619],[107.550674,-7.14435],[107.550705,-7.144099],[107.550715,-7.144035],[107.550771,-7.143927],[107.55086,-7.143846],[107.55093,-7.143777],[107.550939,-7.14375]]}},{"type":"Feature","properties":{"name":"Saluran PLTA Lamajan","waterway":"canal","kelas":"anak","is_citarum":false},"geometry":{"type":"LineString","coordinates":[[107.553939,-7.168463],[107.553862,-7.168255]]}},{"type":"Feature","properties":{"name":"(canal)","waterway":"canal","kelas":"anak","is_citarum":false},"geometry":{"type":"LineString","coordinates":[[107.683362,-6.985986],[107.68345,-6.986014]]}},{"type":"Feature","properties":{"name":"(canal)","waterway":"canal","kelas":"anak","is_citarum":false},"geometry":{"type":"LineString","coordinates":[[107.683261,-6.985954],[107.683362,-6.985986]]}},{"type":"Feature","properties":{"name":"(canal)","waterway":"canal","kelas":"anak","is_citarum":false},"geometry":{"type":"LineString","coordinates":[[107.68345,-6.986014],[107.683544,-6.986043],[107.683748,-6.986119],[107.683788,-6.986127],[107.683815,-6.98611],[107.683846,-6.986032],[107.68387,-6.986009],[107.683976,-6.985981],[107.684212,-6.985946],[107.684421,-6.985918],[107.684565,-6.985884]]}}]}